evidence_record_id,candidate_id,legacy_item_id,record_origin,observation_role,observation_year,observed_price,observation_date,evidence_grade_or_text,comparability,decision_status,source_type,source_url,semantic_note,origin_sheet,origin_key,legacy_category,brand_or_retailer,item_or_campaign,legacy_release_id
MIG-00001,LEG-EC-227,TPI-001,LEGACY_MASTER,BASELINE,2020,5.5,43848,B,A,Matched,MASTER-SNAPSHOT,https://www.4freeapp.com/2019/08/2019_11.html,同名同規格；2020與2026公開菜單。,Master,TPI-001,正餐／小吃／早餐,八方雲集,招牌鍋貼,v0.5-measurement-20260912
MIG-00002,LEG-EC-227,TPI-001,LEGACY_MASTER,CURRENT_2026,2026,7,46271,B,A,Matched,MASTER-SNAPSHOT,https://dailydietitian.com.tw/%E5%85%AB%E6%96%B9%E9%9B%B2%E9%9B%86%E6%9C%80%E6%96%B0%E8%8F%9C%E5%96%AE%E5%83%B9%E6%A0%BC/,同名同規格；2020與2026公開菜單。,Master,TPI-001,正餐／小吃／早餐,八方雲集,招牌鍋貼,v0.5-measurement-20260912
MIG-00003,LEG-EC-218,TPI3-R001,LEGACY_MASTER,BASELINE,2020,114,43952,B,A,Matched,MASTER-SNAPSHOT,https://mypaper.pchome.com.tw/nowdz41416/post/1380357989,v0.3新增。FOOD_ONLY_ANALYTICAL_PRICE=78+50=128；不是官方含飲料套餐掛牌價。飲料不納入核心，且不使用促銷組合算術。 v0.3 historical rebuild：2020-05-01同一菜單：大麥克72＋中薯42。FOOD-ONLY分析價114只由兩個無條件正常食物單點價相加，不含飲料、不是促銷套餐算術。,Master,TPI3-R001,正餐／小吃／早餐,麥當勞,大麥克食物套餐（大麥克＋中薯；不含飲料）,v0.5-measurement-20260912
MIG-00004,LEG-EC-218,TPI3-R001,LEGACY_MASTER,CURRENT_2026,2026,128,46276,B,A,Matched,MASTER-SNAPSHOT,https://www.mcdonalds.com/tw/zh-tw/full-menu/extra-value-meals.html,v0.3新增。FOOD_ONLY_ANALYTICAL_PRICE=78+50=128；不是官方含飲料套餐掛牌價。飲料不納入核心，且不使用促銷組合算術。 v0.3 historical rebuild：2020-05-01同一菜單：大麥克72＋中薯42。FOOD-ONLY分析價114只由兩個無條件正常食物單點價相加，不含飲料、不是促銷套餐算術。,Master,TPI3-R001,正餐／小吃／早餐,麥當勞,大麥克食物套餐（大麥克＋中薯；不含飲料）,v0.5-measurement-20260912
MIG-00005,LEG-EC-195,TPI3-R002,LEGACY_MASTER,BASELINE,2020,42,43952,B,A,Matched,MASTER-SNAPSHOT,https://mypaper.pchome.com.tw/nowdz41416/post/1380357989,v0.3新增。2026多地麥當勞外送頁均列中薯50；活動期間買一送一不影響Core採正常單份50，促銷免費份不計。 v0.3 historical rebuild：2020-05-01麥當勞單點價目表明列薯條小/中/大=32/42/55，中薯42。,Master,TPI3-R002,正餐／小吃／早餐,麥當勞,中薯,v0.5-measurement-20260912
MIG-00006,LEG-EC-195,TPI3-R002,LEGACY_MASTER,CURRENT_2026,2026,50,46276,B,A,Matched,MASTER-SNAPSHOT,https://www.ubereats.com/tw/brand-city/taipei-tpe/mcd,v0.3新增。2026多地麥當勞外送頁均列中薯50；活動期間買一送一不影響Core採正常單份50，促銷免費份不計。 v0.3 historical rebuild：2020-05-01麥當勞單點價目表明列薯條小/中/大=32/42/55，中薯42。,Master,TPI3-R002,正餐／小吃／早餐,麥當勞,中薯,v0.5-measurement-20260912
MIG-00007,LEG-EC-231,TPI3-R003,LEGACY_MASTER,CURRENT_2026,2026,135,46276,A,A,2026 verified,MASTER-SNAPSHOT,https://www.mos.com.tw/menu/set.aspx,v0.3新增。FOOD_ONLY_ANALYTICAL_PRICE=70+65=135，兩項均為官方正常單點價；飲料不納入。 v0.3 historical rebuild：HOLD-DATE-UNVERIFIED；常見『2020摩斯菜單』頁面追到實際頁面日期2019-01-02，無法證明薯條45等數字是2020當期快照；FOOD-ONLY套餐因此也不能建立2020 baseline。,Master,TPI3-R003,正餐／小吃／早餐,摩斯漢堡,摩斯漢堡食物套餐（摩斯漢堡＋薯條；不含飲料）,v0.5-measurement-20260912
MIG-00008,LEG-EC-256,TPI3-R004,LEGACY_MASTER,CURRENT_2026,2026,65,46276,A,A,2026 verified,MASTER-SNAPSHOT,https://www.mos.com.tw/menu/sideDishes.aspx,v0.3新增；摩斯官方副餐正常單點價65。 v0.3 historical rebuild：HOLD-DATE-UNVERIFIED；找到薯條(L)45的舊菜單內容，但主要來源實際頁面日期2019-01-02且可能後續更新，不能冒充2020。,Master,TPI3-R004,正餐／小吃／早餐,摩斯漢堡,薯條,v0.5-measurement-20260912
MIG-00009,LEG-EC-232,TPI3-R005,LEGACY_MASTER,CURRENT_2026,2026,65,46276,A,A,2026 verified,MASTER-SNAPSHOT,https://www.mos.com.tw/menu/sideDishes.aspx,v0.3新增；摩斯官方雞塊6個65。 v0.3 historical rebuild：HOLD-DATE-UNVERIFIED；找到摩斯雞塊6個60的舊菜單內容，但來源時間無法鎖成2020當期快照。,Master,TPI3-R005,正餐／小吃／早餐,摩斯漢堡,摩斯雞塊（6個）,v0.5-measurement-20260912
MIG-00010,LEG-EC-225,TPI-007,LEGACY_MASTER,BASELINE,2020,5.5,43848,B,A,Matched,MASTER-SNAPSHOT,https://www.4freeapp.com/2019/08/2019_11.html,同名同規格；2020與2026公開菜單。,Master,TPI-007,正餐／小吃／早餐,八方雲集,招牌水餃,v0.5-measurement-20260912
MIG-00011,LEG-EC-225,TPI-007,LEGACY_MASTER,CURRENT_2026,2026,7,46271,B,A,Matched,MASTER-SNAPSHOT,https://dailydietitian.com.tw/%E5%85%AB%E6%96%B9%E9%9B%B2%E9%9B%86%E6%9C%80%E6%96%B0%E8%8F%9C%E5%96%AE%E5%83%B9%E6%A0%BC/,同名同規格；2020與2026公開菜單。,Master,TPI-007,正餐／小吃／早餐,八方雲集,招牌水餃,v0.5-measurement-20260912
MIG-00012,LEG-EC-207,TPI3-R006,LEGACY_MASTER,CURRENT_2026,2026,85,46276,A,A,2026 verified,MASTER-SNAPSHOT,https://www.mos.com.tw/menu/sideDishes.aspx,v0.3新增；摩斯官方和風炸雞85。 v0.3 historical rebuild：HOLD-DATE-UNVERIFIED；找到和風炸雞65的舊菜單內容，但來源時間無法鎖成2020當期快照。,Master,TPI3-R006,正餐／小吃／早餐,摩斯漢堡,和風炸雞,v0.5-measurement-20260912
MIG-00013,LEG-EC-210,TPI3-R007,LEGACY_MASTER,CURRENT_2026,2026,147,46276,A,A,2026 verified,MASTER-SNAPSHOT,https://www.kfcclub.com.tw/menu?menuId=1,v0.3新增。FOOD_ONLY_ANALYTICAL_PRICE=95+52=147；兩項皆取KFC官方正常單點價，飲料不納入。 v0.3 historical rebuild：HOLD-NORMAL-COMPONENT-MISSING；2020咔啦雞腿堡109成立，但未找到2020中薯無條件正常單點價；不能由含飲料套餐或優惠券反推FOOD-ONLY套餐。,Master,TPI3-R007,正餐／小吃／早餐,肯德基,咔啦雞腿堡食物套餐（咔啦雞腿堡＋中薯；不含飲料）,v0.5-measurement-20260912
MIG-00014,LEG-EC-273,TPI3-R008,LEGACY_MASTER,CURRENT_2026,2026,52,46276,A,A,2026 verified,MASTER-SNAPSHOT,https://www.kfcclub.com.tw/menu?menuId=1,v0.3新增；KFC官方正常單點價52。 v0.3 historical rebuild：HOLD-PROMO-ONLY-NORMAL-PRICE-MISSING；2020大量套餐/優惠券含香酥脆薯(中)，但未找到可安全採用的無條件正常單點價。,Master,TPI3-R008,正餐／小吃／早餐,肯德基,香酥脆薯（中）,v0.5-measurement-20260912
MIG-00015,LEG-EC-245,TPI3-R009,LEGACY_MASTER,BASELINE,2020,119,44076,B,B,Matched,MASTER-SNAPSHOT,https://lanshian.pixnet.net/blog/posts/16004183346,v0.3新身份；漢堡王官方皇家華堡單點144。舊TPI-303歷史不沿用。 v0.3 historical rebuild：2020-09-02菜單列華堡119；2026 fixed item為皇家華堡，屬同一華堡產品線的命名世代延續，故Comparability=B。,Master,TPI3-R009,正餐／小吃／早餐,漢堡王,皇家華堡,v0.5-measurement-20260912
MIG-00016,LEG-EC-245,TPI3-R009,LEGACY_MASTER,CURRENT_2026,2026,144,46276,A,B,Matched,MASTER-SNAPSHOT,https://www.burgerking.com.tw/category/3,v0.3新身份；漢堡王官方皇家華堡單點144。舊TPI-303歷史不沿用。 v0.3 historical rebuild：2020-09-02菜單列華堡119；2026 fixed item為皇家華堡，屬同一華堡產品線的命名世代延續，故Comparability=B。,Master,TPI3-R009,正餐／小吃／早餐,漢堡王,皇家華堡,v0.5-measurement-20260912
MIG-00017,LEG-EC-247,TPI3-R010,LEGACY_MASTER,BASELINE,2020,159,44076,B,B,Matched,MASTER-SNAPSHOT,https://lanshian.pixnet.net/blog/posts/16004183346,v0.3新身份；漢堡王官方皇家雙層華堡單點204。舊TPI-304歷史不沿用。 v0.3 historical rebuild：2020-09-02菜單列雙層華堡159；2026 fixed item為皇家雙層華堡，命名世代延續故B。,Master,TPI3-R010,正餐／小吃／早餐,漢堡王,皇家雙層華堡,v0.5-measurement-20260912
MIG-00018,LEG-EC-247,TPI3-R010,LEGACY_MASTER,CURRENT_2026,2026,204,46276,A,B,Matched,MASTER-SNAPSHOT,https://www.burgerking.com.tw/category/3,v0.3新身份；漢堡王官方皇家雙層華堡單點204。舊TPI-304歷史不沿用。 v0.3 historical rebuild：2020-09-02菜單列雙層華堡159；2026 fixed item為皇家雙層華堡，命名世代延續故B。,Master,TPI3-R010,正餐／小吃／早餐,漢堡王,皇家雙層華堡,v0.5-measurement-20260912
MIG-00019,LEG-EC-281,TPI-013,LEGACY_MASTER,BASELINE,2020,8.5,43848,B,A,Matched,MASTER-SNAPSHOT,https://www.4freeapp.com/2019/08/2019_11.html,同名同規格；2020與2026公開菜單。,Master,TPI-013,正餐／小吃／早餐,八方雲集,鮮蝦水餃,v0.5-measurement-20260912
MIG-00020,LEG-EC-281,TPI-013,LEGACY_MASTER,CURRENT_2026,2026,10.5,46271,B,A,Matched,MASTER-SNAPSHOT,https://dailydietitian.com.tw/%E5%85%AB%E6%96%B9%E9%9B%B2%E9%9B%86%E6%9C%80%E6%96%B0%E8%8F%9C%E5%96%AE%E5%83%B9%E6%A0%BC/,同名同規格；2020與2026公開菜單。,Master,TPI-013,正餐／小吃／早餐,八方雲集,鮮蝦水餃,v0.5-measurement-20260912
MIG-00021,LEG-EC-205,TPI-014,LEGACY_MASTER,BASELINE,2020,35,43848,B,A,Matched,MASTER-SNAPSHOT,https://www.4freeapp.com/2019/08/2019_11.html,同名同規格；2020與2026公開菜單。,Master,TPI-014,正餐／小吃／早餐,八方雲集,古早味乾麵,v0.5-measurement-20260912
MIG-00022,LEG-EC-205,TPI-014,LEGACY_MASTER,CURRENT_2026,2026,45,46271,B,A,Matched,MASTER-SNAPSHOT,https://dailydietitian.com.tw/%E5%85%AB%E6%96%B9%E9%9B%B2%E9%9B%86%E6%9C%80%E6%96%B0%E8%8F%9C%E5%96%AE%E5%83%B9%E6%A0%BC/,同名同規格；2020與2026公開菜單。,Master,TPI-014,正餐／小吃／早餐,八方雲集,古早味乾麵,v0.5-measurement-20260912
MIG-00023,LEG-EC-251,TPI3-R011,LEGACY_MASTER,CURRENT_2026,2026,74,46276,A,A,2026 verified,MASTER-SNAPSHOT,https://www.burgerking.com.tw/category/4,v0.3新增；漢堡王官方經典脆雞堡74。漢堡王未以獨立帶骨炸雞作核心常態類，本列作炸雞/脆雞類代表。 v0.3 historical rebuild：HOLD-PROMO-COMBO-ONLY；2020經典脆雞堡僅在A+B/組合優惠脈絡找到，沒有安全正常單點價。,Master,TPI3-R011,正餐／小吃／早餐,漢堡王,經典脆雞堡,v0.5-measurement-20260912
MIG-00024,LEG-EC-267,TPI3-R012,LEGACY_MASTER,CURRENT_2026,2026,55,46276,A,A,2026 verified,MASTER-SNAPSHOT,https://www.burgerking.com.tw/category/5,v0.3新增；官方點心正常價55；買一送一活動不進Core。 v0.3 historical rebuild：HOLD-CONDITIONAL-ADDON-PRICE；2020四塊雞塊只找到加購/組合價25；依硬規則加購價NEVER CORE，且其他5/10塊規格不可替代。,Master,TPI3-R012,正餐／小吃／早餐,漢堡王,雞塊（4塊）,v0.5-measurement-20260912
MIG-00025,LEG-EC-246,TPI3-R013,LEGACY_MASTER,BASELINE,2020,164,44076,B,B,Matched,MASTER-SNAPSHOT,https://lanshian.pixnet.net/blog/posts/16004183346,v0.3新增。FOOD_ONLY_ANALYTICAL_PRICE=144+59=203；不採官方含飲料套餐價。 v0.3 historical rebuild：FOOD-ONLY分析價：2020華堡119＋中薯45=164；兩者都是同一2020菜單的正常單點價，不含飲料、不採官方含飲料套餐價。皇家命名世代差異故B。,Master,TPI3-R013,正餐／小吃／早餐,漢堡王,皇家華堡食物套餐（皇家華堡＋中薯；不含飲料）,v0.5-measurement-20260912
MIG-00026,LEG-EC-246,TPI3-R013,LEGACY_MASTER,CURRENT_2026,2026,203,46276,A,B,Matched,MASTER-SNAPSHOT,https://www.burgerking.com.tw/category/3,v0.3新增。FOOD_ONLY_ANALYTICAL_PRICE=144+59=203；不採官方含飲料套餐價。 v0.3 historical rebuild：FOOD-ONLY分析價：2020華堡119＋中薯45=164；兩者都是同一2020菜單的正常單點價，不含飲料、不採官方含飲料套餐價。皇家命名世代差異故B。,Master,TPI3-R013,正餐／小吃／早餐,漢堡王,皇家華堡食物套餐（皇家華堡＋中薯；不含飲料）,v0.5-measurement-20260912
MIG-00027,LEG-EC-263,TPI-018,LEGACY_MASTER,BASELINE,2020,55,43848,B,A,Matched,MASTER-SNAPSHOT,https://www.4freeapp.com/2019/08/2019_11.html,同名同規格；2020與2026公開菜單。,Master,TPI-018,正餐／小吃／早餐,八方雲集,酸辣湯麵,v0.5-measurement-20260912
MIG-00028,LEG-EC-263,TPI-018,LEGACY_MASTER,CURRENT_2026,2026,70,46271,B,A,Matched,MASTER-SNAPSHOT,https://dailydietitian.com.tw/%E5%85%AB%E6%96%B9%E9%9B%B2%E9%9B%86%E6%9C%80%E6%96%B0%E8%8F%9C%E5%96%AE%E5%83%B9%E6%A0%BC/,同名同規格；2020與2026公開菜單。,Master,TPI-018,正餐／小吃／早餐,八方雲集,酸辣湯麵,v0.5-measurement-20260912
MIG-00029,LEG-EC-254,TPI-020,LEGACY_MASTER,BASELINE,2020,69,43848,B,A,Matched,MASTER-SNAPSHOT,https://www.4freeapp.com/2019/08/2019_11.html,同名同規格；2020與2026公開菜單。,Master,TPI-020,正餐／小吃／早餐,八方雲集,菜肉大餛飩麵,v0.5-measurement-20260912
MIG-00030,LEG-EC-254,TPI-020,LEGACY_MASTER,CURRENT_2026,2026,80,46271,B,A,Matched,MASTER-SNAPSHOT,https://dailydietitian.com.tw/%E5%85%AB%E6%96%B9%E9%9B%B2%E9%9B%86%E6%9C%80%E6%96%B0%E8%8F%9C%E5%96%AE%E5%83%B9%E6%A0%BC/,同名同規格；2020與2026公開菜單。,Master,TPI-020,正餐／小吃／早餐,八方雲集,菜肉大餛飩麵,v0.5-measurement-20260912
MIG-00031,LEG-EC-238,TPI3-R015,LEGACY_MASTER,CURRENT_2026,2026,59,46276,A,A,2026 verified,MASTER-SNAPSHOT,https://tfc1986.com.tw/product/%E6%B3%A2%E6%B5%AA%E8%96%AF%E6%A2%9D/,v0.3新增；官方正常單點價59。 v0.3 historical rebuild：HOLD-NO-SAFE-DATED-2020-PRICE；目前官方頁可證明波浪薯條現價，但沒有安全、日期鎖定的2020同品項正常價。,Master,TPI3-R015,正餐／小吃／早餐,德州小騎士,波浪薯條,v0.5-measurement-20260912
MIG-00032,LEG-EC-219,TPI3-R016,LEGACY_MASTER,CURRENT_2026,2026,79,46276,A,A,2026 verified,MASTER-SNAPSHOT,https://tfc1986.com.tw/product/%E5%B0%8F%E9%A8%8E%E5%A3%AB%E9%9B%9E%E5%A1%8A6%E5%A1%8A/,v0.3新增；官方正常單點價79。 v0.3 historical rebuild：HOLD-NO-SAFE-DATED-2020-PRICE；目前官方頁可證明6塊小騎士雞塊現價，但沒有安全、日期鎖定的2020同品項正常價。,Master,TPI3-R016,正餐／小吃／早餐,德州小騎士,小騎士雞塊（6塊）,v0.5-measurement-20260912
MIG-00033,LEG-EC-109,TPI-024,LEGACY_MASTER,BASELINE,2020,25,44122,C,B,Matched,MASTER-SNAPSHOT,https://shulong888.pixnet.net/blog/posts/10353087695,2020-10-18具日期50嵐菜單；2026採中區菜單。2020來源未明確標示區域，R=B。,Master,TPI-024,咖啡／手搖飲,50嵐,茉莉綠茶 M,v0.5-measurement-20260912
MIG-00034,LEG-EC-109,TPI-024,LEGACY_MASTER,CURRENT_2026,2026,30,46254,B,B,Matched,MASTER-SNAPSHOT,https://dailydietitian.com.tw/50%E5%B5%90%E5%8C%97%E4%B8%AD%E5%8D%97%E8%8F%9C%E5%96%AE%E5%83%B9%E6%A0%BC-%E6%96%B0%E5%93%81%E6%83%85%E5%A0%B1-%E5%84%AA%E6%83%A0%E5%BF%AB%E8%A8%8A/,2020-10-18具日期50嵐菜單；2026採中區菜單。2020來源未明確標示區域，R=B。,Master,TPI-024,咖啡／手搖飲,50嵐,茉莉綠茶 M,v0.5-measurement-20260912
MIG-00035,LEG-EC-108,TPI-025,LEGACY_MASTER,BASELINE,2020,30,44122,C,B,Matched,MASTER-SNAPSHOT,https://shulong888.pixnet.net/blog/posts/10353087695,2020-10-18具日期50嵐菜單；2026採中區菜單。2020來源未明確標示區域，R=B。,Master,TPI-025,咖啡／手搖飲,50嵐,茉莉綠茶 L,v0.5-measurement-20260912
MIG-00036,LEG-EC-108,TPI-025,LEGACY_MASTER,CURRENT_2026,2026,35,46254,B,B,Matched,MASTER-SNAPSHOT,https://dailydietitian.com.tw/50%E5%B5%90%E5%8C%97%E4%B8%AD%E5%8D%97%E8%8F%9C%E5%96%AE%E5%83%B9%E6%A0%BC-%E6%96%B0%E5%93%81%E6%83%85%E5%A0%B1-%E5%84%AA%E6%83%A0%E5%BF%AB%E8%A8%8A/,2020-10-18具日期50嵐菜單；2026採中區菜單。2020來源未明確標示區域，R=B。,Master,TPI-025,咖啡／手搖飲,50嵐,茉莉綠茶 L,v0.5-measurement-20260912
MIG-00037,LEG-EC-113,TPI-026,LEGACY_MASTER,BASELINE,2020,25,44122,C,B,Matched,MASTER-SNAPSHOT,https://shulong888.pixnet.net/blog/posts/10353087695,2020-10-18具日期50嵐菜單；2026採中區菜單。2020來源未明確標示區域，R=B。,Master,TPI-026,咖啡／手搖飲,50嵐,阿薩姆紅茶 M,v0.5-measurement-20260912
MIG-00038,LEG-EC-113,TPI-026,LEGACY_MASTER,CURRENT_2026,2026,30,46254,B,B,Matched,MASTER-SNAPSHOT,https://dailydietitian.com.tw/50%E5%B5%90%E5%8C%97%E4%B8%AD%E5%8D%97%E8%8F%9C%E5%96%AE%E5%83%B9%E6%A0%BC-%E6%96%B0%E5%93%81%E6%83%85%E5%A0%B1-%E5%84%AA%E6%83%A0%E5%BF%AB%E8%A8%8A/,2020-10-18具日期50嵐菜單；2026採中區菜單。2020來源未明確標示區域，R=B。,Master,TPI-026,咖啡／手搖飲,50嵐,阿薩姆紅茶 M,v0.5-measurement-20260912
MIG-00039,LEG-EC-112,TPI-027,LEGACY_MASTER,BASELINE,2020,30,44122,C,B,Matched,MASTER-SNAPSHOT,https://shulong888.pixnet.net/blog/posts/10353087695,2020-10-18具日期50嵐菜單；2026採中區菜單。2020來源未明確標示區域，R=B。,Master,TPI-027,咖啡／手搖飲,50嵐,阿薩姆紅茶 L,v0.5-measurement-20260912
MIG-00040,LEG-EC-112,TPI-027,LEGACY_MASTER,CURRENT_2026,2026,35,46254,B,B,Matched,MASTER-SNAPSHOT,https://dailydietitian.com.tw/50%E5%B5%90%E5%8C%97%E4%B8%AD%E5%8D%97%E8%8F%9C%E5%96%AE%E5%83%B9%E6%A0%BC-%E6%96%B0%E5%93%81%E6%83%85%E5%A0%B1-%E5%84%AA%E6%83%A0%E5%BF%AB%E8%A8%8A/,2020-10-18具日期50嵐菜單；2026採中區菜單。2020來源未明確標示區域，R=B。,Master,TPI-027,咖啡／手搖飲,50嵐,阿薩姆紅茶 L,v0.5-measurement-20260912
MIG-00041,LEG-EC-084,TPI-028,LEGACY_MASTER,BASELINE,2020,25,44122,C,B,Matched,MASTER-SNAPSHOT,https://shulong888.pixnet.net/blog/posts/10353087695,2020-10-18具日期50嵐菜單；2026採中區菜單。2020來源未明確標示區域，R=B。,Master,TPI-028,咖啡／手搖飲,50嵐,四季春青茶 M,v0.5-measurement-20260912
MIG-00042,LEG-EC-084,TPI-028,LEGACY_MASTER,CURRENT_2026,2026,30,46254,B,B,Matched,MASTER-SNAPSHOT,https://dailydietitian.com.tw/50%E5%B5%90%E5%8C%97%E4%B8%AD%E5%8D%97%E8%8F%9C%E5%96%AE%E5%83%B9%E6%A0%BC-%E6%96%B0%E5%93%81%E6%83%85%E5%A0%B1-%E5%84%AA%E6%83%A0%E5%BF%AB%E8%A8%8A/,2020-10-18具日期50嵐菜單；2026採中區菜單。2020來源未明確標示區域，R=B。,Master,TPI-028,咖啡／手搖飲,50嵐,四季春青茶 M,v0.5-measurement-20260912
MIG-00043,LEG-EC-083,TPI-029,LEGACY_MASTER,BASELINE,2020,30,44122,C,B,Matched,MASTER-SNAPSHOT,https://shulong888.pixnet.net/blog/posts/10353087695,2020-10-18具日期50嵐菜單；2026採中區菜單。2020來源未明確標示區域，R=B。,Master,TPI-029,咖啡／手搖飲,50嵐,四季春青茶 L,v0.5-measurement-20260912
MIG-00044,LEG-EC-083,TPI-029,LEGACY_MASTER,CURRENT_2026,2026,35,46254,B,B,Matched,MASTER-SNAPSHOT,https://dailydietitian.com.tw/50%E5%B5%90%E5%8C%97%E4%B8%AD%E5%8D%97%E8%8F%9C%E5%96%AE%E5%83%B9%E6%A0%BC-%E6%96%B0%E5%93%81%E6%83%85%E5%A0%B1-%E5%84%AA%E6%83%A0%E5%BF%AB%E8%A8%8A/,2020-10-18具日期50嵐菜單；2026採中區菜單。2020來源未明確標示區域，R=B。,Master,TPI-029,咖啡／手搖飲,50嵐,四季春青茶 L,v0.5-measurement-20260912
MIG-00045,LEG-EC-115,TPI-030,LEGACY_MASTER,BASELINE,2020,25,44122,C,B,Matched,MASTER-SNAPSHOT,https://shulong888.pixnet.net/blog/posts/10353087695,2020-10-18具日期50嵐菜單；2026採中區菜單。2020來源未明確標示區域，R=B。,Master,TPI-030,咖啡／手搖飲,50嵐,黃金烏龍 M,v0.5-measurement-20260912
MIG-00046,LEG-EC-115,TPI-030,LEGACY_MASTER,CURRENT_2026,2026,30,46254,B,B,Matched,MASTER-SNAPSHOT,https://dailydietitian.com.tw/50%E5%B5%90%E5%8C%97%E4%B8%AD%E5%8D%97%E8%8F%9C%E5%96%AE%E5%83%B9%E6%A0%BC-%E6%96%B0%E5%93%81%E6%83%85%E5%A0%B1-%E5%84%AA%E6%83%A0%E5%BF%AB%E8%A8%8A/,2020-10-18具日期50嵐菜單；2026採中區菜單。2020來源未明確標示區域，R=B。,Master,TPI-030,咖啡／手搖飲,50嵐,黃金烏龍 M,v0.5-measurement-20260912
MIG-00047,LEG-EC-114,TPI-031,LEGACY_MASTER,BASELINE,2020,30,44122,C,B,Matched,MASTER-SNAPSHOT,https://shulong888.pixnet.net/blog/posts/10353087695,2020-10-18具日期50嵐菜單；2026採中區菜單。2020來源未明確標示區域，R=B。 Phase4B full provenance audit 2026-09-10：2020-10-18文章附的原始竹北正東店菜單圖片清楚顯示黃金烏龍L=30；文章文字轉錄寫40與原圖衝突，依『原始圖像優先於文字轉錄』規則修正40→30。,Master,TPI-031,咖啡／手搖飲,50嵐,黃金烏龍 L,v0.5-measurement-20260912
MIG-00048,LEG-EC-114,TPI-031,LEGACY_MASTER,CURRENT_2026,2026,35,46254,B,B,Matched,MASTER-SNAPSHOT,https://dailydietitian.com.tw/50%E5%B5%90%E5%8C%97%E4%B8%AD%E5%8D%97%E8%8F%9C%E5%96%AE%E5%83%B9%E6%A0%BC-%E6%96%B0%E5%93%81%E6%83%85%E5%A0%B1-%E5%84%AA%E6%83%A0%E5%BF%AB%E8%A8%8A/,2020-10-18具日期50嵐菜單；2026採中區菜單。2020來源未明確標示區域，R=B。 Phase4B full provenance audit 2026-09-10：2020-10-18文章附的原始竹北正東店菜單圖片清楚顯示黃金烏龍L=30；文章文字轉錄寫40與原圖衝突，依『原始圖像優先於文字轉錄』規則修正40→30。,Master,TPI-031,咖啡／手搖飲,50嵐,黃金烏龍 L,v0.5-measurement-20260912
MIG-00049,LEG-EC-095,TPI-032,LEGACY_MASTER,BASELINE,2020,35,44122,C,B,Matched,MASTER-SNAPSHOT,https://shulong888.pixnet.net/blog/posts/10353087695,2020-10-18具日期50嵐菜單；2026採中區菜單。2020來源未明確標示區域，R=B。,Master,TPI-032,咖啡／手搖飲,50嵐,檸檬綠 M,v0.5-measurement-20260912
MIG-00050,LEG-EC-095,TPI-032,LEGACY_MASTER,CURRENT_2026,2026,40,46254,B,B,Matched,MASTER-SNAPSHOT,https://dailydietitian.com.tw/50%E5%B5%90%E5%8C%97%E4%B8%AD%E5%8D%97%E8%8F%9C%E5%96%AE%E5%83%B9%E6%A0%BC-%E6%96%B0%E5%93%81%E6%83%85%E5%A0%B1-%E5%84%AA%E6%83%A0%E5%BF%AB%E8%A8%8A/,2020-10-18具日期50嵐菜單；2026採中區菜單。2020來源未明確標示區域，R=B。,Master,TPI-032,咖啡／手搖飲,50嵐,檸檬綠 M,v0.5-measurement-20260912
MIG-00051,LEG-EC-094,TPI-033,LEGACY_MASTER,BASELINE,2020,50,44122,C,B,Matched,MASTER-SNAPSHOT,https://shulong888.pixnet.net/blog/posts/10353087695,2020-10-18具日期50嵐菜單；2026採中區菜單。2020來源未明確標示區域，R=B。,Master,TPI-033,咖啡／手搖飲,50嵐,檸檬綠 L,v0.5-measurement-20260912
MIG-00052,LEG-EC-094,TPI-033,LEGACY_MASTER,CURRENT_2026,2026,55,46254,B,B,Matched,MASTER-SNAPSHOT,https://dailydietitian.com.tw/50%E5%B5%90%E5%8C%97%E4%B8%AD%E5%8D%97%E8%8F%9C%E5%96%AE%E5%83%B9%E6%A0%BC-%E6%96%B0%E5%93%81%E6%83%85%E5%A0%B1-%E5%84%AA%E6%83%A0%E5%BF%AB%E8%A8%8A/,2020-10-18具日期50嵐菜單；2026採中區菜單。2020來源未明確標示區域，R=B。,Master,TPI-033,咖啡／手搖飲,50嵐,檸檬綠 L,v0.5-measurement-20260912
MIG-00053,LEG-EC-093,TPI-034,LEGACY_MASTER,BASELINE,2020,35,44122,C,B,Matched,MASTER-SNAPSHOT,https://shulong888.pixnet.net/blog/posts/10353087695,2020-10-18具日期50嵐菜單；2026採中區菜單。2020來源未明確標示區域，R=B。,Master,TPI-034,咖啡／手搖飲,50嵐,梅の綠 M,v0.5-measurement-20260912
MIG-00054,LEG-EC-093,TPI-034,LEGACY_MASTER,CURRENT_2026,2026,40,46254,B,B,Matched,MASTER-SNAPSHOT,https://dailydietitian.com.tw/50%E5%B5%90%E5%8C%97%E4%B8%AD%E5%8D%97%E8%8F%9C%E5%96%AE%E5%83%B9%E6%A0%BC-%E6%96%B0%E5%93%81%E6%83%85%E5%A0%B1-%E5%84%AA%E6%83%A0%E5%BF%AB%E8%A8%8A/,2020-10-18具日期50嵐菜單；2026採中區菜單。2020來源未明確標示區域，R=B。,Master,TPI-034,咖啡／手搖飲,50嵐,梅の綠 M,v0.5-measurement-20260912
MIG-00055,LEG-EC-092,TPI-035,LEGACY_MASTER,BASELINE,2020,50,44122,C,B,Matched,MASTER-SNAPSHOT,https://shulong888.pixnet.net/blog/posts/10353087695,2020-10-18具日期50嵐菜單；2026採中區菜單。2020來源未明確標示區域，R=B。,Master,TPI-035,咖啡／手搖飲,50嵐,梅の綠 L,v0.5-measurement-20260912
MIG-00056,LEG-EC-092,TPI-035,LEGACY_MASTER,CURRENT_2026,2026,55,46254,B,B,Matched,MASTER-SNAPSHOT,https://dailydietitian.com.tw/50%E5%B5%90%E5%8C%97%E4%B8%AD%E5%8D%97%E8%8F%9C%E5%96%AE%E5%83%B9%E6%A0%BC-%E6%96%B0%E5%93%81%E6%83%85%E5%A0%B1-%E5%84%AA%E6%83%A0%E5%BF%AB%E8%A8%8A/,2020-10-18具日期50嵐菜單；2026採中區菜單。2020來源未明確標示區域，R=B。,Master,TPI-035,咖啡／手搖飲,50嵐,梅の綠 L,v0.5-measurement-20260912
MIG-00057,LEG-EC-078,TPI-036,LEGACY_MASTER,BASELINE,2020,35,44122,C,B,Matched,MASTER-SNAPSHOT,https://shulong888.pixnet.net/blog/posts/10353087695,2020-10-18具日期50嵐菜單；2026採中區菜單。2020來源未明確標示區域，R=B。,Master,TPI-036,咖啡／手搖飲,50嵐,8冰綠 M,v0.5-measurement-20260912
MIG-00058,LEG-EC-078,TPI-036,LEGACY_MASTER,CURRENT_2026,2026,40,46254,B,B,Matched,MASTER-SNAPSHOT,https://dailydietitian.com.tw/50%E5%B5%90%E5%8C%97%E4%B8%AD%E5%8D%97%E8%8F%9C%E5%96%AE%E5%83%B9%E6%A0%BC-%E6%96%B0%E5%93%81%E6%83%85%E5%A0%B1-%E5%84%AA%E6%83%A0%E5%BF%AB%E8%A8%8A/,2020-10-18具日期50嵐菜單；2026採中區菜單。2020來源未明確標示區域，R=B。,Master,TPI-036,咖啡／手搖飲,50嵐,8冰綠 M,v0.5-measurement-20260912
MIG-00059,LEG-EC-077,TPI-037,LEGACY_MASTER,BASELINE,2020,50,44122,C,B,Matched,MASTER-SNAPSHOT,https://shulong888.pixnet.net/blog/posts/10353087695,2020-10-18具日期50嵐菜單；2026採中區菜單。2020來源未明確標示區域，R=B。,Master,TPI-037,咖啡／手搖飲,50嵐,8冰綠 L,v0.5-measurement-20260912
MIG-00060,LEG-EC-077,TPI-037,LEGACY_MASTER,CURRENT_2026,2026,55,46254,B,B,Matched,MASTER-SNAPSHOT,https://dailydietitian.com.tw/50%E5%B5%90%E5%8C%97%E4%B8%AD%E5%8D%97%E8%8F%9C%E5%96%AE%E5%83%B9%E6%A0%BC-%E6%96%B0%E5%93%81%E6%83%85%E5%A0%B1-%E5%84%AA%E6%83%A0%E5%BF%AB%E8%A8%8A/,2020-10-18具日期50嵐菜單；2026採中區菜單。2020來源未明確標示區域，R=B。,Master,TPI-037,咖啡／手搖飲,50嵐,8冰綠 L,v0.5-measurement-20260912
MIG-00061,LEG-EC-080,TPI-038,LEGACY_MASTER,BASELINE,2020,35,44122,C,B,Matched,MASTER-SNAPSHOT,https://shulong888.pixnet.net/blog/posts/10353087695,2020-10-18具日期50嵐菜單；2026採中區菜單。2020來源未明確標示區域，R=B。,Master,TPI-038,咖啡／手搖飲,50嵐,冰淇淋紅茶 M,v0.5-measurement-20260912
MIG-00062,LEG-EC-080,TPI-038,LEGACY_MASTER,CURRENT_2026,2026,40,46254,B,B,Matched,MASTER-SNAPSHOT,https://dailydietitian.com.tw/50%E5%B5%90%E5%8C%97%E4%B8%AD%E5%8D%97%E8%8F%9C%E5%96%AE%E5%83%B9%E6%A0%BC-%E6%96%B0%E5%93%81%E6%83%85%E5%A0%B1-%E5%84%AA%E6%83%A0%E5%BF%AB%E8%A8%8A/,2020-10-18具日期50嵐菜單；2026採中區菜單。2020來源未明確標示區域，R=B。,Master,TPI-038,咖啡／手搖飲,50嵐,冰淇淋紅茶 M,v0.5-measurement-20260912
MIG-00063,LEG-EC-079,TPI-039,LEGACY_MASTER,BASELINE,2020,50,44122,C,B,Matched,MASTER-SNAPSHOT,https://shulong888.pixnet.net/blog/posts/10353087695,2020-10-18具日期50嵐菜單；2026採中區菜單。2020來源未明確標示區域，R=B。,Master,TPI-039,咖啡／手搖飲,50嵐,冰淇淋紅茶 L,v0.5-measurement-20260912
MIG-00064,LEG-EC-079,TPI-039,LEGACY_MASTER,CURRENT_2026,2026,55,46254,B,B,Matched,MASTER-SNAPSHOT,https://dailydietitian.com.tw/50%E5%B5%90%E5%8C%97%E4%B8%AD%E5%8D%97%E8%8F%9C%E5%96%AE%E5%83%B9%E6%A0%BC-%E6%96%B0%E5%93%81%E6%83%85%E5%A0%B1-%E5%84%AA%E6%83%A0%E5%BF%AB%E8%A8%8A/,2020-10-18具日期50嵐菜單；2026採中區菜單。2020來源未明確標示區域，R=B。,Master,TPI-039,咖啡／手搖飲,50嵐,冰淇淋紅茶 L,v0.5-measurement-20260912
MIG-00065,LEG-EC-088,TPI-040,LEGACY_MASTER,BASELINE,2020,35,44122,C,B,Matched,MASTER-SNAPSHOT,https://shulong888.pixnet.net/blog/posts/10353087695,2020-10-18具日期50嵐菜單；2026採中區菜單。2020來源未明確標示區域，R=B。,Master,TPI-040,咖啡／手搖飲,50嵐,奶茶 M,v0.5-measurement-20260912
MIG-00066,LEG-EC-088,TPI-040,LEGACY_MASTER,CURRENT_2026,2026,40,46254,B,B,Matched,MASTER-SNAPSHOT,https://dailydietitian.com.tw/50%E5%B5%90%E5%8C%97%E4%B8%AD%E5%8D%97%E8%8F%9C%E5%96%AE%E5%83%B9%E6%A0%BC-%E6%96%B0%E5%93%81%E6%83%85%E5%A0%B1-%E5%84%AA%E6%83%A0%E5%BF%AB%E8%A8%8A/,2020-10-18具日期50嵐菜單；2026採中區菜單。2020來源未明確標示區域，R=B。,Master,TPI-040,咖啡／手搖飲,50嵐,奶茶 M,v0.5-measurement-20260912
MIG-00067,LEG-EC-087,TPI-041,LEGACY_MASTER,BASELINE,2020,50,44122,C,B,Matched,MASTER-SNAPSHOT,https://shulong888.pixnet.net/blog/posts/10353087695,2020-10-18具日期50嵐菜單；2026採中區菜單。2020來源未明確標示區域，R=B。,Master,TPI-041,咖啡／手搖飲,50嵐,奶茶 L,v0.5-measurement-20260912
MIG-00068,LEG-EC-087,TPI-041,LEGACY_MASTER,CURRENT_2026,2026,55,46254,B,B,Matched,MASTER-SNAPSHOT,https://dailydietitian.com.tw/50%E5%B5%90%E5%8C%97%E4%B8%AD%E5%8D%97%E8%8F%9C%E5%96%AE%E5%83%B9%E6%A0%BC-%E6%96%B0%E5%93%81%E6%83%85%E5%A0%B1-%E5%84%AA%E6%83%A0%E5%BF%AB%E8%A8%8A/,2020-10-18具日期50嵐菜單；2026採中區菜單。2020來源未明確標示區域，R=B。,Master,TPI-041,咖啡／手搖飲,50嵐,奶茶 L,v0.5-measurement-20260912
MIG-00069,LEG-EC-086,TPI-042,LEGACY_MASTER,BASELINE,2020,35,44122,C,B,Matched,MASTER-SNAPSHOT,https://shulong888.pixnet.net/blog/posts/10353087695,2020-10-18具日期50嵐菜單；2026採中區菜單。2020來源未明確標示區域，R=B。,Master,TPI-042,咖啡／手搖飲,50嵐,奶綠 M,v0.5-measurement-20260912
MIG-00070,LEG-EC-086,TPI-042,LEGACY_MASTER,CURRENT_2026,2026,40,46254,B,B,Matched,MASTER-SNAPSHOT,https://dailydietitian.com.tw/50%E5%B5%90%E5%8C%97%E4%B8%AD%E5%8D%97%E8%8F%9C%E5%96%AE%E5%83%B9%E6%A0%BC-%E6%96%B0%E5%93%81%E6%83%85%E5%A0%B1-%E5%84%AA%E6%83%A0%E5%BF%AB%E8%A8%8A/,2020-10-18具日期50嵐菜單；2026採中區菜單。2020來源未明確標示區域，R=B。,Master,TPI-042,咖啡／手搖飲,50嵐,奶綠 M,v0.5-measurement-20260912
MIG-00071,LEG-EC-085,TPI-043,LEGACY_MASTER,BASELINE,2020,50,44122,C,B,Matched,MASTER-SNAPSHOT,https://shulong888.pixnet.net/blog/posts/10353087695,2020-10-18具日期50嵐菜單；2026採中區菜單。2020來源未明確標示區域，R=B。,Master,TPI-043,咖啡／手搖飲,50嵐,奶綠 L,v0.5-measurement-20260912
MIG-00072,LEG-EC-085,TPI-043,LEGACY_MASTER,CURRENT_2026,2026,55,46254,B,B,Matched,MASTER-SNAPSHOT,https://dailydietitian.com.tw/50%E5%B5%90%E5%8C%97%E4%B8%AD%E5%8D%97%E8%8F%9C%E5%96%AE%E5%83%B9%E6%A0%BC-%E6%96%B0%E5%93%81%E6%83%85%E5%A0%B1-%E5%84%AA%E6%83%A0%E5%BF%AB%E8%A8%8A/,2020-10-18具日期50嵐菜單；2026採中區菜單。2020來源未明確標示區域，R=B。,Master,TPI-043,咖啡／手搖飲,50嵐,奶綠 L,v0.5-measurement-20260912
MIG-00073,LEG-EC-100,TPI-044,LEGACY_MASTER,BASELINE,2020,35,44122,C,B,Matched,MASTER-SNAPSHOT,https://shulong888.pixnet.net/blog/posts/10353087695,2020-10-18具日期50嵐菜單；2026採中區菜單。2020來源未明確標示區域，R=B。,Master,TPI-044,咖啡／手搖飲,50嵐,珍珠奶茶 M,v0.5-measurement-20260912
MIG-00074,LEG-EC-100,TPI-044,LEGACY_MASTER,CURRENT_2026,2026,40,46254,B,B,Matched,MASTER-SNAPSHOT,https://dailydietitian.com.tw/50%E5%B5%90%E5%8C%97%E4%B8%AD%E5%8D%97%E8%8F%9C%E5%96%AE%E5%83%B9%E6%A0%BC-%E6%96%B0%E5%93%81%E6%83%85%E5%A0%B1-%E5%84%AA%E6%83%A0%E5%BF%AB%E8%A8%8A/,2020-10-18具日期50嵐菜單；2026採中區菜單。2020來源未明確標示區域，R=B。,Master,TPI-044,咖啡／手搖飲,50嵐,珍珠奶茶 M,v0.5-measurement-20260912
MIG-00075,LEG-EC-099,TPI-045,LEGACY_MASTER,BASELINE,2020,50,44122,C,B,Matched,MASTER-SNAPSHOT,https://shulong888.pixnet.net/blog/posts/10353087695,2020-10-18具日期50嵐菜單；2026採中區菜單。2020來源未明確標示區域，R=B。,Master,TPI-045,咖啡／手搖飲,50嵐,珍珠奶茶 L,v0.5-measurement-20260912
MIG-00076,LEG-EC-099,TPI-045,LEGACY_MASTER,CURRENT_2026,2026,55,46254,B,B,Matched,MASTER-SNAPSHOT,https://dailydietitian.com.tw/50%E5%B5%90%E5%8C%97%E4%B8%AD%E5%8D%97%E8%8F%9C%E5%96%AE%E5%83%B9%E6%A0%BC-%E6%96%B0%E5%93%81%E6%83%85%E5%A0%B1-%E5%84%AA%E6%83%A0%E5%BF%AB%E8%A8%8A/,2020-10-18具日期50嵐菜單；2026採中區菜單。2020來源未明確標示區域，R=B。,Master,TPI-045,咖啡／手搖飲,50嵐,珍珠奶茶 L,v0.5-measurement-20260912
MIG-00077,LEG-EC-098,TPI-046,LEGACY_MASTER,BASELINE,2020,35,44122,C,B,Matched,MASTER-SNAPSHOT,https://shulong888.pixnet.net/blog/posts/10353087695,2020-10-18具日期50嵐菜單；2026採中區菜單。2020來源未明確標示區域，R=B。,Master,TPI-046,咖啡／手搖飲,50嵐,波霸奶茶 M,v0.5-measurement-20260912
MIG-00078,LEG-EC-098,TPI-046,LEGACY_MASTER,CURRENT_2026,2026,40,46254,B,B,Matched,MASTER-SNAPSHOT,https://dailydietitian.com.tw/50%E5%B5%90%E5%8C%97%E4%B8%AD%E5%8D%97%E8%8F%9C%E5%96%AE%E5%83%B9%E6%A0%BC-%E6%96%B0%E5%93%81%E6%83%85%E5%A0%B1-%E5%84%AA%E6%83%A0%E5%BF%AB%E8%A8%8A/,2020-10-18具日期50嵐菜單；2026採中區菜單。2020來源未明確標示區域，R=B。,Master,TPI-046,咖啡／手搖飲,50嵐,波霸奶茶 M,v0.5-measurement-20260912
MIG-00079,LEG-EC-097,TPI-047,LEGACY_MASTER,BASELINE,2020,50,44122,C,B,Matched,MASTER-SNAPSHOT,https://shulong888.pixnet.net/blog/posts/10353087695,2020-10-18具日期50嵐菜單；2026採中區菜單。2020來源未明確標示區域，R=B。,Master,TPI-047,咖啡／手搖飲,50嵐,波霸奶茶 L,v0.5-measurement-20260912
MIG-00080,LEG-EC-097,TPI-047,LEGACY_MASTER,CURRENT_2026,2026,55,46254,B,B,Matched,MASTER-SNAPSHOT,https://dailydietitian.com.tw/50%E5%B5%90%E5%8C%97%E4%B8%AD%E5%8D%97%E8%8F%9C%E5%96%AE%E5%83%B9%E6%A0%BC-%E6%96%B0%E5%93%81%E6%83%85%E5%A0%B1-%E5%84%AA%E6%83%A0%E5%BF%AB%E8%A8%8A/,2020-10-18具日期50嵐菜單；2026採中區菜單。2020來源未明確標示區域，R=B。,Master,TPI-047,咖啡／手搖飲,50嵐,波霸奶茶 L,v0.5-measurement-20260912
MIG-00081,LEG-EC-230,TPI-048,LEGACY_MASTER,BASELINE,2019,70,43488,C,B,Matched,MASTER-SNAPSHOT,https://yoti.life/mos-menu/,舊頁標題含2020但內文註明常態價源自2018；不列Exact-2020。,Master,TPI-048,正餐／小吃／早餐,摩斯漢堡,摩斯漢堡,v0.5-measurement-20260912
MIG-00082,LEG-EC-230,TPI-048,LEGACY_MASTER,CURRENT_2026,2026,70,46274,A,B,Matched,MASTER-SNAPSHOT,https://www.mos.com.tw/menu/set.aspx,舊頁標題含2020但內文註明常態價源自2018；不列Exact-2020。,Master,TPI-048,正餐／小吃／早餐,摩斯漢堡,摩斯漢堡,v0.5-measurement-20260912
MIG-00083,LEG-EC-257,TPI-050,LEGACY_MASTER,BASELINE,2019,70,43488,C,B,Matched,MASTER-SNAPSHOT,https://yoti.life/mos-menu/,舊頁標題含2020但內文註明常態價源自2018；不列Exact-2020。,Master,TPI-050,正餐／小吃／早餐,摩斯漢堡,蜜汁烤雞堡,v0.5-measurement-20260912
MIG-00084,LEG-EC-257,TPI-050,LEGACY_MASTER,CURRENT_2026,2026,70,46274,A,B,Matched,MASTER-SNAPSHOT,https://www.mos.com.tw/menu/set.aspx,舊頁標題含2020但內文註明常態價源自2018；不列Exact-2020。,Master,TPI-050,正餐／小吃／早餐,摩斯漢堡,蜜汁烤雞堡,v0.5-measurement-20260912
MIG-00085,LEG-EC-272,TPI3-R019,LEGACY_MASTER,CURRENT_2026,2026,445,46276,A,A,2026 verified,MASTER-SNAPSHOT,https://www.pec21c.com.tw/ContentDetail/%E3%80%90%E5%93%81%E7%89%8C%E6%B4%BB%E5%8B%95%E3%80%91%E9%80%A21%E5%88%B021%E5%90%83%E7%83%A4%E9%9B%9E-240102003-203,v0.3新增；官方活動明列原價445、優惠288；Core只採原價445。 v0.3 historical rebuild：HOLD-EXACT-SPEC-NORMAL-PRICE-MISSING；2020可證明21香脆炸雞產品族存在，但促銷多為烤雞＋炸雞＋飲料組合，無5入炸雞桶正常原價。,Master,TPI3-R019,正餐／小吃／早餐,21風味館,香脆炸雞桶（5入）,v0.5-measurement-20260912
MIG-00086,LEG-EC-197,TPI3-R020,LEGACY_MASTER,CURRENT_2026,2026,65,46276,B,A,2026 verified,MASTER-SNAPSHOT,https://www.ubereats.com/tw/brand-city/banqiao-nwt/21plus,v0.3新增；多門市平台明列中薯霸原價65；平台折扣價不計。 v0.3 historical rebuild：HOLD-COMBO-ONLY；2020可證明大薯霸存在，但只在含多項食物/飲料的組合中出現；禁止由組合原價拆算。,Master,TPI3-R020,正餐／小吃／早餐,21風味館,中薯霸,v0.5-measurement-20260912
MIG-00087,LEG-EC-222,TPI3-R021,LEGACY_MASTER,CURRENT_2026,2026,138,46276,B,A,2026 verified,MASTER-SNAPSHOT,https://www.ubereats.com/tw/store/21plus%E9%A2%A8%E5%91%B3%E9%A4%A8%E3%80%81%E7%83%A4%E9%9B%9E%E7%82%B8%E9%9B%9E%E5%B0%88%E9%96%80%E5%BA%97-%E6%96%B0%E7%AB%B9%E5%B7%A8%E5%9F%8E/mAt86lTVQkqwvSUfSulDTQ,v0.3新增；平台活動頁明列單份原價138；買一送一不計，只採原價。 v0.3 historical rebuild：HOLD-NO-2020-SAME-ITEM-EVIDENCE；未找到2020心型大雞塊2入同品項正常價證據。,Master,TPI3-R021,正餐／小吃／早餐,21風味館,心型大雞塊（2入）,v0.5-measurement-20260912
MIG-00088,LEG-EC-234,TPI3-R022,LEGACY_MASTER,CURRENT_2026,2026,105,46276,B,A,2026 verified,MASTER-SNAPSHOT,https://www.ubereats.com/tw/store/21plus21%E9%A2%A8%E5%91%B3%E9%A4%A8-%E9%AB%98%E9%9B%84%E9%BC%8E%E4%B8%AD%E9%96%80%E5%B8%82/hZv35xhbVMGlPvuIEnRpNA,v0.3新增；多門市平台明列椒麻香雞堡原價105。 v0.3 historical rebuild：HOLD-NO-2020-SAME-ITEM-EVIDENCE；未找到2020椒麻香雞堡同品項正常價證據。,Master,TPI3-R022,正餐／小吃／早餐,21風味館,椒麻香雞堡,v0.5-measurement-20260912
MIG-00089,LEG-EC-235,TPI3-R023,LEGACY_MASTER,CURRENT_2026,2026,170,46276,B,A,2026 verified,MASTER-SNAPSHOT,https://www.ubereats.com/tw/store/21plus21%E9%A2%A8%E5%91%B3%E9%A4%A8-%E9%AB%98%E9%9B%84%E9%BC%8E%E4%B8%AD%E9%96%80%E5%B8%82/hZv35xhbVMGlPvuIEnRpNA,v0.3新增。FOOD_ONLY_ANALYTICAL_PRICE=105+65=170；不採含飲料的促銷套餐價。 v0.3 historical rebuild：HOLD-NORMAL-COMPONENTS-MISSING；FOOD-ONLY需椒麻香雞堡＋中薯霸兩項2020正常單點價；兩者皆未達標，不能由套餐原價拆算。,Master,TPI3-R023,正餐／小吃／早餐,21風味館,椒麻香雞堡食物套餐（漢堡＋中薯；不含飲料）,v0.5-measurement-20260912
MIG-00090,LEG-EC-249,TPI3-R024,LEGACY_MASTER,BASELINE,2020,99,44091,B,A,Matched,MASTER-SNAPSHOT,https://wp.diary.tw/archives/5687,v0.3新增；三商巧福官方美食寶典建議售價145。 v0.3 historical rebuild：2020-09-17資料引用三商巧福官方活動，明確分列紅燒排骨飯特價85、原價99；Core只採原價99。,Master,TPI3-R024,正餐／小吃／早餐,三商巧福,紅燒排骨飯,v0.5-measurement-20260912
MIG-00091,LEG-EC-249,TPI3-R024,LEGACY_MASTER,CURRENT_2026,2026,145,46276,A,A,Matched,MASTER-SNAPSHOT,https://www.3375.com.tw/Menu/FoodMenu,v0.3新增；三商巧福官方美食寶典建議售價145。 v0.3 historical rebuild：2020-09-17資料引用三商巧福官方活動，明確分列紅燒排骨飯特價85、原價99；Core只採原價99。,Master,TPI3-R024,正餐／小吃／早餐,三商巧福,紅燒排骨飯,v0.5-measurement-20260912
MIG-00092,LEG-EC-255,TPI-057,LEGACY_MASTER,BASELINE,2019,65,43488,C,B,Matched,MASTER-SNAPSHOT,https://yoti.life/mos-menu/,舊頁標題含2020但內文註明常態價源自2018；不列Exact-2020。,Master,TPI-057,正餐／小吃／早餐,摩斯漢堡,薑燒珍珠堡,v0.5-measurement-20260912
MIG-00093,LEG-EC-255,TPI-057,LEGACY_MASTER,CURRENT_2026,2026,70,46274,A,B,Matched,MASTER-SNAPSHOT,https://www.mos.com.tw/menu/set.aspx,舊頁標題含2020但內文註明常態價源自2018；不列Exact-2020。,Master,TPI-057,正餐／小吃／早餐,摩斯漢堡,薑燒珍珠堡,v0.5-measurement-20260912
MIG-00094,LEG-EC-244,TPI3-R025,LEGACY_MASTER,BASELINE,2020,35,44168,D,A,Matched,MASTER-SNAPSHOT,https://www.ptt.cc/bbs/Lifeismoney/M.1607010023.A.7F9.html,v0.3新增；三商巧福官方現燙青菜45。 v0.3 historical rebuild：2020-12-03同期討論明列35元小菜包含現燙青菜；屬一般正常小菜價觀察，非以會員15元折扣回填。Evidence D。,Master,TPI3-R025,正餐／小吃／早餐,三商巧福,現燙青菜,v0.5-measurement-20260912
MIG-00095,LEG-EC-244,TPI3-R025,LEGACY_MASTER,CURRENT_2026,2026,45,46276,A,A,Matched,MASTER-SNAPSHOT,https://www.3375.com.tw/Menu/FoodMenu,v0.3新增；三商巧福官方現燙青菜45。 v0.3 historical rebuild：2020-12-03同期討論明列35元小菜包含現燙青菜；屬一般正常小菜價觀察，非以會員15元折扣回填。Evidence D。,Master,TPI3-R025,正餐／小吃／早餐,三商巧福,現燙青菜,v0.5-measurement-20260912
MIG-00096,LEG-EC-265,TPI3-R026,LEGACY_MASTER,BASELINE,2020,180,44116,B,A,Matched,MASTER-SNAPSHOT,https://cpok.tw/1408,v0.3新增；多家Foodpanda門市同列260起。定食含固定附餐；不把活動179當正常價。 v0.3 historical rebuild：2020-10-12福勝亭週年慶資料明列開運豬排定食優惠139、原價180；Core只採原價180。,Master,TPI3-R026,正餐／小吃／早餐,福勝亭,開運豬排定食,v0.5-measurement-20260912
MIG-00097,LEG-EC-265,TPI3-R026,LEGACY_MASTER,CURRENT_2026,2026,260,46276,B,A,Matched,MASTER-SNAPSHOT,https://www.foodpanda.com.tw/restaurant/n0vh/fu-sheng-ting-min-quan-dian-4614,v0.3新增；多家Foodpanda門市同列260起。定食含固定附餐；不把活動179當正常價。 v0.3 historical rebuild：2020-10-12福勝亭週年慶資料明列開運豬排定食優惠139、原價180；Core只採原價180。,Master,TPI3-R026,正餐／小吃／早餐,福勝亭,開運豬排定食,v0.5-measurement-20260912
MIG-00098,LEG-EC-280,TPI3-R027,LEGACY_MASTER,BASELINE,2020,180,44116,B,A,Matched,MASTER-SNAPSHOT,https://cpok.tw/1408,v0.3新增；多家Foodpanda門市同列260起；官方179為生日慶優惠，不進Core。 v0.3 historical rebuild：2020-10-12資料明列鮮嫩炸雞柳定食優惠139、原價180；Core只採原價180。,Master,TPI3-R027,正餐／小吃／早餐,福勝亭,鮮嫩炸雞柳定食,v0.5-measurement-20260912
MIG-00099,LEG-EC-280,TPI3-R027,LEGACY_MASTER,CURRENT_2026,2026,260,46276,B,A,Matched,MASTER-SNAPSHOT,https://www.foodpanda.com.tw/restaurant/t3fb/fu-sheng-ting-shi-lin-dian-4609,v0.3新增；多家Foodpanda門市同列260起；官方179為生日慶優惠，不進Core。 v0.3 historical rebuild：2020-10-12資料明列鮮嫩炸雞柳定食優惠139、原價180；Core只採原價180。,Master,TPI3-R027,正餐／小吃／早餐,福勝亭,鮮嫩炸雞柳定食,v0.5-measurement-20260912
MIG-00100,LEG-EC-217,TPI-061,LEGACY_MASTER,BASELINE,2020,72,44023,C,A,Matched,MASTER-SNAPSHOT,https://mypaper.pchome.com.tw/nowdz41416/post/1380357989,同名單點品項；歷史價由私人整理頁，現價由民營媒體整理。 Phase4B provenance audit：改用2020-07-11 PChome個人新聞台同期菜單；頁面說明菜單圖片取自麥當勞官網、並標示2020/5/1更新。價格不變。,Master,TPI-061,正餐／小吃／早餐,麥當勞,大麥克,v0.5-measurement-20260912
MIG-00101,LEG-EC-217,TPI-061,LEGACY_MASTER,CURRENT_2026,2026,78,46266,B,A,Matched,MASTER-SNAPSHOT,https://www.money101.com.tw/blog/%E9%BA%A5%E7%95%B6%E5%8B%9E%E8%8F%9C%E5%96%AE-%E6%97%A9%E9%A4%90-%E8%B6%85%E5%80%BC%E5%85%A8%E9%A4%90-11-%E5%83%B9%E6%A0%BC-%E5%84%AA%E6%83%A0-%E4%BF%A1%E7%94%A8%E5%8D%A1%E6%8E%A8%E8%96%A6,同名單點品項；歷史價由私人整理頁，現價由民營媒體整理。 Phase4B provenance audit：改用2020-07-11 PChome個人新聞台同期菜單；頁面說明菜單圖片取自麥當勞官網、並標示2020/5/1更新。價格不變。,Master,TPI-061,正餐／小吃／早餐,麥當勞,大麥克,v0.5-measurement-20260912
MIG-00102,LEG-EC-266,TPI-062,LEGACY_MASTER,BASELINE,2020,62,44023,C,A,Matched,MASTER-SNAPSHOT,https://mypaper.pchome.com.tw/nowdz41416/post/1380357989,同名單點品項；歷史價由私人整理頁，現價由民營媒體整理。 Phase4B provenance audit：改用2020-07-11 PChome個人新聞台同期菜單；頁面說明菜單圖片取自麥當勞官網、並標示2020/5/1更新。價格不變。,Master,TPI-062,正餐／小吃／早餐,麥當勞,雙層牛肉吉事堡,v0.5-measurement-20260912
MIG-00103,LEG-EC-266,TPI-062,LEGACY_MASTER,CURRENT_2026,2026,72,46266,B,A,Matched,MASTER-SNAPSHOT,https://www.money101.com.tw/blog/%E9%BA%A5%E7%95%B6%E5%8B%9E%E8%8F%9C%E5%96%AE-%E6%97%A9%E9%A4%90-%E8%B6%85%E5%80%BC%E5%85%A8%E9%A4%90-11-%E5%83%B9%E6%A0%BC-%E5%84%AA%E6%83%A0-%E4%BF%A1%E7%94%A8%E5%8D%A1%E6%8E%A8%E8%96%A6,同名單點品項；歷史價由私人整理頁，現價由民營媒體整理。 Phase4B provenance audit：改用2020-07-11 PChome個人新聞台同期菜單；頁面說明菜單圖片取自麥當勞官網、並標示2020/5/1更新。價格不變。,Master,TPI-062,正餐／小吃／早餐,麥當勞,雙層牛肉吉事堡,v0.5-measurement-20260912
MIG-00104,LEG-EC-288,TPI-063,LEGACY_MASTER,BASELINE,2020,44,44023,C,A,Matched,MASTER-SNAPSHOT,https://mypaper.pchome.com.tw/nowdz41416/post/1380357989,同名單點品項；歷史價由私人整理頁，現價由民營媒體整理。 Phase4B provenance audit：改用2020-07-11 PChome個人新聞台同期菜單；頁面說明菜單圖片取自麥當勞官網、並標示2020/5/1更新。價格不變。,Master,TPI-063,正餐／小吃／早餐,麥當勞,麥香雞,v0.5-measurement-20260912
MIG-00105,LEG-EC-288,TPI-063,LEGACY_MASTER,CURRENT_2026,2026,48,46266,B,A,Matched,MASTER-SNAPSHOT,https://www.money101.com.tw/blog/%E9%BA%A5%E7%95%B6%E5%8B%9E%E8%8F%9C%E5%96%AE-%E6%97%A9%E9%A4%90-%E8%B6%85%E5%80%BC%E5%85%A8%E9%A4%90-11-%E5%83%B9%E6%A0%BC-%E5%84%AA%E6%83%A0-%E4%BF%A1%E7%94%A8%E5%8D%A1%E6%8E%A8%E8%96%A6,同名單點品項；歷史價由私人整理頁，現價由民營媒體整理。 Phase4B provenance audit：改用2020-07-11 PChome個人新聞台同期菜單；頁面說明菜單圖片取自麥當勞官網、並標示2020/5/1更新。價格不變。,Master,TPI-063,正餐／小吃／早餐,麥當勞,麥香雞,v0.5-measurement-20260912
MIG-00106,LEG-EC-286,TPI-064,LEGACY_MASTER,BASELINE,2020,60,44023,C,A,Matched,MASTER-SNAPSHOT,https://mypaper.pchome.com.tw/nowdz41416/post/1380357989,同名單點品項；歷史價由私人整理頁，現價由民營媒體整理。 Phase4B provenance audit：改用2020-07-11 PChome個人新聞台同期菜單；頁面說明菜單圖片取自麥當勞官網、並標示2020/5/1更新。價格不變。,Master,TPI-064,正餐／小吃／早餐,麥當勞,麥克雞塊6塊,v0.5-measurement-20260912
MIG-00107,LEG-EC-286,TPI-064,LEGACY_MASTER,CURRENT_2026,2026,68,46266,B,A,Matched,MASTER-SNAPSHOT,https://www.money101.com.tw/blog/%E9%BA%A5%E7%95%B6%E5%8B%9E%E8%8F%9C%E5%96%AE-%E6%97%A9%E9%A4%90-%E8%B6%85%E5%80%BC%E5%85%A8%E9%A4%90-11-%E5%83%B9%E6%A0%BC-%E5%84%AA%E6%83%A0-%E4%BF%A1%E7%94%A8%E5%8D%A1%E6%8E%A8%E8%96%A6,同名單點品項；歷史價由私人整理頁，現價由民營媒體整理。 Phase4B provenance audit：改用2020-07-11 PChome個人新聞台同期菜單；頁面說明菜單圖片取自麥當勞官網、並標示2020/5/1更新。價格不變。,Master,TPI-064,正餐／小吃／早餐,麥當勞,麥克雞塊6塊,v0.5-measurement-20260912
MIG-00108,LEG-EC-285,TPI-065,LEGACY_MASTER,BASELINE,2020,100,44023,C,A,Matched,MASTER-SNAPSHOT,https://mypaper.pchome.com.tw/nowdz41416/post/1380357989,同名單點品項；歷史價由私人整理頁，現價由民營媒體整理。 Phase4B provenance audit：改用2020-07-11 PChome個人新聞台同期菜單；頁面說明菜單圖片取自麥當勞官網、並標示2020/5/1更新。價格不變。,Master,TPI-065,正餐／小吃／早餐,麥當勞,麥克雞塊10塊,v0.5-measurement-20260912
MIG-00109,LEG-EC-285,TPI-065,LEGACY_MASTER,CURRENT_2026,2026,109,46266,B,A,Matched,MASTER-SNAPSHOT,https://www.money101.com.tw/blog/%E9%BA%A5%E7%95%B6%E5%8B%9E%E8%8F%9C%E5%96%AE-%E6%97%A9%E9%A4%90-%E8%B6%85%E5%80%BC%E5%85%A8%E9%A4%90-11-%E5%83%B9%E6%A0%BC-%E5%84%AA%E6%83%A0-%E4%BF%A1%E7%94%A8%E5%8D%A1%E6%8E%A8%E8%96%A6,同名單點品項；歷史價由私人整理頁，現價由民營媒體整理。 Phase4B provenance audit：改用2020-07-11 PChome個人新聞台同期菜單；頁面說明菜單圖片取自麥當勞官網、並標示2020/5/1更新。價格不變。,Master,TPI-065,正餐／小吃／早餐,麥當勞,麥克雞塊10塊,v0.5-measurement-20260912
MIG-00110,LEG-EC-199,TPI-066,LEGACY_MASTER,BASELINE,2020,72,44023,C,A,Matched,MASTER-SNAPSHOT,https://mypaper.pchome.com.tw/nowdz41416/post/1380357989,同名單點品項；歷史價由私人整理頁，現價由民營媒體整理。 Phase4B provenance audit：改用2020-07-11 PChome個人新聞台同期菜單；頁面說明菜單圖片取自麥當勞官網、並標示2020/5/1更新。價格不變。,Master,TPI-066,正餐／小吃／早餐,麥當勞,勁辣雞腿堡,v0.5-measurement-20260912
MIG-00111,LEG-EC-199,TPI-066,LEGACY_MASTER,CURRENT_2026,2026,78,46266,B,A,Matched,MASTER-SNAPSHOT,https://www.money101.com.tw/blog/%E9%BA%A5%E7%95%B6%E5%8B%9E%E8%8F%9C%E5%96%AE-%E6%97%A9%E9%A4%90-%E8%B6%85%E5%80%BC%E5%85%A8%E9%A4%90-11-%E5%83%B9%E6%A0%BC-%E5%84%AA%E6%83%A0-%E4%BF%A1%E7%94%A8%E5%8D%A1%E6%8E%A8%E8%96%A6,同名單點品項；歷史價由私人整理頁，現價由民營媒體整理。 Phase4B provenance audit：改用2020-07-11 PChome個人新聞台同期菜單；頁面說明菜單圖片取自麥當勞官網、並標示2020/5/1更新。價格不變。,Master,TPI-066,正餐／小吃／早餐,麥當勞,勁辣雞腿堡,v0.5-measurement-20260912
MIG-00112,LEG-EC-287,TPI-067,LEGACY_MASTER,BASELINE,2020,110,44023,C,A,Matched,MASTER-SNAPSHOT,https://mypaper.pchome.com.tw/nowdz41416/post/1380357989,同名單點品項；歷史價由私人整理頁，現價由民營媒體整理。 Phase4B provenance audit：改用2020-07-11 PChome個人新聞台同期菜單；頁面說明菜單圖片取自麥當勞官網、並標示2020/5/1更新。價格不變。,Master,TPI-067,正餐／小吃／早餐,麥當勞,麥脆雞腿2塊,v0.5-measurement-20260912
MIG-00113,LEG-EC-287,TPI-067,LEGACY_MASTER,CURRENT_2026,2026,126,46266,B,A,Matched,MASTER-SNAPSHOT,https://www.money101.com.tw/blog/%E9%BA%A5%E7%95%B6%E5%8B%9E%E8%8F%9C%E5%96%AE-%E6%97%A9%E9%A4%90-%E8%B6%85%E5%80%BC%E5%85%A8%E9%A4%90-11-%E5%83%B9%E6%A0%BC-%E5%84%AA%E6%83%A0-%E4%BF%A1%E7%94%A8%E5%8D%A1%E6%8E%A8%E8%96%A6,同名單點品項；歷史價由私人整理頁，現價由民營媒體整理。 Phase4B provenance audit：改用2020-07-11 PChome個人新聞台同期菜單；頁面說明菜單圖片取自麥當勞官網、並標示2020/5/1更新。價格不變。,Master,TPI-067,正餐／小吃／早餐,麥當勞,麥脆雞腿2塊,v0.5-measurement-20260912
MIG-00114,LEG-EC-289,TPI3-R028,LEGACY_MASTER,BASELINE,2020,180,44116,B,B,Matched,MASTER-SNAPSHOT,https://cpok.tw/1408,v0.3新增；多家門市同列260起；官方179促銷不採。 v0.3 historical rebuild：2020資料明列金黃鱈魚定食原價180；現行黃金魚排定食已改用巴沙魚，且名稱/魚種世代有變，僅作產品線前身，Comparability=B。,Master,TPI3-R028,正餐／小吃／早餐,福勝亭,黃金魚排定食,v0.5-measurement-20260912
MIG-00115,LEG-EC-289,TPI3-R028,LEGACY_MASTER,CURRENT_2026,2026,260,46276,B,B,Matched,MASTER-SNAPSHOT,https://www.foodpanda.com.tw/restaurant/t0sj/fu-sheng-ting-tai-zhong-xue-shi-dian-4704,v0.3新增；多家門市同列260起；官方179促銷不採。 v0.3 historical rebuild：2020資料明列金黃鱈魚定食原價180；現行黃金魚排定食已改用巴沙魚，且名稱/魚種世代有變，僅作產品線前身，Comparability=B。,Master,TPI3-R028,正餐／小吃／早餐,福勝亭,黃金魚排定食,v0.5-measurement-20260912
MIG-00116,LEG-EC-359,TPI-069,LEGACY_MASTER,BASELINE,2020,360,43852,B,A,Matched,MASTER-SNAPSHOT,https://www.marieclaire.com.tw/lifestyle/whats-hot/47018,同一影城同票種。 Phase4B provenance audit：改用2020-01-22 Marie Claire同期票價表；同一MUVIE台北松仁、同票種，價格不變。,Master,TPI-069,電影／娛樂,MUVIE CINEMAS,一般2D全票,v0.5-measurement-20260912
MIG-00117,LEG-EC-359,TPI-069,LEGACY_MASTER,CURRENT_2026,2026,400,46274,A,A,Matched,MASTER-SNAPSHOT,https://www.vscinemas.com.tw/theater/detail2.aspx?id=23,同一影城同票種。 Phase4B provenance audit：改用2020-01-22 Marie Claire同期票價表；同一MUVIE台北松仁、同票種，價格不變。,Master,TPI-069,電影／娛樂,MUVIE CINEMAS,一般2D全票,v0.5-measurement-20260912
MIG-00118,LEG-EC-358,TPI-070,LEGACY_MASTER,BASELINE,2020,340,43852,B,A,Matched,MASTER-SNAPSHOT,https://www.marieclaire.com.tw/lifestyle/whats-hot/47018,同一影城同票種。 Phase4B provenance audit：改用2020-01-22 Marie Claire同期票價表；同一MUVIE台北松仁、同票種，價格不變。,Master,TPI-070,電影／娛樂,MUVIE CINEMAS,一般2D優待票,v0.5-measurement-20260912
MIG-00119,LEG-EC-358,TPI-070,LEGACY_MASTER,CURRENT_2026,2026,380,46274,A,A,Matched,MASTER-SNAPSHOT,https://www.vscinemas.com.tw/theater/detail2.aspx?id=23,同一影城同票種。 Phase4B provenance audit：改用2020-01-22 Marie Claire同期票價表；同一MUVIE台北松仁、同票種，價格不變。,Master,TPI-070,電影／娛樂,MUVIE CINEMAS,一般2D優待票,v0.5-measurement-20260912
MIG-00120,LEG-EC-360,TPI-071,LEGACY_MASTER,BASELINE,2020,180,43852,B,A,Matched,MASTER-SNAPSHOT,https://www.marieclaire.com.tw/lifestyle/whats-hot/47018,同一影城同票種。 Phase4B provenance audit：改用2020-01-22 Marie Claire同期票價表；同一MUVIE台北松仁、同票種，價格不變。,Master,TPI-071,電影／娛樂,MUVIE CINEMAS,一般2D愛心票,v0.5-measurement-20260912
MIG-00121,LEG-EC-360,TPI-071,LEGACY_MASTER,CURRENT_2026,2026,200,46274,A,A,Matched,MASTER-SNAPSHOT,https://www.vscinemas.com.tw/theater/detail2.aspx?id=23,同一影城同票種。 Phase4B provenance audit：改用2020-01-22 Marie Claire同期票價表；同一MUVIE台北松仁、同票種，價格不變。,Master,TPI-071,電影／娛樂,MUVIE CINEMAS,一般2D愛心票,v0.5-measurement-20260912
MIG-00122,LEG-EC-361,TPI-072,LEGACY_MASTER,BASELINE,2020,180,43852,B,A,Matched,MASTER-SNAPSHOT,https://www.marieclaire.com.tw/lifestyle/whats-hot/47018,同一影城同票種。 Phase4B provenance audit：改用2020-01-22 Marie Claire同期票價表；同一MUVIE台北松仁、同票種，價格不變。,Master,TPI-072,電影／娛樂,MUVIE CINEMAS,一般2D敬老票,v0.5-measurement-20260912
MIG-00123,LEG-EC-361,TPI-072,LEGACY_MASTER,CURRENT_2026,2026,200,46274,A,A,Matched,MASTER-SNAPSHOT,https://www.vscinemas.com.tw/theater/detail2.aspx?id=23,同一影城同票種。 Phase4B provenance audit：改用2020-01-22 Marie Claire同期票價表；同一MUVIE台北松仁、同票種，價格不變。,Master,TPI-072,電影／娛樂,MUVIE CINEMAS,一般2D敬老票,v0.5-measurement-20260912
MIG-00124,LEG-EC-362,TPI-073,LEGACY_MASTER,BASELINE,2020,300,43852,B,A,Matched,MASTER-SNAPSHOT,https://www.marieclaire.com.tw/lifestyle/whats-hot/47018,同一影城同票種。 Phase4B provenance audit：改用2020-01-22 Marie Claire同期票價表；同一MUVIE台北松仁、同票種，價格不變。,Master,TPI-073,電影／娛樂,MUVIE CINEMAS,一般2D早場,v0.5-measurement-20260912
MIG-00125,LEG-EC-362,TPI-073,LEGACY_MASTER,CURRENT_2026,2026,340,46274,A,A,Matched,MASTER-SNAPSHOT,https://www.vscinemas.com.tw/theater/detail2.aspx?id=23,同一影城同票種。 Phase4B provenance audit：改用2020-01-22 Marie Claire同期票價表；同一MUVIE台北松仁、同票種，價格不變。,Master,TPI-073,電影／娛樂,MUVIE CINEMAS,一般2D早場,v0.5-measurement-20260912
MIG-00126,LEG-EC-363,TPI-074,LEGACY_MASTER,BASELINE,2020,430,43852,B,A,Matched,MASTER-SNAPSHOT,https://www.marieclaire.com.tw/lifestyle/whats-hot/47018,同一影城同票種。 Phase4B provenance audit：改用2020-01-22 Marie Claire同期票價表；同一MUVIE台北松仁、同票種，價格不變。,Master,TPI-074,電影／娛樂,MUVIE CINEMAS,數位3D全票,v0.5-measurement-20260912
MIG-00127,LEG-EC-363,TPI-074,LEGACY_MASTER,CURRENT_2026,2026,470,46274,A,A,Matched,MASTER-SNAPSHOT,https://www.vscinemas.com.tw/theater/detail2.aspx?id=23,同一影城同票種。 Phase4B provenance audit：改用2020-01-22 Marie Claire同期票價表；同一MUVIE台北松仁、同票種，價格不變。,Master,TPI-074,電影／娛樂,MUVIE CINEMAS,數位3D全票,v0.5-measurement-20260912
MIG-00128,LEG-EC-364,TPI-075,LEGACY_MASTER,BASELINE,2020,215,43852,B,A,Matched,MASTER-SNAPSHOT,https://www.marieclaire.com.tw/lifestyle/whats-hot/47018,同一影城同票種。 Phase4B provenance audit：改用2020-01-22 Marie Claire同期票價表；同一MUVIE台北松仁、同票種，價格不變。,Master,TPI-075,電影／娛樂,MUVIE CINEMAS,數位3D愛心票,v0.5-measurement-20260912
MIG-00129,LEG-EC-364,TPI-075,LEGACY_MASTER,CURRENT_2026,2026,235,46274,A,A,Matched,MASTER-SNAPSHOT,https://www.vscinemas.com.tw/theater/detail2.aspx?id=23,同一影城同票種。 Phase4B provenance audit：改用2020-01-22 Marie Claire同期票價表；同一MUVIE台北松仁、同票種，價格不變。,Master,TPI-075,電影／娛樂,MUVIE CINEMAS,數位3D愛心票,v0.5-measurement-20260912
MIG-00130,LEG-EC-365,TPI-076,LEGACY_MASTER,BASELINE,2020,370,43852,B,A,Matched,MASTER-SNAPSHOT,https://www.marieclaire.com.tw/lifestyle/whats-hot/47018,同一影城同票種。 Phase4B provenance audit：改用2020-01-22 Marie Claire同期票價表；同一MUVIE台北松仁、同票種，價格不變。,Master,TPI-076,電影／娛樂,MUVIE CINEMAS,數位3D早場,v0.5-measurement-20260912
MIG-00131,LEG-EC-365,TPI-076,LEGACY_MASTER,CURRENT_2026,2026,410,46274,A,A,Matched,MASTER-SNAPSHOT,https://www.vscinemas.com.tw/theater/detail2.aspx?id=23,同一影城同票種。 Phase4B provenance audit：改用2020-01-22 Marie Claire同期票價表；同一MUVIE台北松仁、同票種，價格不變。,Master,TPI-076,電影／娛樂,MUVIE CINEMAS,數位3D早場,v0.5-measurement-20260912
MIG-00132,LEG-EC-357,TPI-077,LEGACY_MASTER,BASELINE,2020,380,43852,B,A,Matched,MASTER-SNAPSHOT,https://www.marieclaire.com.tw/lifestyle/whats-hot/47018,同一影城同票種。 Phase4B provenance audit：改用2020-01-22 Marie Claire同期票價表；同一MUVIE台北松仁、同票種，價格不變。,Master,TPI-077,電影／娛樂,MUVIE CINEMAS,TITAN全票,v0.5-measurement-20260912
MIG-00133,LEG-EC-357,TPI-077,LEGACY_MASTER,CURRENT_2026,2026,470,46274,A,A,Matched,MASTER-SNAPSHOT,https://www.vscinemas.com.tw/theater/detail2.aspx?id=23,同一影城同票種。 Phase4B provenance audit：改用2020-01-22 Marie Claire同期票價表；同一MUVIE台北松仁、同票種，價格不變。,Master,TPI-077,電影／娛樂,MUVIE CINEMAS,TITAN全票,v0.5-measurement-20260912
MIG-00134,LEG-EC-356,TPI-078,LEGACY_MASTER,BASELINE,2020,360,43852,B,A,Matched,MASTER-SNAPSHOT,https://www.marieclaire.com.tw/lifestyle/whats-hot/47018,同一影城同票種。 Phase4B provenance audit：改用2020-01-22 Marie Claire同期票價表；同一MUVIE台北松仁、同票種，價格不變。,Master,TPI-078,電影／娛樂,MUVIE CINEMAS,TITAN優待票,v0.5-measurement-20260912
MIG-00135,LEG-EC-356,TPI-078,LEGACY_MASTER,CURRENT_2026,2026,450,46274,A,A,Matched,MASTER-SNAPSHOT,https://www.vscinemas.com.tw/theater/detail2.aspx?id=23,同一影城同票種。 Phase4B provenance audit：改用2020-01-22 Marie Claire同期票價表；同一MUVIE台北松仁、同票種，價格不變。,Master,TPI-078,電影／娛樂,MUVIE CINEMAS,TITAN優待票,v0.5-measurement-20260912
MIG-00136,LEG-EC-297,TPI-079,LEGACY_MASTER,BASELINE,2021,300,44210,D,A,Matched,MASTER-SNAPSHOT,https://www.ptt.cc/bbs/BigSanchung/M.1610624043.A.2B2.html,2021回報300元；2023官方公告稱十年未調價並調至350，現行官網400。,Master,TPI-079,理髮／美容／洗衣,QB HOUSE,標準剪髮,v0.5-measurement-20260912
MIG-00137,LEG-EC-297,TPI-079,LEGACY_MASTER,CURRENT_2026,2026,400,46274,A,A,Matched,MASTER-SNAPSHOT,https://www.qbhouse.com.tw/guidance,2021回報300元；2023官方公告稱十年未調價並調至350，現行官網400。,Master,TPI-079,理髮／美容／洗衣,QB HOUSE,標準剪髮,v0.5-measurement-20260912
MIG-00138,LEG-EC-023,TPI-080,LEGACY_MASTER,BASELINE,2020,30,43839,D,A,Matched,MASTER-SNAPSHOT,https://www.ptt.cc/bbs/CVS/M.1578543613.A.23A.html,舊價PTT超商板；現價7-ELEVEN鮮食頁。,Master,TPI-080,便利商店食品飲料,7-ELEVEN,雙蔬鮪魚飯糰,v0.5-measurement-20260912
MIG-00139,LEG-EC-023,TPI-080,LEGACY_MASTER,CURRENT_2026,2026,30,46274,A,A,Matched,MASTER-SNAPSHOT,https://www.7-11.com.tw/freshfoods/1_Ricerolls/,舊價PTT超商板；現價7-ELEVEN鮮食頁。,Master,TPI-080,便利商店食品飲料,7-ELEVEN,雙蔬鮪魚飯糰,v0.5-measurement-20260912
MIG-00140,LEG-EC-204,TPI-081,LEGACY_MASTER,BASELINE,2020,115,44169,A,A,Matched,MASTER-SNAPSHOT,https://www.3375.com.tw/Info/NewsDetail/fee5b3f899644a49b2543fa86726cf9b,2020官方活動公告列原價115；2026官方菜單185。,Master,TPI-081,正餐／小吃／早餐,三商巧福,原汁牛肉麵,v0.5-measurement-20260912
MIG-00141,LEG-EC-204,TPI-081,LEGACY_MASTER,CURRENT_2026,2026,185,46274,A,A,Matched,MASTER-SNAPSHOT,https://www.3375.com.tw/Menu/FoodMenu,2020官方活動公告列原價115；2026官方菜單185。,Master,TPI-081,正餐／小吃／早餐,三商巧福,原汁牛肉麵,v0.5-measurement-20260912
MIG-00142,LEG-EC-170,TPI-082,LEGACY_MASTER,BASELINE,2020,350,44195,A,B,Matched,MASTER-SNAPSHOT,https://shop.muji.tw/muji-journal/news/news/201230-1.html,2020同規格歷史價待回溯。 Gate3A Phase4C 2026-09-10：MUJI官方2020-12-30熱銷榜明列『男有機棉天竺圓領短袖T恤 350元』；2024官方為『男女棉混天竺圓領短袖T恤 199元』、2025為『男女天竺圓領短袖T恤 199元』、2026固定品項為『男天竺圓領短袖T恤(素色)』250元。視為同功能日常基本款產品線跨世代銜接，不是同一SKU/barcode，因此 Evidence=A、Comparability=B。,Master,TPI-082,日用品／個人用品,MUJI 無印良品,男天竺圓領短袖T恤(素色),v0.5-measurement-20260912
MIG-00143,LEG-EC-170,TPI-082,LEGACY_MASTER,CURRENT_2026,2026,250,46084,A,B,Matched,MASTER-SNAPSHOT,https://www.muji.tw/muji-journal/news/news/260224.html,2020同規格歷史價待回溯。 Gate3A Phase4C 2026-09-10：MUJI官方2020-12-30熱銷榜明列『男有機棉天竺圓領短袖T恤 350元』；2024官方為『男女棉混天竺圓領短袖T恤 199元』、2025為『男女天竺圓領短袖T恤 199元』、2026固定品項為『男天竺圓領短袖T恤(素色)』250元。視為同功能日常基本款產品線跨世代銜接，不是同一SKU/barcode，因此 Evidence=A、Comparability=B。,Master,TPI-082,日用品／個人用品,MUJI 無印良品,男天竺圓領短袖T恤(素色),v0.5-measurement-20260912
MIG-00144,LEG-EC-162,TPI-083,LEGACY_MASTER,CURRENT_2026,2026,250,46084,A,A,2026 verified,MASTER-SNAPSHOT,https://www.muji.tw/muji-journal/news/news/260224.html,2020同規格歷史價待回溯。,Master,TPI-083,日用品／個人用品,MUJI 無印良品,女天竺圓領短袖T恤,v0.5-measurement-20260912
MIG-00145,LEG-EC-163,TPI-084,LEGACY_MASTER,CURRENT_2026,2026,250,46084,A,A,2026 verified,MASTER-SNAPSHOT,https://www.muji.tw/muji-journal/news/news/260224.html,2020同規格歷史價待回溯。,Master,TPI-084,日用品／個人用品,MUJI 無印良品,女天竺法式袖T恤,v0.5-measurement-20260912
MIG-00146,LEG-EC-154,TPI-085,LEGACY_MASTER,CURRENT_2026,2026,130,46084,A,A,2026 verified,MASTER-SNAPSHOT,https://www.muji.tw/muji-journal/news/news/260224.html,2020同規格歷史價待回溯。,Master,TPI-085,日用品／個人用品,MUJI 無印良品,化妝棉/180入/約65x50mm,v0.5-measurement-20260912
MIG-00147,LEG-EC-158,TPI-086,LEGACY_MASTER,CURRENT_2026,2026,130,46084,A,A,2026 verified,MASTER-SNAPSHOT,https://www.muji.tw/muji-journal/news/news/260224.html,2020同規格歷史價待回溯。,Master,TPI-086,日用品／個人用品,MUJI 無印良品,可撕型化妝棉/86入/約85x60mm,v0.5-measurement-20260912
MIG-00148,LEG-EC-156,TPI-087,LEGACY_MASTER,BASELINE,2020,79,43872,A,A,Matched,MASTER-SNAPSHOT,https://shop.muji.tw/muji-journal/news/news/200211.html,2020原色化妝棉180入79；2026官方110。 Price-semantics audit 2026-09-10：改以MUJI官方2020-02-11來源；同頁明列原色化妝棉180入優惠69、原價79，並在商品推薦再次列79。核心維持一般價79，優惠69明確排除。,Master,TPI-087,日用品／個人用品,MUJI 無印良品,原色化妝棉/180入,v0.5-measurement-20260912
MIG-00149,LEG-EC-156,TPI-087,LEGACY_MASTER,CURRENT_2026,2026,110,46084,A,A,Matched,MASTER-SNAPSHOT,https://www.muji.tw/muji-journal/news/news/260224.html,2020原色化妝棉180入79；2026官方110。 Price-semantics audit 2026-09-10：改以MUJI官方2020-02-11來源；同頁明列原色化妝棉180入優惠69、原價79，並在商品推薦再次列79。核心維持一般價79，優惠69明確排除。,Master,TPI-087,日用品／個人用品,MUJI 無印良品,原色化妝棉/180入,v0.5-measurement-20260912
MIG-00150,LEG-EC-157,TPI-088,LEGACY_MASTER,CURRENT_2026,2026,130,46084,A,A,2026 verified,MASTER-SNAPSHOT,https://www.muji.tw/muji-journal/news/news/260224.html,2020同規格歷史價待回溯。,Master,TPI-088,日用品／個人用品,MUJI 無印良品,原色化妝棉/大片88入,v0.5-measurement-20260912
MIG-00151,LEG-EC-161,TPI-089,LEGACY_MASTER,BASELINE,2020,79,44011,A,B,Matched,MASTER-SNAPSHOT,https://shop.muji.tw/muji-journal/news/news/200629.html,2020壓邊化妝棉189入79；2026官方110。 Gate3A Phase4 provenance forensic 2026-09-10：MUJI官方2020-06-29頁直接列『壓邊化妝棉79元』；2022官方頁再明列『壓邊化妝棉/189入79元』，2026官方調價頁確認189入由79→110。因2020頁未直接寫189入，固定MUJI通路與價格成立，但Exact SKU count需跨期銜接，Comparability A→B。,Master,TPI-089,日用品／個人用品,MUJI 無印良品,壓邊化妝棉/189入,v0.5-measurement-20260912
MIG-00152,LEG-EC-161,TPI-089,LEGACY_MASTER,CURRENT_2026,2026,110,46084,A,B,Matched,MASTER-SNAPSHOT,https://www.muji.tw/muji-journal/news/news/260224.html,2020壓邊化妝棉189入79；2026官方110。 Gate3A Phase4 provenance forensic 2026-09-10：MUJI官方2020-06-29頁直接列『壓邊化妝棉79元』；2022官方頁再明列『壓邊化妝棉/189入79元』，2026官方調價頁確認189入由79→110。因2020頁未直接寫189入，固定MUJI通路與價格成立，但Exact SKU count需跨期銜接，Comparability A→B。,Master,TPI-089,日用品／個人用品,MUJI 無印良品,壓邊化妝棉/189入,v0.5-measurement-20260912
MIG-00153,LEG-EC-171,TPI-090,LEGACY_MASTER,CURRENT_2026,2026,990,46245,A,A,2026 verified,MASTER-SNAPSHOT,https://www.muji.tw/muji-journal/news/news/260805.html,Gate3A Phase4 provenance forensic 2026-09-10：2020價格790來自momo導向的第三方頁，不是固定MUJI門市/官網；未找到2020 MUJI官方固定通路790。且MUJI官方2023調價公告明載男有機棉水洗牛津布襯衫系列原價599→790，令『2020 MUJI正常價790』更不可安全假設。 舊候選價790只保留於audit/ledger，不再計入TPI core historical pair。,Master,TPI-090,日用品／個人用品,MUJI 無印良品,男水洗牛津布扣領長袖襯衫,v0.5-measurement-20260912
MIG-00154,LEG-EC-172,TPI-091,LEGACY_MASTER,CURRENT_2026,2026,990,46245,A,A,2026 verified,MASTER-SNAPSHOT,https://www.muji.tw/muji-journal/news/news/260805.html,2020同規格歷史價待回溯。,Master,TPI-091,日用品／個人用品,MUJI 無印良品,男水洗牛津布立領長袖襯衫,v0.5-measurement-20260912
MIG-00155,LEG-EC-153,TPI-092,LEGACY_MASTER,CURRENT_2026,2026,59,46266,A,A,2026 verified,MASTER-SNAPSHOT,https://www.muji.tw/muji-journal/news/news/260805.html,2020同規格歷史價待回溯。,Master,TPI-092,日用品／個人用品,MUJI 無印良品,再生聚乙烯垃圾袋S,v0.5-measurement-20260912
MIG-00156,LEG-EC-152,TPI-093,LEGACY_MASTER,CURRENT_2026,2026,59,46266,A,A,2026 verified,MASTER-SNAPSHOT,https://www.muji.tw/muji-journal/news/news/260805.html,2020同規格歷史價待回溯。,Master,TPI-093,日用品／個人用品,MUJI 無印良品,再生聚乙烯垃圾袋M,v0.5-measurement-20260912
MIG-00157,LEG-EC-151,TPI-094,LEGACY_MASTER,CURRENT_2026,2026,59,46266,A,A,2026 verified,MASTER-SNAPSHOT,https://www.muji.tw/muji-journal/news/news/260805.html,2020同規格歷史價待回溯。,Master,TPI-094,日用品／個人用品,MUJI 無印良品,再生聚乙烯垃圾袋L,v0.5-measurement-20260912
MIG-00158,LEG-EC-104,TPI-095,LEGACY_MASTER,BASELINE,2020,35,43831,A,A,Matched,MASTER-SNAPSHOT,https://www.icash.com.tw/Home/NewsDetail/9724,icash官方2020活動明列CITY CAFE中杯美式市價35；2026官方35。,Master,TPI-095,咖啡／手搖飲,CITY CAFE,美式咖啡 中杯,v0.5-measurement-20260912
MIG-00159,LEG-EC-104,TPI-095,LEGACY_MASTER,CURRENT_2026,2026,35,46274,A,A,Matched,MASTER-SNAPSHOT,https://www.citycafe.com.tw/price.aspx,icash官方2020活動明列CITY CAFE中杯美式市價35；2026官方35。,Master,TPI-095,咖啡／手搖飲,CITY CAFE,美式咖啡 中杯,v0.5-measurement-20260912
MIG-00160,LEG-EC-105,TPI-096,LEGACY_MASTER,BASELINE,2020,45,44091,C,A,Matched,MASTER-SNAPSHOT,https://cpok.tw/577,2020優惠文明列大杯美式原價45；2026官方45。,Master,TPI-096,咖啡／手搖飲,CITY CAFE,美式咖啡 大杯,v0.5-measurement-20260912
MIG-00161,LEG-EC-105,TPI-096,LEGACY_MASTER,CURRENT_2026,2026,45,46274,A,A,Matched,MASTER-SNAPSHOT,https://www.citycafe.com.tw/price.aspx,2020優惠文明列大杯美式原價45；2026官方45。,Master,TPI-096,咖啡／手搖飲,CITY CAFE,美式咖啡 大杯,v0.5-measurement-20260912
MIG-00162,LEG-EC-106,TPI-097,LEGACY_MASTER,BASELINE,2020,60,44075,C,A,Matched,MASTER-SNAPSHOT,https://cpok.tw/155,2020整理明列特大杯美式原價60；2026官方60。,Master,TPI-097,咖啡／手搖飲,CITY CAFE,美式咖啡 特大杯,v0.5-measurement-20260912
MIG-00163,LEG-EC-106,TPI-097,LEGACY_MASTER,CURRENT_2026,2026,60,46274,A,A,Matched,MASTER-SNAPSHOT,https://www.citycafe.com.tw/price.aspx,2020整理明列特大杯美式原價60；2026官方60。,Master,TPI-097,咖啡／手搖飲,CITY CAFE,美式咖啡 特大杯,v0.5-measurement-20260912
MIG-00164,LEG-EC-089,TPI-098,LEGACY_MASTER,BASELINE,2020,45,43994,D,A,Matched,MASTER-SNAPSHOT,https://www.ptt.cc/man/e-coupon/D505/M.1591974561.A.213.html,2020寄杯券明列中杯拿鐵原價45；2026官方45。,Master,TPI-098,咖啡／手搖飲,CITY CAFE,拿鐵咖啡 中杯,v0.5-measurement-20260912
MIG-00165,LEG-EC-089,TPI-098,LEGACY_MASTER,CURRENT_2026,2026,45,46274,A,A,Matched,MASTER-SNAPSHOT,https://www.citycafe.com.tw/price.aspx,2020寄杯券明列中杯拿鐵原價45；2026官方45。,Master,TPI-098,咖啡／手搖飲,CITY CAFE,拿鐵咖啡 中杯,v0.5-measurement-20260912
MIG-00166,LEG-EC-090,TPI-099,LEGACY_MASTER,BASELINE,2020,55,44091,C,A,Matched,MASTER-SNAPSHOT,https://cpok.tw/577,2020大杯拿鐵原價55；2026官方55。,Master,TPI-099,咖啡／手搖飲,CITY CAFE,拿鐵咖啡 大杯,v0.5-measurement-20260912
MIG-00167,LEG-EC-090,TPI-099,LEGACY_MASTER,CURRENT_2026,2026,55,46274,A,A,Matched,MASTER-SNAPSHOT,https://www.citycafe.com.tw/price.aspx,2020大杯拿鐵原價55；2026官方55。,Master,TPI-099,咖啡／手搖飲,CITY CAFE,拿鐵咖啡 大杯,v0.5-measurement-20260912
MIG-00168,LEG-EC-091,TPI-100,LEGACY_MASTER,BASELINE,2020,70,44075,C,A,Matched,MASTER-SNAPSHOT,https://cpok.tw/155,2020特大杯拿鐵原價70；2026官方70。,Master,TPI-100,咖啡／手搖飲,CITY CAFE,拿鐵咖啡 特大杯,v0.5-measurement-20260912
MIG-00169,LEG-EC-091,TPI-100,LEGACY_MASTER,CURRENT_2026,2026,70,46274,A,A,Matched,MASTER-SNAPSHOT,https://www.citycafe.com.tw/price.aspx,2020特大杯拿鐵原價70；2026官方70。,Master,TPI-100,咖啡／手搖飲,CITY CAFE,拿鐵咖啡 特大杯,v0.5-measurement-20260912
MIG-00170,LEG-EC-306,TPI-104,LEGACY_MASTER,CURRENT_2026,2026,209,46274,A,B,2026 verified,MASTER-SNAPSHOT,https://shop.pxgo.com.tw/hourArrive/goods/245742-26010042-4710265030334,全聯官方小時達現行為『三好米契約栽培台稉九號米2.5kg(三等米)』一般價209；原固定為三好台梗九號2kg，包裝與具名SKU均有差異，PACKAGE-CHANGE + ID-REFINED，不直接跨規格比較。,Master,TPI-104,超市／自煮食材,固定SKU／標準規格,三好米 台梗九號 2kg,v0.5-measurement-20260912
MIG-00171,LEG-EC-306,TPI-105,LEGACY_MASTER,CURRENT_2026,2026,289,46274,A,B,2026 verified,MASTER-SNAPSHOT,https://online.uni-prosperity.com.tw/zh/search/?attributes=%E7%B1%B3%E6%B2%B9%E6%B2%96%E6%B3%A1+%3E+%E7%B1%B3%EF%BC%8E%E9%A3%9F%E7%94%A8%E6%B2%B9+%3E+%E7%B1%B3+%3E+%E7%B1%B3&q=CONGMI,萬家福官方 successor site 現行『三好履歷台梗九號米(圓三)2.2kg』一般價289、促銷208不採；原固定2kg，PACKAGE-CHANGE + ID-REFINED + CHANNEL-REFINED。,Master,TPI-105,超市／自煮食材,固定SKU／標準規格,三好米 台梗九號 2kg,v0.5-measurement-20260912
MIG-00172,LEG-EC-340,TPI-107,LEGACY_MASTER,CURRENT_2026,2026,86,46274,A,B,2026 verified,MASTER-SNAPSHOT,https://shop.pxgo.com.tw/hourArrive/goods/238167-21020397-4710126150096,全聯官方小時達現行為義美全脂鮮乳1000ml一般價86；原固定936ml已換規格，PACKAGE-CHANGE；不與936ml歷史價直接計算。,Master,TPI-107,超市／自煮食材,固定SKU／標準規格,義美全脂鮮乳 936ml,v0.5-measurement-20260912
MIG-00173,LEG-EC-340,TPI-108,LEGACY_MASTER,CURRENT_2026,2026,89,46274,A,B,2026 verified,MASTER-SNAPSHOT,https://online.uni-prosperity.com.tw/zh/%E7%BE%A9%E7%BE%8E/1501002900101.html,萬家福官方 successor site 現行義美全脂鮮奶1000ml一般價89、促銷86不採；原固定936ml，PACKAGE-CHANGE + CHANNEL-REFINED。,Master,TPI-108,超市／自煮食材,固定SKU／標準規格,義美全脂鮮乳 936ml,v0.5-measurement-20260912
MIG-00174,LEG-EC-311,TPI-110,LEGACY_MASTER,CURRENT_2026,2026,88,46274,A,A,2026 verified,MASTER-SNAPSHOT,https://shop.pxgo.com.tw/hourArrive/goods/254626-20533905-4710105010113,全聯小時達單件一般價；促銷另記，不取代核心。,Master,TPI-110,超市／自煮食材,固定SKU／標準規格,光泉全脂鮮乳 936ml,v0.5-measurement-20260912
MIG-00175,LEG-EC-311,TPI-111,LEGACY_MASTER,CURRENT_2026,2026,93,46274,A,B,2026 verified,MASTER-SNAPSHOT,https://online.uni-prosperity.com.tw/zh/%E5%93%81%E7%89%8C%E6%97%97%E8%89%A6%E9%A4%A8/%E5%85%89%E6%B3%89%E5%93%81%E7%89%8C%E9%A4%A8/%E5%85%89%E6%B3%89%E9%AE%AE%E4%B9%B3-2,萬家福官方 successor site 重新驗證：光泉100%純全脂鮮乳936ml一般價93；固定basket仍保留原家樂福通路身份；CHANNEL-REFINED，Comparability=B。,Master,TPI-111,超市／自煮食材,光泉,光泉100%純全脂鮮乳(無調整)936ml,v0.5-measurement-20260912
MIG-00176,LEG-EC-336,TPI-113,LEGACY_MASTER,CURRENT_2026,2026,85,46274,A,A,2026 verified,MASTER-SNAPSHOT,https://shop.pxgo.com.tw/hourArrive/goods/253422-21210008-4710088432674,全聯小時達單件一般價；促銷另記，不取代核心。,Master,TPI-113,超市／自煮食材,固定SKU／標準規格,統一瑞穗全脂鮮乳 930ml,v0.5-measurement-20260912
MIG-00177,LEG-EC-336,TPI-114,LEGACY_MASTER,CURRENT_2026,2026,85,46274,A,B,2026 verified,MASTER-SNAPSHOT,https://online.uni-prosperity.com.tw/zh/%E7%B5%B1%E4%B8%80/1501001100101.html,萬家福官方 successor site：瑞穗全脂鮮乳930ml原價85；與固定規格930ml一致。僅因通路 successor 標 CHANNEL-REFINED，歷史同規格搜尋優先。,Master,TPI-114,超市／自煮食材,固定SKU／標準規格,統一瑞穗全脂鮮乳 930ml,v0.5-measurement-20260912
MIG-00178,LEG-EC-344,TPI-116,LEGACY_MASTER,CURRENT_2026,2026,45,46274,A,A,2026 verified,MASTER-SNAPSHOT,https://shop.pxgo.com.tw/hourArrive/goods/254632-32020015-4710126206304,全聯小時達單件一般價；促銷另記，不取代核心。,Master,TPI-116,超市／自煮食材,固定SKU／標準規格,義美無加糖厚的豆奶 936ml,v0.5-measurement-20260912
MIG-00179,LEG-EC-344,TPI-117,LEGACY_MASTER,CURRENT_2026,2026,54,46274,A,B,2026 verified,MASTER-SNAPSHOT,https://online.uni-prosperity.com.tw/zh/%E7%BE%A9%E7%BE%8E/1501408600101.html,萬家福官方 successor site 重新驗證：義美無加糖厚豆奶936ml一般價54；促銷價不取代核心；CHANNEL-REFINED，Comparability=B。,Master,TPI-117,超市／自煮食材,固定SKU／標準規格,義美無加糖厚的豆奶 936ml,v0.5-measurement-20260912
MIG-00180,LEG-EC-328,TPI-119,LEGACY_MASTER,BASELINE,2020,109,43979,D,B,Matched,MASTER-SNAPSHOT,https://www.ptt.cc/bbs/Lifeismoney/M.1590633370.A.B2E.html,Round 2固定通路交叉驗證：2020-05-28 PTT消費者實價明確指出全聯109元，並說明該價格容量為800g；另以全聯官方2020/2/21-3/5指定商品清單確認『桂格大燕麥片即沖即食配方淨重800g』、條碼4710043105124當年確實在全聯販售。因109元價格句本身未寫出『即沖即食』子SKU全名，不能把兩份證據誤寫成官方109元；故Evidence=D、Comparability=B。 全聯小時達單件一般價；促銷另記，不取代核心。,Master,TPI-119,超市／自煮食材,固定SKU／標準規格,桂格即沖即食大燕麥片 800g,v0.5-measurement-20260912
MIG-00181,LEG-EC-328,TPI-119,LEGACY_MASTER,CURRENT_2026,2026,129,46274,A,B,Matched,MASTER-SNAPSHOT,https://shop.pxgo.com.tw/hourArrive/goods/246556-20083109-4710043105124,Round 2固定通路交叉驗證：2020-05-28 PTT消費者實價明確指出全聯109元，並說明該價格容量為800g；另以全聯官方2020/2/21-3/5指定商品清單確認『桂格大燕麥片即沖即食配方淨重800g』、條碼4710043105124當年確實在全聯販售。因109元價格句本身未寫出『即沖即食』子SKU全名，不能把兩份證據誤寫成官方109元；故Evidence=D、Comparability=B。 全聯小時達單件一般價；促銷另記，不取代核心。,Master,TPI-119,超市／自煮食材,固定SKU／標準規格,桂格即沖即食大燕麥片 800g,v0.5-measurement-20260912
MIG-00182,LEG-EC-328,TPI-120,LEGACY_MASTER,CURRENT_2026,2026,129,46274,A,B,2026 verified,MASTER-SNAPSHOT,https://online.uni-prosperity.com.tw/zh/%E6%A1%82%E6%A0%BC/1435304000101.html,萬家福官方 successor site 重新驗證：桂格原片原味大燕麥片800g一般價129；先前口頭推估119不採，核心維持129；CHANNEL-REFINED，Comparability=B。,Master,TPI-120,超市／自煮食材,固定SKU／標準規格,桂格原片原味大燕麥片 800g,v0.5-measurement-20260912
MIG-00183,LEG-EC-337,TPI-122,LEGACY_MASTER,CURRENT_2026,2026,69,46274,A,B,2026 verified,MASTER-SNAPSHOT,https://shop.pxgo.com.tw/hourArrive/activity/218,現行75g×5、69元；歷史配對需先確認規格。,Master,TPI-122,超市／自煮食材,固定SKU／標準規格,統一肉燥風味大號 75g×5入,v0.5-measurement-20260912
MIG-00184,LEG-EC-337,TPI-123,LEGACY_MASTER,CURRENT_2026,2026,80,46274,A,B,2026 verified,MASTER-SNAPSHOT,https://online.uni-prosperity.com.tw/zh/%E7%B5%B1%E4%B8%80/1450200900105.html,萬家福官方 successor site 重新驗證：統一肉燥麵85g×5一般價80；促銷78不採；CHANNEL-REFINED，Comparability=B。,Master,TPI-123,超市／自煮食材,固定SKU／標準規格,統一肉燥麵 85g×5入,v0.5-measurement-20260912
MIG-00185,LEG-EC-338,TPI-125,LEGACY_MASTER,BASELINE,2020,75,44042,D,A,Matched,MASTER-SNAPSHOT,https://www.ptt.cc/bbs/Lifeismoney/M.1596121555.A.EE7.html,2020-07-30 PTT Lifeismoney 消費者實價整理：同文列全家中元活動『維力炸醬麵90g 5入 $78』，並另註『全聯訪價$75』。核心採的是全聯訪價75，不採全家活動78。Evidence=D；固定通路全聯、5入規格與2026相符，Comparability=A。 全聯小時達單件一般價；促銷另記，不取代核心。,Master,TPI-125,超市／自煮食材,固定SKU／標準規格,維力炸醬麵 5入,v0.5-measurement-20260912
MIG-00186,LEG-EC-338,TPI-125,LEGACY_MASTER,CURRENT_2026,2026,76,46274,A,A,Matched,MASTER-SNAPSHOT,https://shop.pxgo.com.tw/hourArrive/goods/253503-20645800-4710199019146,2020-07-30 PTT Lifeismoney 消費者實價整理：同文列全家中元活動『維力炸醬麵90g 5入 $78』，並另註『全聯訪價$75』。核心採的是全聯訪價75，不採全家活動78。Evidence=D；固定通路全聯、5入規格與2026相符，Comparability=A。 全聯小時達單件一般價；促銷另記，不取代核心。,Master,TPI-125,超市／自煮食材,固定SKU／標準規格,維力炸醬麵 5入,v0.5-measurement-20260912
MIG-00187,LEG-EC-338,TPI-126,LEGACY_MASTER,CURRENT_2026,2026,77,46274,A,B,2026 verified,MASTER-SNAPSHOT,https://online.uni-prosperity.com.tw/zh/%E7%B6%AD%E5%8A%9B/1450501300105.html,萬家福官方 successor site 重新驗證：維力炸醬麵90g×5一般價77；舊core 75由本次revalidation supersede；CHANNEL-REFINED，Comparability=B。,Master,TPI-126,超市／自煮食材,固定SKU／標準規格,維力炸醬麵 90g×5入,v0.5-measurement-20260912
MIG-00188,LEG-EC-317,TPI-128,LEGACY_MASTER,CURRENT_2026,2026,76,46274,A,A,2026 verified,MASTER-SNAPSHOT,https://shop.pxgo.com.tw/hourArrive/goods/246603-36110151-4710110510523,單件價76元。,Master,TPI-128,超市／自煮食材,固定SKU／標準規格,味味A排骨雞湯麵 90g×5入,v0.5-measurement-20260912
MIG-00189,LEG-EC-317,TPI-129,LEGACY_MASTER,CURRENT_2026,2026,82,46274,A,B,2026 verified,MASTER-SNAPSHOT,https://online.uni-prosperity.com.tw/zh/%E5%91%B3%E4%B8%B9/1450000000105.html,萬家福官方 successor site 重新驗證：味味A排骨雞麵90g×5一般價82；促銷72不採；舊core 76由本次revalidation supersede；CHANNEL-REFINED，Comparability=B。,Master,TPI-129,超市／自煮食材,固定SKU／標準規格,味味A排骨雞麵 90g×5入,v0.5-measurement-20260912
MIG-00190,LEG-EC-314,TPI-131,LEGACY_MASTER,CURRENT_2026,2026,36,46274,A,A,2026 verified,MASTER-SNAPSHOT,https://shop.pxgo.com.tw/hourArrive/goods/239027-20337713-4710311010211,全聯小時達單件一般價；促銷另記，不取代核心。,Master,TPI-131,超市／自煮食材,固定SKU／標準規格,台糖貳號砂糖 1kg,v0.5-measurement-20260912
MIG-00191,LEG-EC-314,TPI-132,LEGACY_MASTER,CURRENT_2026,2026,36,46274,A,B,2026 verified,MASTER-SNAPSHOT,https://online.uni-prosperity.com.tw/zh/search/?attributes=%E7%B1%B3%E6%B2%B9%E6%B2%96%E6%B3%A1%20%3E%20%E8%AA%BF%E5%91%B3%EF%BC%8E%E7%BD%90%E9%A0%AD%E6%B9%AF%E5%93%81%EF%BC%8E%E5%8D%97%E5%8C%97%E8%B2%A8%20%3E%20%E8%AA%BF%E5%91%B3%E5%93%81%20%3E%20%E7%B3%96%E7%B2%89&q=%E5%8F%B0%E7%B3%96,萬家福官方 successor site 重新驗證：台糖貳號砂糖1kg一般價36；CHANNEL-REFINED，Comparability=B。,Master,TPI-132,超市／自煮食材,固定SKU／標準規格,台糖貳號砂糖 1kg,v0.5-measurement-20260912
MIG-00192,LEG-EC-315,TPI-134,LEGACY_MASTER,CURRENT_2026,2026,16,46274,A,A,2026 verified,MASTER-SNAPSHOT,https://shop.pxgo.com.tw/hourArrive/goods/253620-51220002-4711271000014,單件價16元。,Master,TPI-134,超市／自煮食材,固定SKU／標準規格,台鹽高級碘鹽 1kg,v0.5-measurement-20260912
MIG-00193,LEG-EC-315,TPI-135,LEGACY_MASTER,CURRENT_2026,2026,17,46274,A,B,2026 verified,MASTER-SNAPSHOT,https://online.uni-prosperity.com.tw/en/%E5%8F%B0%E9%B9%BD/1460000500101.html?categoryId=1752,萬家福官方 successor site 重新驗證：台鹽高級碘鹽1kg原價17；CHANNEL-REFINED，Comparability=B。,Master,TPI-135,超市／自煮食材,台鹽,台鹽高級碘鹽 1kg,v0.5-measurement-20260912
MIG-00194,LEG-EC-346,TPI-137,LEGACY_MASTER,CURRENT_2026,2026,88,46274,A,B,2026 verified,MASTER-SNAPSHOT,https://shop.pxgo.com.tw/hourArrive/goods/240014-51050037-4711001450027,全聯官方小時達現行萬家香純佳釀醬油450ml一般價88；原固定1L，PACKAGE-CHANGE，不直接跨規格比較。,Master,TPI-137,超市／自煮食材,固定SKU／標準規格,萬家香純佳釀醬油 1L,v0.5-measurement-20260912
MIG-00195,LEG-EC-346,TPI-138,LEGACY_MASTER,CURRENT_2026,2026,97,46274,A,B,2026 verified,MASTER-SNAPSHOT,https://online.uni-prosperity.com.tw/zh/%E8%90%AC%E5%AE%B6%E9%A6%99/1462009500101.html,萬家福官方 successor site 現行萬家香純佳釀醬油450ml原價97；原固定1L，PACKAGE-CHANGE + CHANNEL-REFINED。,Master,TPI-138,超市／自煮食材,固定SKU／標準規格,萬家香純佳釀醬油 1L,v0.5-measurement-20260912
MIG-00196,LEG-EC-349,TPI-140,LEGACY_MASTER,CURRENT_2026,2026,69,46274,A,A,2026 verified,MASTER-SNAPSHOT,https://shop.pxgo.com.tw/hourarrive/goods/237901-20133956-4710012129069,單件價69；多件促銷不取代。,Master,TPI-140,超市／自煮食材,固定SKU／標準規格,金蘭特級醬油 1000ml,v0.5-measurement-20260912
MIG-00197,LEG-EC-349,TPI-141,LEGACY_MASTER,CURRENT_2026,2026,132,46274,A,B,2026 verified,MASTER-SNAPSHOT,"https://online.uni-prosperity.com.tw/zh/search/tagPage/?tags=%E9%86%AC%E6%B2%B9,%E9%87%91%E8%98%AD",萬家福官方2026-09列表顯示現行『金蘭醬油2L』一般價132；原固定1L已換規格，PACKAGE-CHANGE + CHANNEL-REFINED；不與1L歷史價直接比較。,Master,TPI-141,超市／自煮食材,固定SKU／標準規格,金蘭醬油 1L,v0.5-measurement-20260912
MIG-00198,LEG-EC-331,TPI-143,LEGACY_MASTER,CURRENT_2026,2026,109,46274,A,B,2026 verified,MASTER-SNAPSHOT,https://pxbox.es.pxmart.com.tw/product/358316,全聯全電商官方現行淬釀醬油露500ml原價109、特價77不採；原固定1L，PACKAGE-CHANGE；且來源為全聯全電商而非原一般門市口徑，另標CHANNEL-REFINED/B。,Master,TPI-143,超市／自煮食材,固定SKU／標準規格,淬釀醬油露 1L,v0.5-measurement-20260912
MIG-00199,LEG-EC-331,TPI-144,LEGACY_MASTER,CURRENT_2026,2026,99,46274,A,B,2026 verified,MASTER-SNAPSHOT,https://online.uni-prosperity.com.tw/zh/search/tagPage/?tags=%E5%91%B3%E5%85%A8%2C%E9%86%AC%E6%B2%B9%E9%9C%B2,萬家福官方2026-09列表現行『淬釀醬油露500ml』一般價99、促銷77不採；原固定1L，PACKAGE-CHANGE + CHANNEL-REFINED。,Master,TPI-144,超市／自煮食材,固定SKU／標準規格,淬釀醬油露 1L,v0.5-measurement-20260912
MIG-00200,LEG-EC-324,TPI-146,LEGACY_MASTER,CURRENT_2026,2026,230,46274,A,A,2026 verified,MASTER-SNAPSHOT,https://shop.pxgo.com.tw/hourArrive/goods/237722-20120685-4710043552065,全聯小時達單件一般價；促銷另記，不取代核心。,Master,TPI-146,超市／自煮食材,固定SKU／標準規格,得意的一天 葵花油 2L,v0.5-measurement-20260912
MIG-00201,LEG-EC-324,TPI-147,LEGACY_MASTER,CURRENT_2026,2026,305,46274,A,B,2026 verified,MASTER-SNAPSHOT,https://online.uni-prosperity.com.tw/zh/%E5%93%81%E7%89%8C%E6%97%97%E8%89%A6%E9%A4%A8/%E4%BD%B3%E6%A0%BC%E5%93%81%E7%89%8C%E9%A4%A8/%E5%BE%97%E6%84%8F%E7%9A%84%E4%B8%80%E5%A4%A9%E9%A3%9F%E7%94%A8%E6%B2%B9%E5%93%81,萬家福官方2026-09現行得意的一天100%葵花油2.4L一般價305、促銷276不採；原固定2L，PACKAGE-CHANGE + CHANNEL-REFINED。,Master,TPI-147,超市／自煮食材,固定SKU／標準規格,得意的一天 葵花油 2L,v0.5-measurement-20260912
MIG-00202,LEG-EC-330,TPI-149,LEGACY_MASTER,CURRENT_2026,2026,355,46274,A,B,2026 verified,MASTER-SNAPSHOT,https://shop.pxgo.com.tw/hourArrive/goods/254036-05010051-4710095340108,全聯官方小時達現行泰山玄米油2L一般價355；原固定1.5L，PACKAGE-CHANGE，不直接跨規格比較。,Master,TPI-149,超市／自煮食材,固定SKU／標準規格,泰山玄米油 1.5L,v0.5-measurement-20260912
MIG-00203,LEG-EC-330,TPI-150,LEGACY_MASTER,CURRENT_2026,2026,242,46274,A,B,2026 verified,MASTER-SNAPSHOT,https://online.uni-prosperity.com.tw/zh/%E6%B3%B0%E5%B1%B1/1461513300101.html,萬家福官方 successor site 重新驗證：泰山玄米油1.5L原價242；舊core 234由本次revalidation supersede；CHANNEL-REFINED，Comparability=B。,Master,TPI-150,超市／自煮食材,泰山,泰山玄米油 1.5L,v0.5-measurement-20260912
MIG-00204,LEG-EC-325,TPI-152,LEGACY_MASTER,CURRENT_2026,2026,36,46274,A,A,2026 verified,MASTER-SNAPSHOT,https://shop.pxgo.com.tw/hourArrive/goods/239611-20312091-4710626111412,全聯小時達單件一般價；促銷另記，不取代核心。,Master,TPI-152,超市／自煮食材,固定SKU／標準規格,愛之味土豆麵筋 170g,v0.5-measurement-20260912
MIG-00205,LEG-EC-325,TPI-153,LEGACY_MASTER,CURRENT_2026,2026,36,46274,A,B,2026 verified,MASTER-SNAPSHOT,https://online.uni-prosperity.com.tw/zh/%E6%84%9B%E4%B9%8B%E5%91%B3/1484000600103.html,家樂福官方頁為170g×3罐；一般價108、當期促銷96不採。核心透明單位化為36元/170g；UNIT-NORMALIZED，故Comparability=B。 Metadata audit 2026-09-10：固定basket通路身份仍為家樂福；目前2026來源為online.uni-prosperity.com.tw之萬家福successor channel，故補標CHANNEL-REFINED並統一Comparability=B；價格、日期、Evidence與來源URL未變。,Master,TPI-153,超市／自煮食材,固定SKU／標準規格,愛之味土豆麵筋 170g,v0.5-measurement-20260912
MIG-00206,LEG-EC-326,TPI-155,LEGACY_MASTER,CURRENT_2026,2026,48,46274,A,A,2026 verified,MASTER-SNAPSHOT,https://shop.pxgo.com.tw/hourArrive/goods/249925-20282564-4710057500014,全聯小時達單件一般價；促銷另記，不取代核心。,Master,TPI-155,超市／自煮食材,固定SKU／標準規格,新東陽辣味肉醬 160g,v0.5-measurement-20260912
MIG-00207,LEG-EC-326,TPI-156,LEGACY_MASTER,CURRENT_2026,2026,45,46274,A,B,2026 verified,MASTER-SNAPSHOT,https://online.uni-prosperity.com.tw/zh/%E6%96%B0%E6%9D%B1%E9%99%BD/1483301000103.html,萬家福官方商品為147g×3罐，一般價135、促銷116不採；透明單位化135/3=45元/147g。原固定160g，PACKAGE-CHANGE；不得與160g歷史價直接算漲幅。,Master,TPI-156,超市／自煮食材,固定SKU／標準規格,新東陽辣味肉醬 160g,v0.5-measurement-20260912
MIG-00208,LEG-EC-320,TPI-161,LEGACY_MASTER,CURRENT_2026,2026,28,46274,A,A,2026 verified,MASTER-SNAPSHOT,https://shop.pxgo.com.tw/hourArrive/goods/238024-06120137-4710018028809,全聯小時達單件一般價；促銷另記，不取代核心。,Master,TPI-161,超市／自煮食材,固定SKU／標準規格,太古可口可樂（曲線瓶）600ml,v0.5-measurement-20260912
MIG-00209,LEG-EC-320,TPI-162,LEGACY_MASTER,CURRENT_2026,2026,30,46274,A,B,2026 verified,MASTER-SNAPSHOT,https://online.uni-prosperity.com.tw/zh/cocacola-%E5%8F%AF%E5%8F%A3%E5%8F%AF%E6%A8%82/1000001200104.html,萬家福官方 successor site：可口可樂600ml×4一般價120，透明單位化30/600ml；促銷不採；UNIT-NORMALIZED / CHANNEL-REFINED，Comparability=B。,Master,TPI-162,超市／自煮食材,Coca-Cola 可口可樂,可口可樂 600ml,v0.5-measurement-20260912
MIG-00210,LEG-EC-355,TPI-164,LEGACY_MASTER,CURRENT_2026,2026,23,46274,A,A,2026 verified,MASTER-SNAPSHOT,https://shop.pxgo.com.tw/hourArrive/goods/238816-20571583-4710154012144,全聯小時達單件一般價；促銷另記，不取代核心。,Master,TPI-164,超市／自煮食材,固定SKU／標準規格,黑松沙士 600ml,v0.5-measurement-20260912
MIG-00211,LEG-EC-355,TPI-165,LEGACY_MASTER,CURRENT_2026,2026,28.75,46274,A,B,2026 verified,MASTER-SNAPSHOT,https://online.uni-prosperity.com.tw/zh/%E9%BB%91%E6%9D%BE%E6%B2%99%E5%A3%AB/1000200900104.html,萬家福官方 successor site：黑松沙士600ml×4一般價115，透明單位化28.75/600ml；促銷90不採；舊core 26.75由本次revalidation supersede；UNIT-NORMALIZED / CHANNEL-REFINED，Comparability=B。,Master,TPI-165,超市／自煮食材,黑松,黑松沙士 600ml,v0.5-measurement-20260912
MIG-00212,LEG-EC-342,TPI-167,LEGACY_MASTER,CURRENT_2026,2026,33,46274,A,B,2026 verified,MASTER-SNAPSHOT,https://shop.pxgo.com.tw/hourArrive/goods/242266-20467304-4710126021006,原171g已非現行規格；2026為65g、33元。,Master,TPI-167,超市／自煮食材,固定SKU／標準規格,義美小泡芙－巧克力 65g,v0.5-measurement-20260912
MIG-00213,LEG-EC-342,TPI-168,LEGACY_MASTER,CURRENT_2026,2026,99,46274,A,B,2026 verified,MASTER-SNAPSHOT,https://online.uni-prosperity.com.tw/zh/search/?attributes=%E9%A3%B2%E6%96%99%E9%9B%B6%E9%A3%9F+%3E+%E7%B2%BE%E9%81%B8%E9%A4%85%E4%B9%BE+%3E+%E7%94%9C%E9%A4%85%E4%B9%BE&q=%E7%BE%A9%E7%BE%8E,家樂福官方列表列[限量]義美巧克力小泡芙(三入)171g一般價99、活動價89；核心採一般價99。 Metadata audit 2026-09-10：固定basket通路身份仍為家樂福；目前2026來源為online.uni-prosperity.com.tw之萬家福successor channel，故補標CHANNEL-REFINED並統一Comparability=B；價格、日期、Evidence與來源URL未變。,Master,TPI-168,超市／自煮食材,固定SKU／標準規格,義美小泡芙巧克力 171g,v0.5-measurement-20260912
MIG-00214,LEG-EC-309,TPI-170,LEGACY_MASTER,CURRENT_2026,2026,24,46274,A,A,2026 verified,MASTER-SNAPSHOT,https://shop.pxgo.com.tw/hourArrive/goods/237826-20467216-4710015101284,單件價24元。,Master,TPI-170,超市／自煮食材,固定SKU／標準規格,乖乖玉米脆條－五香 52g,v0.5-measurement-20260912
MIG-00215,LEG-EC-309,TPI-171,LEGACY_MASTER,CURRENT_2026,2026,36,46274,A,B,2026 verified,MASTER-SNAPSHOT,https://online.uni-prosperity.com.tw/zh/%E8%A1%8C%E9%8A%B7%E4%B8%BB%E9%A1%8C/%E4%B9%96%E4%B9%96,萬家福官方現行乖乖五香為80g一般價36、促銷32不採；原固定52g，PACKAGE-CHANGE + CHANNEL-REFINED。,Master,TPI-171,超市／自煮食材,固定SKU／標準規格,乖乖五香 52g,v0.5-measurement-20260912
MIG-00216,LEG-EC-329,TPI-173,LEGACY_MASTER,CURRENT_2026,2026,28,46274,A,B,2026 verified,MASTER-SNAPSHOT,https://shop.pxgo.com.tw/hourArrive/goods/377120-27010427-4710543113049,2026為59.5g、28元；原master 72g不再視為直接同規格。,Master,TPI-173,超市／自煮食材,固定SKU／標準規格,樂事洋芋片－美國經典原味（常態袋裝）,v0.5-measurement-20260912
MIG-00217,LEG-EC-329,TPI-174,LEGACY_MASTER,CURRENT_2026,2026,40,46274,A,B,2026 verified,MASTER-SNAPSHOT,https://online.uni-prosperity.com.tw/zh/%E9%A3%B2%E6%96%99%E9%9B%B6%E9%A3%9F/%E4%BC%91%E9%96%92%E9%9B%B6%E9%A3%9F/%E6%B4%8B%E8%8A%8B%E7%89%87%E8%96%AF%E6%A2%9D/%E5%8E%9F%E5%91%B3,原固定為樂事原味洋芋片72g；家樂福官方現行標準『美國經典原味洋芋片』為85g、一般價40。保留PACKAGE-CHANGE，不跨規格計算漲幅。 Metadata audit 2026-09-10：固定basket通路身份仍為家樂福；目前2026來源為online.uni-prosperity.com.tw之萬家福successor channel，故補標CHANNEL-REFINED並統一Comparability=B；價格、日期、Evidence與來源URL未變。,Master,TPI-174,超市／自煮食材,固定SKU／標準規格,樂事原味洋芋片 72g,v0.5-measurement-20260912
MIG-00218,LEG-EC-343,TPI-176,LEGACY_MASTER,CURRENT_2026,2026,145,46274,A,A,2026 verified,MASTER-SNAPSHOT,https://shop.pxgo.com.tw/hourArrive/goods/238224-21060004-4710126092822,全聯小時達單件一般價；促銷另記，不取代核心。,Master,TPI-176,超市／自煮食材,固定SKU／標準規格,義美水餃-豬肉高麗菜 1050g,v0.5-measurement-20260912
MIG-00219,LEG-EC-343,TPI-177,LEGACY_MASTER,CURRENT_2026,2026,160,46274,A,B,2026 verified,MASTER-SNAPSHOT,https://online.uni-prosperity.com.tw/zh/1525006500101.html,萬家福官方 successor site：義美豬肉高麗菜水餃現行936g一般價160；原固定1050g已發生規格差異，PACKAGE-CHANGE保留；另標CHANNEL-REFINED，Comparability=B。,Master,TPI-177,超市／自煮食材,義美,義美豬肉高麗菜水餃 936g（現行家樂福規格）,v0.5-measurement-20260912
MIG-00220,LEG-EC-327,TPI-179,LEGACY_MASTER,CURRENT_2026,2026,49,46274,A,A,2026 verified,MASTER-SNAPSHOT,https://shop.pxgo.com.tw/hourArrive/goods/251624-21630274-4710011402019,全聯小時達單件一般價；促銷另記，不取代核心。,Master,TPI-179,超市／自煮食材,固定SKU／標準規格,桂冠湯圓-芝麻 200g（10粒裝）,v0.5-measurement-20260912
MIG-00221,LEG-EC-327,TPI-180,LEGACY_MASTER,CURRENT_2026,2026,60,46274,A,B,2026 verified,MASTER-SNAPSHOT,https://online.uni-prosperity.com.tw/zh/%E6%A1%82%E5%86%A0/1526103800101.html,萬家福官方 successor site：桂冠芝麻湯圓200g原價60；CHANNEL-REFINED，Comparability=B。,Master,TPI-180,超市／自煮食材,桂冠,桂冠芝麻湯圓 200g,v0.5-measurement-20260912
MIG-00222,LEG-EC-341,TPI-182,LEGACY_MASTER,CURRENT_2026,2026,59,46274,A,A,2026 verified,MASTER-SNAPSHOT,https://shop.pxgo.com.tw/hourArrive/goods/723086-13030170-4710126093829,單件價59元。,Master,TPI-182,超市／自煮食材,固定SKU／標準規格,義美台灣素蘿蔔糕 600g,v0.5-measurement-20260912
MIG-00223,LEG-EC-341,TPI-183,LEGACY_MASTER,CURRENT_2026,2026,72,46274,A,B,2026 verified,MASTER-SNAPSHOT,https://online.uni-prosperity.com.tw/en/%E7%BE%A9%E7%BE%8E/1550005100101.html,固定籃子泛稱『義美蘿蔔糕600g』；家樂福官方現行具名SKU為『義美素菜頭粿600g』，一般價72、促銷59不採。以ID-REFINED保留，Comparability=B。 Metadata audit 2026-09-10：固定basket通路身份仍為家樂福；目前2026來源為online.uni-prosperity.com.tw之萬家福successor channel，故補標CHANNEL-REFINED並統一Comparability=B；價格、日期、Evidence與來源URL未變。,Master,TPI-183,超市／自煮食材,固定SKU／標準規格,義美蘿蔔糕 600g,v0.5-measurement-20260912
MIG-00224,LEG-EC-308,TPI-188,LEGACY_MASTER,CURRENT_2026,2026,25,46274,A,B,2026 verified,MASTER-SNAPSHOT,https://shop.pxgo.com.tw/hourArrive/goods/248944-21040065-4710583900012,原固定規格300g；全聯官方現行同品項為345g、單盒25元。保留PACKAGE-CHANGE；可作2026 current coverage，但不得直接與300g歷史價計算漲幅。,Master,TPI-188,超市／自煮食材,固定SKU／標準規格,中華非基改板豆腐 300g,v0.5-measurement-20260912
MIG-00225,LEG-EC-308,TPI-189,LEGACY_MASTER,CURRENT_2026,2026,33,46274,A,B,2026 verified,MASTER-SNAPSHOT,https://online.uni-prosperity.com.tw/zh/%E4%B8%AD%E8%8F%AF%E9%A3%9F%E5%93%81/1508001500101.html,萬家福官方中華非基改板豆腐現行345g一般價33、促銷28不採；原固定300g，PACKAGE-CHANGE + CHANNEL-REFINED。,Master,TPI-189,超市／自煮食材,固定SKU／標準規格,中華非基改板豆腐 300g,v0.5-measurement-20260912
MIG-00226,LEG-EC-321,TPI-191,LEGACY_MASTER,CURRENT_2026,2026,114,46274,A,B,2026 verified,MASTER-SNAPSHOT,https://shop.pxgo.com.tw/hourArrive/activity/447,全聯官方同日多個小時達頁一致列『Anchor高鈣安佳原味乳酪250g』單件114；固定籃子泛稱安佳切片起司250g，故以ID-REFINED/B保留。點數贈送不改變核心單件價；未採任何多件折扣。,Master,TPI-191,超市／自煮食材,固定SKU／標準規格,安佳切片起司 250g,v0.5-measurement-20260912
MIG-00227,LEG-EC-321,TPI-192,LEGACY_MASTER,CURRENT_2026,2026,121,46274,A,B,2026 verified,MASTER-SNAPSHOT,https://online.uni-prosperity.com.tw/en/search/tagPage/?tags=%E5%AE%89%E4%BD%B3%2C%E8%B5%B7%E5%8F%B8%E7%89%87,家樂福官方線上購物列安佳原味乳酪12片（每包約250g）一般價121；頁面另見活動價時不取代核心一般價。 Metadata audit 2026-09-10：固定basket通路身份仍為家樂福；目前2026來源為online.uni-prosperity.com.tw之萬家福successor channel，故補標CHANNEL-REFINED並統一Comparability=B；價格、日期、Evidence與來源URL未變。,Master,TPI-192,超市／自煮食材,固定SKU／標準規格,安佳切片起司 250g,v0.5-measurement-20260912
MIG-00228,LEG-EC-322,TPI-194,LEGACY_MASTER,CURRENT_2026,2026,212,46274,A,B,2026 verified,MASTER-SNAPSHOT,https://shop.pxgo.com.tw/hourArrive/goods/252118-21250142-9415007301516,全聯官方小時達現行安佳無鹽奶油454g一般價212；原固定227g，PACKAGE-CHANGE，不直接跨規格比較。,Master,TPI-194,超市／自煮食材,固定SKU／標準規格,安佳無鹽奶油 227g,v0.5-measurement-20260912
MIG-00229,LEG-EC-322,TPI-195,LEGACY_MASTER,CURRENT_2026,2026,268,46274,A,B,2026 verified,MASTER-SNAPSHOT,https://online.uni-prosperity.com.tw/en/%E5%AE%89%E4%BD%B3/1503095100101.html,萬家福官方商品頁：安佳無鹽發酵奶油454g原價268；原固定安佳無鹽奶油227g，容量翻倍且現行具名為發酵奶油，PACKAGE-CHANGE + ID-REFINED + CHANNEL-REFINED，不直接配對歷史。,Master,TPI-195,超市／自煮食材,固定SKU／標準規格,安佳無鹽奶油 227g,v0.5-measurement-20260912
MIG-00230,LEG-EC-313,TPI-197,LEGACY_MASTER,CURRENT_2026,2026,72,46274,A,A,2026 verified,MASTER-SNAPSHOT,https://shop.pxgo.com.tw/hourArrive/activity/1724,一般價72元。,Master,TPI-197,超市／自煮食材,固定SKU／標準規格,可果美蕃茄醬 500g,v0.5-measurement-20260912
MIG-00231,LEG-EC-313,TPI-198,LEGACY_MASTER,CURRENT_2026,2026,65,46274,A,B,2026 verified,MASTER-SNAPSHOT,https://online.uni-prosperity.com.tw/zh/1463005600101.html,原固定可果美蕃茄醬500g；家樂福官方現行具名SKU為340g，一般價65、促銷63不採。保留PACKAGE-CHANGE，不直接與500g歷史價格比較。 Metadata audit 2026-09-10：固定basket通路身份仍為家樂福；目前2026來源為online.uni-prosperity.com.tw之萬家福successor channel，故補標CHANNEL-REFINED並統一Comparability=B；價格、日期、Evidence與來源URL未變。,Master,TPI-198,超市／自煮食材,固定SKU／標準規格,可果美蕃茄醬 500g,v0.5-measurement-20260912
MIG-00232,LEG-EC-318,TPI-200,LEGACY_MASTER,CURRENT_2026,2026,46,46274,A,A,2026 verified,MASTER-SNAPSHOT,https://shop.pxgo.com.tw/haohaochi/article/RA011682,全聯官方『好好吃』商品清單列味好美白胡椒粉30g NT$46；同規格、單瓶價。,Master,TPI-200,超市／自煮食材,固定SKU／標準規格,味好美白胡椒粉 30g,v0.5-measurement-20260912
MIG-00233,LEG-EC-318,TPI-201,LEGACY_MASTER,CURRENT_2026,2026,51,46274,A,B,2026 verified,MASTER-SNAPSHOT,https://online.uni-prosperity.com.tw/zh/%E5%91%B3%E5%A5%BD%E7%BE%8E/1460206100101.html?src=FE,萬家福官方 successor site：味好美嚴選白胡椒粉30g一般價51、促銷42不採；固定規格30g一致，僅標CHANNEL-REFINED。,Master,TPI-201,超市／自煮食材,固定SKU／標準規格,味好美白胡椒粉 30g,v0.5-measurement-20260912
MIG-00234,LEG-EC-310,TPI-203,LEGACY_MASTER,CURRENT_2026,2026,36,46274,A,B,2026 verified,MASTER-SNAPSHOT,https://shop.pxgo.com.tw/hourArrive/goods/251214-20651562-4710175567111,原固定規格320g；全聯官方現行五木關東麵條-粗為375g、單包36元；任2件68為促銷不採。保留PACKAGE-CHANGE，不直接跨規格算漲幅。,Master,TPI-203,超市／自煮食材,固定SKU／標準規格,五木關東麵 320g,v0.5-measurement-20260912
MIG-00235,LEG-EC-310,TPI-204,LEGACY_MASTER,CURRENT_2026,2026,36,46274,A,B,2026 verified,MASTER-SNAPSHOT,https://online.uni-prosperity.com.tw/zh/search/tagPage/?tags=%E6%B7%B1%E5%A4%9C%E9%BB%9E%E5%BF%83%2C%E4%BA%94%E6%9C%A8,原固定五木關東麵320g；家樂福官方現行五木關東麵375g一般價36。保留PACKAGE-CHANGE，不跨規格計算漲幅。 Metadata audit 2026-09-10：固定basket通路身份仍為家樂福；目前2026來源為online.uni-prosperity.com.tw之萬家福successor channel，故補標CHANNEL-REFINED並統一Comparability=B；價格、日期、Evidence與來源URL未變。,Master,TPI-204,超市／自煮食材,固定SKU／標準規格,五木關東麵 320g,v0.5-measurement-20260912
MIG-00236,LEG-EC-345,TPI-206,LEGACY_MASTER,CURRENT_2026,2026,120,46274,A,B,2026 verified,MASTER-SNAPSHOT,https://pxbox.es.pxmart.com.tw/category/535/560/0/product/11024,全聯官方全電商現行列『水手牌無添加高筋麵粉(頂級胚乳精華)1kg』120；固定籃子僅泛稱水手牌高筋麵粉1kg，且來源為全聯電商非小時達，故ID-REFINED + CHANNEL-REFINED/B。,Master,TPI-206,超市／自煮食材,固定SKU／標準規格,聯華水手牌高筋麵粉 1kg,v0.5-measurement-20260912
MIG-00237,LEG-EC-345,TPI-207,LEGACY_MASTER,CURRENT_2026,2026,105,46274,A,B,2026 verified,MASTER-SNAPSHOT,https://online.uni-prosperity.com.tw/zh/%E7%B1%B3%E6%B2%B9%E6%B2%96%E6%B3%A1/%E8%AA%BF%E5%91%B3%E7%BD%90%E9%A0%AD%E6%B9%AF%E5%93%81%E5%8D%97%E5%8C%97%E8%B2%A8/%E8%AA%BF%E5%91%B3%E5%93%81/%E9%BA%B5%E7%B2%89,固定籃子泛稱水手牌高筋麵粉1kg；萬家福官方現行同品牌1kg具名SKU『水手牌無添加高筋麵粉1kg』為105。因現行高筋SKU不只一種，標ID-REFINED + CHANNEL-REFINED，歷史身份需另鎖定。,Master,TPI-207,超市／自煮食材,固定SKU／標準規格,聯華水手牌高筋麵粉 1kg,v0.5-measurement-20260912
MIG-00238,LEG-EC-323,TPI-209,LEGACY_MASTER,CURRENT_2026,2026,93,46274,A,B,2026 verified,MASTER-SNAPSHOT,https://shop.pxgo.com.tw/hourArrive/goods/241643-11020052-8852756327052,全聯官方小時達現行家樂氏原味玉米片230g一般價93；原固定275g，PACKAGE-CHANGE，不直接跨規格比較。,Master,TPI-209,超市／自煮食材,固定SKU／標準規格,家樂氏玉米片 275g,v0.5-measurement-20260912
MIG-00239,LEG-EC-323,TPI-210,LEGACY_MASTER,CURRENT_2026,2026,135,46274,A,B,2026 verified,MASTER-SNAPSHOT,https://online.uni-prosperity.com.tw/zh/%E5%93%81%E7%89%8C%E6%97%97%E8%89%A6%E9%A4%A8/%E5%AE%B6%E6%A8%82%E6%B0%8F%EF%BD%9C%E5%93%81%E5%AE%A2%E5%93%81%E7%89%8C%E9%A4%A8,萬家福官方 successor site 品牌館重新驗證：家樂氏原味玉米片275g一般價135；CHANNEL-REFINED，Comparability=B。,Master,TPI-210,超市／自煮食材,Kellogg's 家樂氏,家樂氏原味玉米片 275g,v0.5-measurement-20260912
MIG-00240,LEG-EC-350,TPI-212,LEGACY_MASTER,CURRENT_2026,2026,179,46274,A,B,2026 verified,MASTER-SNAPSHOT,https://shop.pxgo.com.tw/hourArrive/goods/241900-15010007-8888082150767,原固定雀巢美祿500g；全聯官方現行同款經典原味巧克力麥芽飲品為450g、一般價179。保留PACKAGE-CHANGE，不跨規格計算漲幅。,Master,TPI-212,超市／自煮食材,固定SKU／標準規格,雀巢美祿 500g,v0.5-measurement-20260912
MIG-00241,LEG-EC-350,TPI-213,LEGACY_MASTER,CURRENT_2026,2026,211,46274,A,B,2026 verified,MASTER-SNAPSHOT,https://online.uni-prosperity.com.tw/zh/%E9%9B%80%E5%B7%A2/1436003300101.html,萬家福官方 successor site 重新驗證：雀巢美祿經典原味450g一般價211；原固定500g已發生PACKAGE-CHANGE，另標CHANNEL-REFINED；促銷159不採；Comparability=B。,Master,TPI-213,超市／自煮食材,Nestlé 雀巢,美祿經典原味 450g,v0.5-measurement-20260912
MIG-00242,LEG-EC-335,TPI-215,LEGACY_MASTER,CURRENT_2026,2026,151,46274,A,B,2026 verified,MASTER-SNAPSHOT,https://shop.pxgo.com.tw/hourArrive/goods/298120-15010070-4711392540161,全聯官方小時達：立頓香濃原味奶茶量販包20g×20包，總重400g，單件151。原固定只寫立頓奶茶粉400g，現行口味/包數具名化，標ID-REFINED/B。,Master,TPI-215,超市／自煮食材,固定SKU／標準規格,立頓奶茶粉 400g,v0.5-measurement-20260912
MIG-00243,LEG-EC-335,TPI-216,LEGACY_MASTER,CURRENT_2026,2026,169,46274,A,B,2026 verified,MASTER-SNAPSHOT,https://online.uni-prosperity.com.tw/zh/search/?attributes=%E7%B1%B3%E6%B2%B9%E6%B2%96%E6%B3%A1+%3E+%E5%92%96%E5%95%A1%EF%BC%8E%E8%8C%B6%E5%8C%85+%3E+%E8%8C%B6%E5%8C%85+%3E+%E5%8D%B3%E6%BA%B6%E8%8C%B6&q=%E7%AB%8B%E9%A0%93,萬家福官方列表：立頓香濃原味奶茶20g×20一般價169、折扣154不採；總重400g。原固定僅寫400g，故ID-REFINED + CHANNEL-REFINED/B。,Master,TPI-216,超市／自煮食材,固定SKU／標準規格,立頓奶茶粉 400g,v0.5-measurement-20260912
MIG-00244,LEG-EC-312,TPI-218,LEGACY_MASTER,CURRENT_2026,2026,29,46274,A,A,2026 verified,MASTER-SNAPSHOT,https://shop.pxgo.com.tw/hourArrive/activity/218,實體化為冠軍egg L10入，29元。,Master,TPI-218,超市／自煮食材,固定SKU／標準規格,冠軍egg冠軍洗選蛋 600g±30g（L10粒）,v0.5-measurement-20260912
MIG-00245,LEG-EC-312,TPI-219,LEGACY_MASTER,CURRENT_2026,2026,119,46274,A,B,2026 verified,MASTER-SNAPSHOT,https://online.uni-prosperity.com.tw/zh/search/?attributes=%E7%94%9F%E9%AE%AE%E5%86%B7%E5%87%8D+%3E+%E5%A5%B6%E8%9B%8B%E9%BB%9E%E5%BF%83%E9%A3%9F%E5%93%81+%3E+%E9%9B%9E%E8%9B%8B%EF%BC%8E%E8%B1%86%E8%A3%BD%E5%93%81&q=shellin,固定籃子僅寫『雞蛋10入（同等級盒裝）』，身份過於寬；萬家福官方現行選定具名SKU『UNIDESIGN非籠飼平飼新鮮蛋(白殼)10入』一般價119。以ID-REFINED + CHANNEL-REFINED/B保留；不得反推其與歷史未具名10入蛋為同品。,Master,TPI-219,超市／自煮食材,固定SKU／標準規格,雞蛋 10入（同等級盒裝）,v0.5-measurement-20260912
MIG-00246,LEG-EC-352,TPI-221,LEGACY_MASTER,CURRENT_2026,2026,72,46274,A,A,2026 verified,MASTER-SNAPSHOT,https://shop.pxgo.com.tw/hourArrive/activity/178,1000g 72元。,Master,TPI-221,超市／自煮食材,固定SKU／標準規格,香蕉（產銷履歷）1kg,v0.5-measurement-20260912
MIG-00247,LEG-EC-352,TPI-222,LEGACY_MASTER,CURRENT_2026,2026,99,46274,A,B,2026 verified,MASTER-SNAPSHOT,https://online.uni-prosperity.com.tw/zh/search/?q=%E5%85%AC%E8%BE%B2,固定籃子為一般級香蕉1kg；萬家福官方現行具名『履歷香蕉(每袋約1公斤)』99。來源具現價但身份等級不完全同質，標ID-REFINED + CHANNEL-REFINED；生鮮歷史價波動大。,Master,TPI-222,超市／自煮食材,固定SKU／標準規格,香蕉 1kg（一般級）,v0.5-measurement-20260912
MIG-00248,LEG-EC-333,TPI-224,LEGACY_MASTER,CURRENT_2026,2026,75,46274,A,A,2026 verified,MASTER-SNAPSHOT,https://shop.pxgo.com.tw/hourArrive/activity/178,約1000g 75元。,Master,TPI-224,超市／自煮食材,固定SKU／標準規格,甘藍（高麗菜）約1000g,v0.5-measurement-20260912
MIG-00249,LEG-EC-333,TPI-225,LEGACY_MASTER,CURRENT_2026,2026,89,46274,A,B,2026 verified,MASTER-SNAPSHOT,https://online.uni-prosperity.com.tw/zh/2200300100101.html,萬家福官方現行高麗菜每粒約1kg±10%原價89；規格與固定約1kg接近，但生鮮品具日/季節波動，僅因successor channel降為B；歷史回溯列HISTORY-HARD。,Master,TPI-225,超市／自煮食材,固定SKU／標準規格,高麗菜 1kg（一般級）,v0.5-measurement-20260912
MIG-00250,LEG-EC-348,TPI-227,LEGACY_MASTER,CURRENT_2026,2026,45,46274,A,B,2026 verified,MASTER-SNAPSHOT,https://shop.pxgo.com.tw/hourArrive/activity/142,450g、45元；跨年需unit-price normalization。,Master,TPI-227,超市／自煮食材,固定SKU／標準規格,進口洋蔥 450g,v0.5-measurement-20260912
MIG-00251,LEG-EC-348,TPI-228,LEGACY_MASTER,CURRENT_2026,2026,69,46274,A,B,2026 verified,MASTER-SNAPSHOT,https://online.uni-prosperity.com.tw/zh/search/tagPage/?tags=%E6%B4%8B%E8%94%A5%2C%E7%94%9F%E9%AE%AE,萬家福官方現行『紐西蘭洋蔥1kg/袋』69；固定籃子只定義一般級洋蔥1kg，產地/品種未鎖，故ID-REFINED + CHANNEL-REFINED/B；生鮮歷史價格需同等級同產地另查。,Master,TPI-228,超市／自煮食材,固定SKU／標準規格,洋蔥 1kg（一般級）,v0.5-measurement-20260912
MIG-00252,LEG-EC-319,TPI-230,LEGACY_MASTER,CURRENT_2026,2026,45,46274,A,B,2026 verified,MASTER-SNAPSHOT,https://shop.pxgo.com.tw/hourArrive/activity/142,450g、45元。,Master,TPI-230,超市／自煮食材,固定SKU／標準規格,國產馬鈴薯 450g,v0.5-measurement-20260912
MIG-00253,LEG-EC-319,TPI-231,LEGACY_MASTER,CURRENT_2026,2026,60,46274,A,B,2026 verified,MASTER-SNAPSHOT,https://online.uni-prosperity.com.tw/zh/search/?attributes=%E7%94%9F%E9%AE%AE%E5%86%B7%E5%87%8D+%3E+%E8%94%AC%E8%8F%9C%E6%B0%B4%E6%9E%9C%EF%BC%8E%E8%BE%B2%E7%89%B9%E7%94%A2+%3E+%E5%90%84%E5%BC%8F%E8%94%AC%E8%8F%9C+%3E+%E6%A0%B9%E8%8E%96%E3%80%81%E7%AD%8D%E9%A1%9E&q=resums,萬家福官方現行『履歷熟成馬鈴薯200g/包』一般價60；原固定一般級馬鈴薯1kg，容量/履歷身份均不同，PACKAGE-CHANGE + ID-REFINED + CHANNEL-REFINED，不直接比較。,Master,TPI-231,超市／自煮食材,固定SKU／標準規格,馬鈴薯 1kg（一般級）,v0.5-measurement-20260912
MIG-00254,LEG-EC-347,TPI-233,LEGACY_MASTER,CURRENT_2026,2026,118,46274,A,B,2026 verified,MASTER-SNAPSHOT,https://shop.pxgo.com.tw/hourArrive/activity/142,約180g 118元。,Master,TPI-233,超市／自煮食材,固定SKU／標準規格,豬里肌炒肉片 約180g,v0.5-measurement-20260912
MIG-00255,LEG-EC-347,TPI-234,LEGACY_MASTER,CURRENT_2026,2026,145,46274,A,B,2026 verified,MASTER-SNAPSHOT,https://online.uni-prosperity.com.tw/zh/search/tagPage/?tags=%E8%82%89%E7%89%87%2C%E5%86%B7%E8%97%8F,萬家福官方現行『嚴選冷藏台灣豬里肌肉片330g』一般價145；原固定冷藏豬里肌600g，容量與切型均不同，PACKAGE-CHANGE + ID-REFINED + CHANNEL-REFINED/B，不直接跨規格比較。,Master,TPI-234,超市／自煮食材,固定SKU／標準規格,豬里肌肉 600g（冷藏）,v0.5-measurement-20260912
MIG-00256,LEG-EC-354,TPI-236,LEGACY_MASTER,CURRENT_2026,2026,99,46274,A,B,2026 verified,MASTER-SNAPSHOT,https://shop.pxgo.com.tw/hourArrive/activity/142,300g 99元。,Master,TPI-236,超市／自煮食材,固定SKU／標準規格,鮮嫩雞胸 300g,v0.5-measurement-20260912
MIG-00257,LEG-EC-354,TPI-237,LEGACY_MASTER,CURRENT_2026,2026,90,46274,A,B,2026 verified,MASTER-SNAPSHOT,https://online.uni-prosperity.com.tw/zh/%E7%94%9F%E9%AE%AE%E5%86%B7%E5%87%8D/%E8%82%89%E5%93%81/%E9%9B%9E%E9%B4%A8/%E9%9B%9E%E5%88%86%E5%88%87%E5%93%81,萬家福官方現行『產銷履歷全氣冷雞冷藏雞胸肉300g(貼體)』一般價90；原固定冷藏雞胸肉600g，容量與具名身份不同，PACKAGE-CHANGE + ID-REFINED + CHANNEL-REFINED/B。,Master,TPI-237,超市／自煮食材,固定SKU／標準規格,雞胸肉 600g（冷藏）,v0.5-measurement-20260912
MIG-00258,LEG-EC-353,TPI-239,LEGACY_MASTER,CURRENT_2026,2026,159,46274,A,B,2026 verified,MASTER-SNAPSHOT,https://shop.pxgo.com.tw/hourArrive/activity/142,250g 159元。,Master,TPI-239,超市／自煮食材,固定SKU／標準規格,鮮凍大白蝦（30/40）250g,v0.5-measurement-20260912
MIG-00259,LEG-EC-353,TPI-240,LEGACY_MASTER,CURRENT_2026,2026,109,46274,A,B,2026 verified,MASTER-SNAPSHOT,https://online.uni-prosperity.com.tw/zh/search/tagPage/?tags=%E6%B5%B7%E9%AE%AE%2C%E8%9D%A6%E5%AD%90,萬家福官方現行『冷凍白蝦(每盒約250g/20-25尾)』一般價109；原固定冷凍白蝦600g，容量/尾數身份不同，PACKAGE-CHANGE + ID-REFINED + CHANNEL-REFINED/B，不做600g線性換算。,Master,TPI-240,超市／自煮食材,固定SKU／標準規格,白蝦 600g（冷凍/同規格）,v0.5-measurement-20260912
MIG-00260,LEG-EC-339,TPI-242,LEGACY_MASTER,CURRENT_2026,2026,21,46274,A,A,2026 verified,MASTER-SNAPSHOT,https://shop.pxgo.com.tw/hourArrive/goods/242286-21040061-4710126095540,單件21元；促銷另記。,Master,TPI-242,超市／自煮食材,固定SKU／標準規格,義美傳統料理板豆腐（非基因改造黃豆）300g,v0.5-measurement-20260912
MIG-00261,LEG-EC-339,TPI-243,LEGACY_MASTER,CURRENT_2026,2026,21,46274,A,B,2026 verified,MASTER-SNAPSHOT,https://online.uni-prosperity.com.tw/zh/%E7%BE%A9%E7%BE%8E/1508000300101.html,萬家福官方 successor site 重新驗證：義美傳統料理豆腐(非基改)300g原價21；CHANNEL-REFINED，Comparability=B。,Master,TPI-243,超市／自煮食材,義美,義美傳統料理豆腐（非基改）300g,v0.5-measurement-20260912
MIG-00262,LEG-EC-351,TPI-245,LEGACY_MASTER,CURRENT_2026,2026,38,46274,A,A,2026 verified,MASTER-SNAPSHOT,https://shop.pxgo.com.tw/hourArrive/activity/142,250g 38元。,Master,TPI-245,超市／自煮食材,固定SKU／標準規格,青江白菜 250g,v0.5-measurement-20260912
MIG-00263,LEG-EC-351,TPI-246,LEGACY_MASTER,CURRENT_2026,2026,36,46274,A,B,2026 verified,MASTER-SNAPSHOT,https://online.uni-prosperity.com.tw/zh/search/tagPage/?tags=%E7%94%A2%E9%8A%B7%E5%B1%A5%E6%AD%B7%2C%E7%94%9F%E9%AE%AE,萬家福官方現行『履歷青江菜(每袋約250克±10%)』一般價36；固定為青江菜250g同規格，重量吻合但履歷/供應身份具名化，故ID-REFINED + CHANNEL-REFINED/B；生鮮回溯仍列HISTORY-HARD。,Master,TPI-246,超市／自煮食材,固定SKU／標準規格,青江菜 250g（同規格）,v0.5-measurement-20260912
MIG-00264,LEG-EC-332,TPI-248,LEGACY_MASTER,CURRENT_2026,2026,88,46274,A,B,2026 verified,MASTER-SNAPSHOT,https://shop.pxgo.com.tw/hourArrive/activity/142,約300g 88元。,Master,TPI-248,超市／自煮食材,固定SKU／標準規格,牛心蕃茄 2入／約300g,v0.5-measurement-20260912
MIG-00265,LEG-EC-332,TPI-249,LEGACY_MASTER,CURRENT_2026,2026,125,46274,A,B,2026 verified,MASTER-SNAPSHOT,https://online.uni-prosperity.com.tw/zh/search/?attributes=%E7%94%9F%E9%AE%AE%E5%86%B7%E5%87%8D+%3E+%E8%94%AC%E8%8F%9C%E6%B0%B4%E6%9E%9C%EF%BC%8E%E8%BE%B2%E7%89%B9%E7%94%A2+%3E+%E5%90%84%E5%BC%8F%E8%94%AC%E8%8F%9C+%3E+%E6%9E%9C%E5%AF%A6%E9%A1%9E&q=%E5%8F%B0%E8%BE%B2,萬家福官方現行『履歷牛番茄500g/盒』一般價125；原固定牛番茄600g，容量與履歷身份不同，PACKAGE-CHANGE + ID-REFINED + CHANNEL-REFINED/B；不做600g線性換算。,Master,TPI-249,超市／自煮食材,固定SKU／標準規格,牛番茄 600g（同規格）,v0.5-measurement-20260912
MIG-00266,LEG-EC-018,TPI-251,LEGACY_MASTER,BASELINE,2020,10,43944,D,A,Matched,MASTER-SNAPSHOT,https://www.ptt.cc/bbs/Instant_Food/M.1587605108.A.F6A.html,2026年7-ELEVEN官方資料明列茶葉蛋10元。 Price-semantics audit 2026-09-10：採2020-04-23 PTT消費者直接觀察，文中7-ELEVEN情境明載茶葉蛋10元；另以Hami Book 2020年6月活動頁所列『7-11茶葉蛋（市價10元）』交叉佐證。 Exact-2020在此代表日期明確的2020觀察，不代表2020全年平均價；價格仍10元。,Master,TPI-251,便利商店食品飲料,7-ELEVEN,茶葉蛋,v0.5-measurement-20260912
MIG-00267,LEG-EC-018,TPI-251,LEGACY_MASTER,CURRENT_2026,2026,10,46274,A,A,Matched,MASTER-SNAPSHOT,https://www.7-11.com.tw/Company/esg/news_detail.aspx?id=1132,2026年7-ELEVEN官方資料明列茶葉蛋10元。 Price-semantics audit 2026-09-10：採2020-04-23 PTT消費者直接觀察，文中7-ELEVEN情境明載茶葉蛋10元；另以Hami Book 2020年6月活動頁所列『7-11茶葉蛋（市價10元）』交叉佐證。 Exact-2020在此代表日期明確的2020觀察，不代表2020全年平均價；價格仍10元。,Master,TPI-251,便利商店食品飲料,7-ELEVEN,茶葉蛋,v0.5-measurement-20260912
MIG-00268,LEG-EC-017,TPI-252,LEGACY_MASTER,BASELINE,2020,28,43847,C,A,Matched,MASTER-SNAPSHOT,https://dancebud777.pixnet.net/blog/posts/14204233397,官方御飯糰頁現價28元。 Gate3A Phase4F 2026-09-10：2020年1月同期實拍/食記明列7-ELEVEN『御選肉鬆飯糰/28元』；2026官方御飯糰頁仍為同名單顆28元。固定品牌/品項/單顆一致，正常售價，非活動價，Comparability=A。,Master,TPI-252,便利商店食品飲料,7-ELEVEN,御選肉鬆飯糰,v0.5-measurement-20260912
MIG-00269,LEG-EC-017,TPI-252,LEGACY_MASTER,CURRENT_2026,2026,28,46274,A,A,Matched,MASTER-SNAPSHOT,https://www.7-11.com.tw/freshfoods/1_Ricerolls/,官方御飯糰頁現價28元。 Gate3A Phase4F 2026-09-10：2020年1月同期實拍/食記明列7-ELEVEN『御選肉鬆飯糰/28元』；2026官方御飯糰頁仍為同名單顆28元。固定品牌/品項/單顆一致，正常售價，非活動價，Comparability=A。,Master,TPI-252,便利商店食品飲料,7-ELEVEN,御選肉鬆飯糰,v0.5-measurement-20260912
MIG-00270,LEG-EC-010,TPI-253,LEGACY_MASTER,CURRENT_2026,2026,25,46274,A,A,2026 verified,MASTER-SNAPSHOT,https://www.7-11.com.tw/freshfoods/1_Ricerolls/,語意去重修正：原TPI-253與TPI-080皆為雙蔬鮪魚飯糰。改鎖官方現行櫸木燻雞飯糰25元；不沿用原品項歷史價。,Master,TPI-253,便利商店食品飲料,7-ELEVEN,櫸木燻雞飯糰,v0.5-measurement-20260912
MIG-00271,LEG-EC-027,TPI-254,LEGACY_MASTER,CURRENT_2026,2026,49,46274,A,A,2026 verified,MASTER-SNAPSHOT,https://www.7-11.com.tw/freshfoods/2_Sandwich/index.aspx,7-ELEVEN官方三明治頁現價49元。,Master,TPI-254,便利商店食品飲料,7-ELEVEN,鮪魚洋芋溏心蛋三明治,v0.5-measurement-20260912
MIG-00272,LEG-EC-009,TPI-255,LEGACY_MASTER,CURRENT_2026,2026,119,46274,A,A,2026 verified,MASTER-SNAPSHOT,https://www.7-11.com.tw/freshfoods/3_Cuisine/index.aspx?vid=53430,7-ELEVEN官方鮮食頁現價119元。,Master,TPI-255,便利商店食品飲料,7-ELEVEN,極饗-蜜汁大雞排便當,v0.5-measurement-20260912
MIG-00273,LEG-EC-021,TPI-256,LEGACY_MASTER,CURRENT_2026,2026,15,46274,A,A,2026 verified,MASTER-SNAPSHOT,https://www.7-11.com.tw/freshfoods/7_Oden/index.aspx,7-ELEVEN官方關東煮頁15元。,Master,TPI-256,便利商店食品飲料,7-ELEVEN,關東煮白蘿蔔,v0.5-measurement-20260912
MIG-00274,LEG-EC-022,TPI-257,LEGACY_MASTER,CURRENT_2026,2026,15,46274,A,A,2026 verified,MASTER-SNAPSHOT,https://www.7-11.com.tw/freshfoods/7_Oden/index.aspx,7-ELEVEN官方頁台灣黑輪15元。,Master,TPI-257,便利商店食品飲料,7-ELEVEN,關東煮台灣黑輪,v0.5-measurement-20260912
MIG-00275,LEG-EC-006,TPI-258,LEGACY_MASTER,CURRENT_2026,2026,42,46274,A,A,2026 verified,MASTER-SNAPSHOT,https://www.7-11.com.tw/event/bigbite/,官方頁麵包12＋原味熱狗30，固定組合42元。,Master,TPI-258,便利商店食品飲料,7-ELEVEN,大亨堡麵包＋原味熱狗,v0.5-measurement-20260912
MIG-00276,LEG-EC-016,TPI-260,LEGACY_MASTER,CURRENT_2026,2026,12,46267,B,,2026 verified,MASTER-SNAPSHOT,https://tw.buy.yahoo.com/activity/activity950?p=all2-00-260816-260831apppushgife01,固定觀測標的；待歷史與現價回溯。 v0.5 M2：Yahoo 2026-08-31→09-02活動明示全台7-ELEVEN兌換『市價12元』統一布丁100g；採明示市價12，不採0元贈品交易價。,Master,TPI-260,便利商店食品飲料,7-ELEVEN,統一布丁100g,v0.5-measurement-20260912
MIG-00277,LEG-EC-015,TPI-261,LEGACY_MASTER,BASELINE,2020,25,44155,C,A,Matched,MASTER-SNAPSHOT,https://www.tainanlohas.cc/2020/11/Unity-Lions-champion-Celebration.html,官方2026商品表列售價25元。,Master,TPI-261,便利商店食品飲料,7-ELEVEN,純喫茶紅茶 650ml,v0.5-measurement-20260912
MIG-00278,LEG-EC-015,TPI-261,LEGACY_MASTER,CURRENT_2026,2026,25,46274,A,A,Matched,MASTER-SNAPSHOT,https://www.7-11.com.tw/event/26lovemom/index.aspx,官方2026商品表列售價25元。,Master,TPI-261,便利商店食品飲料,7-ELEVEN,純喫茶紅茶 650ml,v0.5-measurement-20260912
MIG-00279,LEG-EC-005,TPI-262,LEGACY_MASTER,CURRENT_2026,2026,35,46274,B,A,2026 verified,MASTER-SNAPSHOT,https://24h.pchome.com.tw/prod/DBCRQ4-A900JUXXW,有效7-ELEVEN隨行取單瓶35元；Evidence=B。,Master,TPI-262,便利商店食品飲料,Coca-Cola 可口可樂,可口可樂 600ml,v0.5-measurement-20260912
MIG-00280,LEG-EC-003,TPI-264,LEGACY_MASTER,CURRENT_2026,2026,89,46274,A,A,2026 verified,MASTER-SNAPSHOT,https://www.7-11.com.tw/freshfoods/3_SimpleFit/index.aspx,7-ELEVEN官方Simple-Fit頁；固定具名SKU。,Master,TPI-264,便利商店食品飲料,7-ELEVEN,凱薩雞肉沙拉,v0.5-measurement-20260912
MIG-00281,LEG-EC-004,TPI-265,LEGACY_MASTER,CURRENT_2026,2026,69,46274,A,A,2026 verified,MASTER-SNAPSHOT,https://www.7-11.com.tw/freshfoods/hot.aspx?trk=public_profile_project-title,7-ELEVEN官方鮮食頁現價69元。,Master,TPI-265,便利商店食品飲料,7-ELEVEN,北海道蕎麥風味沾麵,v0.5-measurement-20260912
MIG-00282,LEG-EC-025,TPI-266,LEGACY_MASTER,BASELINE,2020,79,44062,C,A,Matched,MASTER-SNAPSHOT,https://www.ptt.cc/bbs/CVS/M.1597837393.A.DF4.html,7-ELEVEN官方鮮食頁現價79元；固定具名SKU。 Gate3A Phase4F：2020-08-19 PTT商品文直接列『香蒜白酒蛤蜊義大利麵/79元、7-11』；同年另有2020-08-31實拍79與2020年初7-ELEVEN活動指定品項79作交叉支持。2026官方仍79元，固定具名SKU/單份一致，Comparability=A。,Master,TPI-266,便利商店食品飲料,7-ELEVEN,香蒜白酒蛤蠣義大利麵,v0.5-measurement-20260912
MIG-00283,LEG-EC-025,TPI-266,LEGACY_MASTER,CURRENT_2026,2026,79,46274,A,A,Matched,MASTER-SNAPSHOT,https://www.7-11.com.tw/7app/,7-ELEVEN官方鮮食頁現價79元；固定具名SKU。 Gate3A Phase4F：2020-08-19 PTT商品文直接列『香蒜白酒蛤蜊義大利麵/79元、7-11』；同年另有2020-08-31實拍79與2020年初7-ELEVEN活動指定品項79作交叉支持。2026官方仍79元，固定具名SKU/單份一致，Comparability=A。,Master,TPI-266,便利商店食品飲料,7-ELEVEN,香蒜白酒蛤蠣義大利麵,v0.5-measurement-20260912
MIG-00284,LEG-EC-007,TPI-275,LEGACY_MASTER,CURRENT_2026,2026,99,46274,A,A,2026 verified,MASTER-SNAPSHOT,https://www.family.com.tw/Marketing/vi/FreshFood/Product,全家官方鮮食頁原價99元。,Master,TPI-275,便利商店食品飲料,全家FamilyMart,排骨蛋炒飯,v0.5-measurement-20260912
MIG-00285,LEG-EC-019,TPI-276,LEGACY_MASTER,CURRENT_2026,2026,79,46274,A,A,2026 verified,MASTER-SNAPSHOT,https://www.family.com.tw/Marketing/vi/FreshFood/Product,全家官方鮮食頁原價79元。,Master,TPI-276,便利商店食品飲料,全家FamilyMart,蕃茄蘑菇義大利麵,v0.5-measurement-20260912
MIG-00286,LEG-EC-002,TPI-281,LEGACY_MASTER,CURRENT_2026,2026,65,46274,A,A,2026 verified,MASTER-SNAPSHOT,https://www.family.com.tw/Marketing/zh/FreshFood,全家官方鮮食資料鎖定具名SKU；一般價65元。,Master,TPI-281,便利商店食品飲料,全家FamilyMart,凱薩沙拉,v0.5-measurement-20260912
MIG-00287,LEG-EC-024,TPI-282,LEGACY_MASTER,CURRENT_2026,2026,65,46274,A,A,2026 verified,MASTER-SNAPSHOT,https://www.family.com.tw/Marketing/vi/FreshFood/Product,全家官方鮮食頁原價65元。,Master,TPI-282,便利商店食品飲料,全家FamilyMart,韓式泡菜冷麵,v0.5-measurement-20260912
MIG-00288,LEG-EC-020,TPI-293,LEGACY_MASTER,CURRENT_2026,2026,89,46274,A,A,2026 verified,MASTER-SNAPSHOT,https://www.okmart.com.tw/hotProducts_purchaseDetail.aspx?ID=700,OKmart官方熱門商品頁售價89元。,Master,TPI-293,便利商店食品飲料,OKmart,鐵道排骨便當,v0.5-measurement-20260912
MIG-00289,LEG-EC-013,TPI-297,LEGACY_MASTER,BASELINE,2020,105,44155,C,A,Matched,MASTER-SNAPSHOT,https://www.tainanlohas.cc/2020/11/Unity-Lions-champion-Celebration.html,2026年7-ELEVEN官方活動表列售價105元；不採點數回饋。,Master,TPI-297,便利商店食品飲料,統一瑞穗,瑞穗極制72度低溫殺菌鮮乳 930ml,v0.5-measurement-20260912
MIG-00290,LEG-EC-013,TPI-297,LEGACY_MASTER,CURRENT_2026,2026,105,46274,A,A,Matched,MASTER-SNAPSHOT,https://www.7-11.com.tw/event/26lovemom/index.aspx,2026年7-ELEVEN官方活動表列售價105元；不採點數回饋。,Master,TPI-297,便利商店食品飲料,統一瑞穗,瑞穗極制72度低溫殺菌鮮乳 930ml,v0.5-measurement-20260912
MIG-00291,LEG-EC-008,TPI-298,LEGACY_MASTER,CURRENT_2026,2026,119,46277,B,A,2026 verified,MASTER-SNAPSHOT,https://event.family.com.tw/PointRedemption/index.html,以全家官方資料鎖定為鮮乳坊桂芳鮮乳936ml；價格待可靠一般售價。 v0.5 M2：全家官方集點頁明列鮮乳坊桂芳鮮乳936ml原價119；現行全家外送頁亦見119。只採原價119，不採點數優惠價。,Master,TPI-298,便利商店食品飲料,鮮乳坊,桂芳鮮乳 936ml,v0.5-measurement-20260912
MIG-00292,LEG-EC-208,TPI-299,LEGACY_MASTER,BASELINE,2020,61,43983,D,A,Matched,MASTER-SNAPSHOT,https://www.dcard.tw/f/food/p/233454916,2020優惠券明列咔啦脆雞單塊原價61；2026一般價71。,Master,TPI-299,正餐／小吃／早餐,肯德基,咔啦脆雞（單塊）,v0.5-measurement-20260912
MIG-00293,LEG-EC-208,TPI-299,LEGACY_MASTER,CURRENT_2026,2026,71,46274,B,A,Matched,MASTER-SNAPSHOT,https://www.money101.com.tw/blog/%E6%9C%80%E6%96%B0%E8%82%AF%E5%BE%B7%E5%9F%BA%E8%8F%9C%E5%96%AE-%E6%97%A9%E9%A4%90-%E8%9B%8B%E5%A1%94%E5%85%A8%E5%AE%B6%E6%A1%B6%E5%83%B9%E9%8C%A2%E5%84%AA%E6%83%A0%E5%BD%99%E6%95%B4-%E4%BF%A1,2020優惠券明列咔啦脆雞單塊原價61；2026一般價71。,Master,TPI-299,正餐／小吃／早餐,肯德基,咔啦脆雞（單塊）,v0.5-measurement-20260912
MIG-00294,LEG-EC-202,TPI-300,LEGACY_MASTER,BASELINE,2020,35,43983,D,A,Matched,MASTER-SNAPSHOT,https://www.dcard.tw/f/food/p/233454916,2020原味蛋撻單顆原價35；2026一般價47。,Master,TPI-300,正餐／小吃／早餐,肯德基,原味蛋撻（單顆）,v0.5-measurement-20260912
MIG-00295,LEG-EC-202,TPI-300,LEGACY_MASTER,CURRENT_2026,2026,47,46274,B,A,Matched,MASTER-SNAPSHOT,https://www.money101.com.tw/blog/%E6%9C%80%E6%96%B0%E8%82%AF%E5%BE%B7%E5%9F%BA%E8%8F%9C%E5%96%AE-%E6%97%A9%E9%A4%90-%E8%9B%8B%E5%A1%94%E5%85%A8%E5%AE%B6%E6%A1%B6%E5%83%B9%E9%8C%A2%E5%84%AA%E6%83%A0%E5%BD%99%E6%95%B4-%E4%BF%A1,2020原味蛋撻單顆原價35；2026一般價47。,Master,TPI-300,正餐／小吃／早餐,肯德基,原味蛋撻（單顆）,v0.5-measurement-20260912
MIG-00296,LEG-EC-209,TPI-301,LEGACY_MASTER,BASELINE,2020,109,44147,C,B,Matched,MASTER-SNAPSHOT,https://cpok.tw/2923,2026常態餐點參考95元起。 Gate3A Phase4E 2026-09-10：2020-11-12 CP值優惠整理引用KFC資料，明確拆出咔啦雞腿堡單點109、蛋塔35、可樂27；Core只採單點原價109，不採三品組合優惠89。固定品項一致，但2026 current本身為參考起價口徑，維持Comparability=B。 Phase4 FINAL current anomaly audit：KFC官方現行菜單直接列咔啦雞腿堡95起，故2026 Evidence B→A、來源改官方；價格95不變。109→95負變動保留，不視為current資料錯誤。,Master,TPI-301,正餐／小吃／早餐,肯德基,咔啦雞腿堡,v0.5-measurement-20260912
MIG-00297,LEG-EC-209,TPI-301,LEGACY_MASTER,CURRENT_2026,2026,95,46274,A,B,Matched,MASTER-SNAPSHOT,https://www.kfcclub.com.tw/menu?menuId=1,2026常態餐點參考95元起。 Gate3A Phase4E 2026-09-10：2020-11-12 CP值優惠整理引用KFC資料，明確拆出咔啦雞腿堡單點109、蛋塔35、可樂27；Core只採單點原價109，不採三品組合優惠89。固定品項一致，但2026 current本身為參考起價口徑，維持Comparability=B。 Phase4 FINAL current anomaly audit：KFC官方現行菜單直接列咔啦雞腿堡95起，故2026 Evidence B→A、來源改官方；價格95不變。109→95負變動保留，不視為current資料錯誤。,Master,TPI-301,正餐／小吃／早餐,肯德基,咔啦雞腿堡,v0.5-measurement-20260912
MIG-00298,LEG-EC-193,TPI-302,LEGACY_MASTER,BASELINE,2020,45,43983,D,A,Matched,MASTER-SNAPSHOT,https://www.dcard.tw/f/food/p/233454916,2020上校雞塊4塊原價45；2026同4塊49。,Master,TPI-302,正餐／小吃／早餐,肯德基,上校雞塊 4塊,v0.5-measurement-20260912
MIG-00299,LEG-EC-193,TPI-302,LEGACY_MASTER,CURRENT_2026,2026,49,46274,B,A,Matched,MASTER-SNAPSHOT,https://www.money101.com.tw/blog/%E6%9C%80%E6%96%B0%E8%82%AF%E5%BE%B7%E5%9F%BA%E8%8F%9C%E5%96%AE-%E6%97%A9%E9%A4%90-%E8%9B%8B%E5%A1%94%E5%85%A8%E5%AE%B6%E6%A1%B6%E5%83%B9%E9%8C%A2%E5%84%AA%E6%83%A0%E5%BD%99%E6%95%B4-%E4%BF%A1,2020上校雞塊4塊原價45；2026同4塊49。,Master,TPI-302,正餐／小吃／早餐,肯德基,上校雞塊 4塊,v0.5-measurement-20260912
MIG-00300,LEG-EC-262,TPI3-R029,LEGACY_MASTER,BASELINE,2020,30,43851,C,B,Matched,MASTER-SNAPSHOT,https://hanhan00.pixnet.net/blog/posts/17318217022,v0.3新增；多家外送門市酸辣湯39；市府特殊菜單35不代表一般門市。 v0.3 historical rebuild：2020-01-21四海遊龍景美店實際食記直接列酸辣湯30；固定籃子為一般門市而歷史證據是單一分店，故Comparability=B。,Master,TPI3-R029,正餐／小吃／早餐,四海遊龍,酸辣湯,v0.5-measurement-20260912
MIG-00301,LEG-EC-262,TPI3-R029,LEGACY_MASTER,CURRENT_2026,2026,39,46276,B,B,Matched,MASTER-SNAPSHOT,https://www.foodpanda.com.tw/restaurant/z8aw/si-hai-you-long-tai-bei-jing-mei-dian,v0.3新增；多家外送門市酸辣湯39；市府特殊菜單35不代表一般門市。 v0.3 historical rebuild：2020-01-21四海遊龍景美店實際食記直接列酸辣湯30；固定籃子為一般門市而歷史證據是單一分店，故Comparability=B。,Master,TPI3-R029,正餐／小吃／早餐,四海遊龍,酸辣湯,v0.5-measurement-20260912
MIG-00302,LEG-EC-276,TPI3-R030,LEGACY_MASTER,CURRENT_2026,2026,55,46276,B,A,2026 verified,MASTER-SNAPSHOT,https://baliman.tw/blog/post/morning-kitchen-menu,v0.3新增；2026中北區菜單整理55，官方頁確認品項存在。 v0.3 historical rebuild：HOLD-PRICE-MISSING；2020可找到晨間廚房鮪魚玉米蛋餅存在證據，但未找到可回查的正常單份價格。,Master,TPI3-R030,正餐／小吃／早餐,晨間廚房,鮪魚玉米蛋餅,v0.5-measurement-20260912
MIG-00303,LEG-EC-226,TPI3-R031,LEGACY_MASTER,CURRENT_2026,2026,60,46276,B,A,2026 verified,MASTER-SNAPSHOT,https://www.foodpanda.com.tw/restaurant/i3pp/hong-ye-han-bao-xiang-xin-dian-i3pp,v0.3新增；門市外送頁顯示正常原價60，折扣價不採；加盟店可能有區域差異。 v0.3 historical rebuild：HOLD-PRICE-MISSING；2020可找到弘爺同類招牌豬肉蛋吐司/堡存在，但未取得安全的2020一般門市正常價。,Master,TPI3-R031,正餐／小吃／早餐,弘爺漢堡,招牌豬肉蛋吐司,v0.5-measurement-20260912
MIG-00304,LEG-EC-196,TPI-306,LEGACY_MASTER,BASELINE,2020,45,44076,C,A,Matched,MASTER-SNAPSHOT,https://lanshian.pixnet.net/blog/posts/16004183346,漢堡王官方點心菜單中薯59元。 Gate3A Phase4E：2020漢堡王菜單頁標示9/2更新，『放心點』正常菜單直接列薯條(中)45、薯條(大)55；45不是買送/任選/套組價。固定一般門市、中份、單點一致，Comparability=A。,Master,TPI-306,正餐／小吃／早餐,漢堡王,中薯條,v0.5-measurement-20260912
MIG-00305,LEG-EC-196,TPI-306,LEGACY_MASTER,CURRENT_2026,2026,59,46274,A,A,Matched,MASTER-SNAPSHOT,https://www.burgerking.com.tw/category/5,漢堡王官方點心菜單中薯59元。 Gate3A Phase4E：2020漢堡王菜單頁標示9/2更新，『放心點』正常菜單直接列薯條(中)45、薯條(大)55；45不是買送/任選/套組價。固定一般門市、中份、單點一致，Comparability=A。,Master,TPI-306,正餐／小吃／早餐,漢堡王,中薯條,v0.5-measurement-20260912
MIG-00306,LEG-EC-203,TPI-310,LEGACY_MASTER,BASELINE,2020,25,44129,C,A,Matched,MASTER-SNAPSHOT,https://loveruru1106.pixnet.net/blog/posts/9554217544,2020原味蛋餅25；2026仍25，0%控制組。,Master,TPI-310,正餐／小吃／早餐,Q Burger,原味蛋餅,v0.5-measurement-20260912
MIG-00307,LEG-EC-203,TPI-310,LEGACY_MASTER,CURRENT_2026,2026,25,46274,B,A,Matched,MASTER-SNAPSHOT,https://baliman.tw/blog/post/q-burger-menu,2020原味蛋餅25；2026仍25，0%控制組。,Master,TPI-310,正餐／小吃／早餐,Q Burger,原味蛋餅,v0.5-measurement-20260912
MIG-00308,LEG-EC-277,TPI-311,LEGACY_MASTER,BASELINE,2020,45,44034,C,B,Matched,MASTER-SNAPSHOT,https://pickyeaterr.com/qburger/,2026菜單整理列鮪魚蛋餅40元。 Gate3A Phase4F：Q Burger南崁福祿店2020-07-22再訪明列『鮪魚蛋餅45』；另有2020-10中山中原店同品項45交叉一致。固定品項/單份一致；歷史證據來自特定門市，固定籃子為一般門市，故Comparability=B。,Master,TPI-311,正餐／小吃／早餐,Q Burger,鮪魚蛋餅,v0.5-measurement-20260912
MIG-00309,LEG-EC-277,TPI-311,LEGACY_MASTER,CURRENT_2026,2026,40,46274,B,B,Matched,MASTER-SNAPSHOT,https://baliman.tw/blog/post/q-burger-menu,2026菜單整理列鮪魚蛋餅40元。 Gate3A Phase4F：Q Burger南崁福祿店2020-07-22再訪明列『鮪魚蛋餅45』；另有2020-10中山中原店同品項45交叉一致。固定品項/單份一致；歷史證據來自特定門市，固定籃子為一般門市，故Comparability=B。,Master,TPI-311,正餐／小吃／早餐,Q Burger,鮪魚蛋餅,v0.5-measurement-20260912
MIG-00310,LEG-EC-264,TPI-312,LEGACY_MASTER,CURRENT_2026,2026,50,46276,B,B,2026 verified,MASTER-SNAPSHOT,https://baliman.tw/blog/post/q-burger-menu,2026菜單列里肌豬排吐司50；現行官方亦確認該SKU。因原master含蛋，不做舊品直接配對。 Source observation retained in Source_Ledger_v02; excluded from clean current until basket identity/spec is re-locked. v0.3 current補證：里肌豬排吐司2026一般門市菜單參考50；官方頁確認品項存在。,Master,TPI-312,正餐／小吃／早餐,Q Burger,里肌豬排吐司,v0.5-measurement-20260912
MIG-00311,LEG-EC-200,TPI3-R032,LEGACY_MASTER,CURRENT_2026,2026,79,46276,B,A,2026 verified,MASTER-SNAPSHOT,https://baliman.tw/blog/post/laya-burger-menu,v0.3新增；2026菜單79；拉亞官方頁確認同品項。 v0.3 historical rebuild：HOLD-GENERATION-DATE-MISSING；厚切里肌蛋湯種吐司現行品項可確認，但未找到日期鎖定的2020同代正常價；後續產品線曾改版。,Master,TPI3-R032,正餐／小吃／早餐,拉亞漢堡,厚切里肌蛋湯種吐司,v0.5-measurement-20260912
MIG-00312,LEG-EC-277,TPI-314,LEGACY_MASTER,CURRENT_2026,2026,50,46274,B,A,2026 verified,MASTER-SNAPSHOT,https://food.codecity.com.tw/b/mwd,2026菜單整理並對照品牌菜單，鮪魚蛋餅50元。,Master,TPI-314,正餐／小吃／早餐,麥味登,鮪魚蛋餅,v0.5-measurement-20260912
MIG-00313,LEG-EC-290,TPI-315,LEGACY_MASTER,CURRENT_2026,2026,50,46276,B,B,2026 verified,MASTER-SNAPSHOT,https://food.codecity.com.tw/b/macmorning,2026具名SKU價格65元；與原泛稱近似但非完全同名，Comparability=B。 Source observation retained in Source_Ledger_v02; excluded from clean current until basket identity/spec is re-locked. v0.3 current補證：2026官方菜單圖轉錄顯示黑胡椒豬里肌漢堡/吐司同價50。,Master,TPI-315,正餐／小吃／早餐,麥味登,黑胡椒豬里肌蛋湯種吐司,v0.5-measurement-20260912
MIG-00314,LEG-EC-201,TPI3-R033,LEGACY_MASTER,CURRENT_2026,2026,33,46276,B,A,2026 verified,MASTER-SNAPSHOT,https://baliman.tw/blog/post/laya-burger-menu,v0.3新增；2026菜單33；飲料不配置獨立row。 v0.3 historical rebuild：HOLD-PRICE-MISSING；未找到2020原味千層蛋餅可回查正常價；不得以目前門市價倒推。,Master,TPI3-R033,正餐／小吃／早餐,拉亞漢堡,原味千層蛋餅,v0.5-measurement-20260912
MIG-00315,LEG-EC-213,TPI-317,LEGACY_MASTER,CURRENT_2026,2026,45,46276,B,A,2026 verified,MASTER-SNAPSHOT,https://baliman.tw/blog/post/laya-burger-menu,固定觀測標的；需鎖同門市型態、同份量、非外送加價。 v0.3 current補證：2026培根千層蛋餅/培根蛋餅代表價45；飲料不配置獨立row。,Master,TPI-317,正餐／小吃／早餐,拉亞漢堡,培根蛋餅,v0.5-measurement-20260912
MIG-00316,LEG-EC-191,TPI3-R034,LEGACY_MASTER,CURRENT_2026,2026,75,46276,B,A,2026 verified,MASTER-SNAPSHOT,https://baliman.tw/blog/post/laya-burger-menu,v0.3新增；2026菜單XL卡啦炸雞湯種吐司75；官方頁確認品項存在。 v0.3 historical rebuild：HOLD-GENERATION-DATE-MISSING；XL卡啦炸雞湯種吐司屬後續升級產品線；未建立2020同一代正常價。,Master,TPI3-R034,正餐／小吃／早餐,拉亞漢堡,XL卡啦炸雞湯種吐司,v0.5-measurement-20260912
MIG-00317,LEG-EC-274,TPI3-R035,LEGACY_MASTER,CURRENT_2026,2026,40,46276,B,A,2026 verified,MASTER-SNAPSHOT,https://food.codecity.com.tw/b/macmorning,v0.3新增；2026官方菜單圖轉錄香雞漢堡40；不配置早餐店獨立飲料row。 v0.3 historical rebuild：HOLD-PRICE-MISSING；2020可找到麥味登香雞漢堡品項存在，但沒有安全的2020正常價。,Master,TPI3-R035,正餐／小吃／早餐,麥味登,香雞漢堡,v0.5-measurement-20260912
MIG-00318,LEG-EC-224,TPI-320,LEGACY_MASTER,BASELINE,2020,22,43961,C,A,Matched,MASTER-SNAPSHOT,https://oxoxooxoxo.pixnet.net/blog/posts/14218643801,2026-06-22起每顆29元。 Gate3A Phase4D 2026-09-10：2020-05-10同期鼎泰豐菜單明列小籠包10顆220元；這是正常菜單份量而非促銷組合。依UNIT-NORMALIZED-NORMAL規則換算22元/顆。另有2020-02-29等同期來源交叉一致；固定品項/一般門市/品名相符，Comparability=A。,Master,TPI-320,正餐／小吃／早餐,鼎泰豐,招牌小籠包 1顆,v0.5-measurement-20260912
MIG-00319,LEG-EC-224,TPI-320,LEGACY_MASTER,CURRENT_2026,2026,29,46274,B,A,Matched,MASTER-SNAPSHOT,https://supertaste.tvbs.com.tw/pack/360145,2026-06-22起每顆29元。 Gate3A Phase4D 2026-09-10：2020-05-10同期鼎泰豐菜單明列小籠包10顆220元；這是正常菜單份量而非促銷組合。依UNIT-NORMALIZED-NORMAL規則換算22元/顆。另有2020-02-29等同期來源交叉一致；固定品項/一般門市/品名相符，Comparability=A。,Master,TPI-320,正餐／小吃／早餐,鼎泰豐,招牌小籠包 1顆,v0.5-measurement-20260912
MIG-00320,LEG-EC-258,TPI-321,LEGACY_MASTER,BASELINE,2020,240,43961,C,A,Matched,MASTER-SNAPSHOT,https://oxoxooxoxo.pixnet.net/blog/posts/14218643801,2026-06-22起320元。,Master,TPI-321,正餐／小吃／早餐,鼎泰豐,蝦仁蛋炒飯,v0.5-measurement-20260912
MIG-00321,LEG-EC-258,TPI-321,LEGACY_MASTER,CURRENT_2026,2026,320,46274,B,A,Matched,MASTER-SNAPSHOT,https://supertaste.tvbs.com.tw/pack/360145,2026-06-22起320元。,Master,TPI-321,正餐／小吃／早餐,鼎泰豐,蝦仁蛋炒飯,v0.5-measurement-20260912
MIG-00322,LEG-EC-259,TPI-322,LEGACY_MASTER,BASELINE,2020,180,44111,C,A,Matched,MASTER-SNAPSHOT,https://ikuma.cc/dintaifung-hsinchu/,2026-06-22起240元。 Gate3A Phase4E：2020-10-07鼎泰豐新竹大遠百同期食記直接列蝦肉紅油抄手180；2020-09 PTT亦指出鼎泰豐店內價180，形成獨立交叉支持。固定品項、單份與一般門市價一致，Comparability=A。,Master,TPI-322,正餐／小吃／早餐,鼎泰豐,蝦肉紅油抄手,v0.5-measurement-20260912
MIG-00323,LEG-EC-259,TPI-322,LEGACY_MASTER,CURRENT_2026,2026,240,46274,B,A,Matched,MASTER-SNAPSHOT,https://supertaste.tvbs.com.tw/pack/360145,2026-06-22起240元。 Gate3A Phase4E：2020-10-07鼎泰豐新竹大遠百同期食記直接列蝦肉紅油抄手180；2020-09 PTT亦指出鼎泰豐店內價180，形成獨立交叉支持。固定品項、單份與一般門市價一致，Comparability=A。,Master,TPI-322,正餐／小吃／早餐,鼎泰豐,蝦肉紅油抄手,v0.5-measurement-20260912
MIG-00324,LEG-EC-248,TPI-323,LEGACY_MASTER,CURRENT_2026,2026,130,46274,B,A,2026 verified,MASTER-SNAPSHOT,https://supertaste.tvbs.com.tw/pack/360145,2026-06-22起130元。,Master,TPI-323,正餐／小吃／早餐,鼎泰豐,精緻小菜,v0.5-measurement-20260912
MIG-00325,LEG-EC-215,TPI-324,LEGACY_MASTER,CURRENT_2026,2026,170,46274,C,A,2026 verified,MASTER-SNAPSHOT,https://www.foodpanda.com.tw/restaurant/nki9/san-ma-chou-chou-guo-bu-xin-wen-hua-dian,頁面明確標示<店內價>170元。,Master,TPI-324,正餐／小吃／早餐,三媽臭臭鍋,大腸臭臭鍋,v0.5-measurement-20260912
MIG-00326,LEG-EC-239,TPI-325,LEGACY_MASTER,CURRENT_2026,2026,170,46274,C,A,2026 verified,MASTER-SNAPSHOT,https://www.foodpanda.com.tw/restaurant/nki9/san-ma-chou-chou-guo-bu-xin-wen-hua-dian,頁面明確標示<店內價>170元。,Master,TPI-325,正餐／小吃／早餐,三媽臭臭鍋,海鮮豆腐鍋,v0.5-measurement-20260912
MIG-00327,LEG-EC-237,TPI-326,LEGACY_MASTER,CURRENT_2026,2026,170,46274,C,A,2026 verified,MASTER-SNAPSHOT,https://www.foodpanda.com.tw/restaurant/nki9/san-ma-chou-chou-guo-bu-xin-wen-hua-dian,頁面明確標示<店內價>170元。,Master,TPI-326,正餐／小吃／早餐,三媽臭臭鍋,泡菜鍋,v0.5-measurement-20260912
MIG-00328,LEG-EC-271,TPI-327,LEGACY_MASTER,BASELINE,2020,39,43922,C,A,Matched,MASTER-SNAPSHOT,https://heidichao.pixnet.net/blog/posts/5068804735,2020魯肉飯小39；2026一般門市71。,Master,TPI-327,正餐／小吃／早餐,鬍鬚張,飄香魯肉飯（小）,v0.5-measurement-20260912
MIG-00329,LEG-EC-271,TPI-327,LEGACY_MASTER,CURRENT_2026,2026,71,46274,B,A,Matched,MASTER-SNAPSHOT,https://ec.ltn.com.tw/article/breakingnews/5306654,2020魯肉飯小39；2026一般門市71。,Master,TPI-327,正餐／小吃／早餐,鬍鬚張,飄香魯肉飯（小）,v0.5-measurement-20260912
MIG-00330,LEG-EC-268,TPI-328,LEGACY_MASTER,BASELINE,2020,39,43922,C,B,Matched,MASTER-SNAPSHOT,https://heidichao.pixnet.net/blog/posts/5068804735,2026-03菜單整理雞肉飯小39；未採外送平台47。 Gate3A Phase4E：2020-04-01鬍鬚張永吉店食記列小魯肉飯39並明確說雞肉飯價格也一樣；因此小雞肉飯正常店內價39成立。因歷史證據鎖定單一門市、固定籃子為一般門市，Comparability=B。,Master,TPI-328,正餐／小吃／早餐,鬍鬚張,雞肉飯（小）,v0.5-measurement-20260912
MIG-00331,LEG-EC-268,TPI-328,LEGACY_MASTER,CURRENT_2026,2026,39,46274,B,B,Matched,MASTER-SNAPSHOT,https://saratrip.com/fmsc-handy-menu/,2026-03菜單整理雞肉飯小39；未採外送平台47。 Gate3A Phase4E：2020-04-01鬍鬚張永吉店食記列小魯肉飯39並明確說雞肉飯價格也一樣；因此小雞肉飯正常店內價39成立。因歷史證據鎖定單一門市、固定籃子為一般門市，Comparability=B。,Master,TPI-328,正餐／小吃／早餐,鬍鬚張,雞肉飯（小）,v0.5-measurement-20260912
MIG-00332,LEG-EC-211,TPI-329,LEGACY_MASTER,CURRENT_2026,2026,130,46274,B,A,2026 verified,MASTER-SNAPSHOT,https://ec.ltn.com.tw/article/breakingnews/5306654,公告明列唐山里肌豬排便當130元。,Master,TPI-329,正餐／小吃／早餐,鬍鬚張,唐山里肌豬排便當,v0.5-measurement-20260912
MIG-00333,LEG-EC-241,TPI-330,LEGACY_MASTER,BASELINE,2020,100,43964,D,A,Matched,MASTER-SNAPSHOT,https://www.ptt.cc/bbs/Hsinchu/M.1589343168.A.B27.html,2020食記明列炸排骨飯100；2026店內125。,Master,TPI-330,正餐／小吃／早餐,梁社漢排骨,炸排骨飯,v0.5-measurement-20260912
MIG-00334,LEG-EC-241,TPI-330,LEGACY_MASTER,CURRENT_2026,2026,125,46274,B,A,Matched,MASTER-SNAPSHOT,https://baliman.tw/blog/post/liang-she-han-menu,2020食記明列炸排骨飯100；2026店內125。,Master,TPI-330,正餐／小吃／早餐,梁社漢排骨,炸排骨飯,v0.5-measurement-20260912
MIG-00335,LEG-EC-233,TPI-331,LEGACY_MASTER,CURRENT_2026,2026,138,46274,B,A,2026 verified,MASTER-SNAPSHOT,https://baliman.tw/blog/post/liang-she-han-menu,2026店內便當價138。,Master,TPI-331,正餐／小吃／早餐,梁社漢排骨,椒麻雞飯,v0.5-measurement-20260912
MIG-00336,LEG-EC-206,TPI-332,LEGACY_MASTER,BASELINE,2020,35,43988,C,B,Matched,MASTER-SNAPSHOT,https://classic-blog.udn.com/9d6b990b/137965258,2026菜單古早味燙青菜35元。 Phase4 FINAL 2026-09-10：2020-06-06梁社漢2020最新菜單明列燙青菜35；2026固定品項「古早味燙青菜」35。功能/份量一致但名稱世代增加「古早味」，故Evidence=C、Comparability=B。,Master,TPI-332,正餐／小吃／早餐,梁社漢排骨,古早味燙青菜,v0.5-measurement-20260912
MIG-00337,LEG-EC-206,TPI-332,LEGACY_MASTER,CURRENT_2026,2026,35,46274,B,B,Matched,MASTER-SNAPSHOT,https://baliman.tw/blog/post/liang-she-han-menu,2026菜單古早味燙青菜35元。 Phase4 FINAL 2026-09-10：2020-06-06梁社漢2020最新菜單明列燙青菜35；2026固定品項「古早味燙青菜」35。功能/份量一致但名稱世代增加「古早味」，故Evidence=C、Comparability=B。,Master,TPI-332,正餐／小吃／早餐,梁社漢排骨,古早味燙青菜,v0.5-measurement-20260912
MIG-00338,LEG-EC-228,TPI-336,LEGACY_MASTER,BASELINE,2020,6,44076,C,A,Matched,MASTER-SNAPSHOT,https://tpe.twagoda.com/entry/105010616.html,2020菜單招牌鍋貼6；2026為7。 Phase4B provenance audit：原工作簿日期2020-06-01無直接日期依據；改用可回查的2020-09-02頁面，其2020菜單索引列同品項6元。價格不變。,Master,TPI-336,正餐／小吃／早餐,四海遊龍,招牌鍋貼 1顆,v0.5-measurement-20260912
MIG-00339,LEG-EC-228,TPI-336,LEGACY_MASTER,CURRENT_2026,2026,7,46274,B,A,Matched,MASTER-SNAPSHOT,https://dailydietitian.com.tw/%E5%9B%9B%E6%B5%B7%E9%81%8A%E9%BE%8D%E8%8F%9C%E5%96%AE-%E5%83%B9%E7%9B%AE%E8%A1%A8-%E7%86%B1%E9%87%8F/,2020菜單招牌鍋貼6；2026為7。 Phase4B provenance audit：原工作簿日期2020-06-01無直接日期依據；改用可回查的2020-09-02頁面，其2020菜單索引列同品項6元。價格不變。,Master,TPI-336,正餐／小吃／早餐,四海遊龍,招牌鍋貼 1顆,v0.5-measurement-20260912
MIG-00340,LEG-EC-270,TPI-337,LEGACY_MASTER,BASELINE,2020,6,44076,C,A,Matched,MASTER-SNAPSHOT,https://tpe.twagoda.com/entry/105010616.html,2020韭菜水餃6；2026為7.5。 Phase4B provenance audit：原工作簿日期2020-06-01無直接日期依據；改用可回查的2020-09-02頁面，其2020菜單索引列同品項6元。價格不變。,Master,TPI-337,正餐／小吃／早餐,四海遊龍,韭菜水餃 1顆,v0.5-measurement-20260912
MIG-00341,LEG-EC-270,TPI-337,LEGACY_MASTER,CURRENT_2026,2026,7.5,46274,B,A,Matched,MASTER-SNAPSHOT,https://dailydietitian.com.tw/%E5%9B%9B%E6%B5%B7%E9%81%8A%E9%BE%8D%E8%8F%9C%E5%96%AE-%E5%83%B9%E7%9B%AE%E8%A1%A8-%E7%86%B1%E9%87%8F/,2020韭菜水餃6；2026為7.5。 Phase4B provenance audit：原工作簿日期2020-06-01無直接日期依據；改用可回查的2020-09-02頁面，其2020菜單索引列同品項6元。價格不變。,Master,TPI-337,正餐／小吃／早餐,四海遊龍,韭菜水餃 1顆,v0.5-measurement-20260912
MIG-00342,LEG-EC-250,TPI-338,LEGACY_MASTER,BASELINE,2020,150,44076,C,B,Matched,MASTER-SNAPSHOT,https://achingfoodie.tw/fourdragon/,原『牛肉麵』鎖為紅燒牛肉麵，2026價格170。 Gate3A Phase4D：2020-09-02四海遊龍同期菜單列『牛肉麵150元』，描述為川味牛肉湯頭；當時尚未拆成現行清燉/紅燒命名。依既有『原牛肉麵→紅燒牛肉麵』固定品項映射視為產品線前身。150為正常單碗菜單價，非促銷；命名世代變化故Comparability=B。,Master,TPI-338,正餐／小吃／早餐,四海遊龍,紅燒牛肉麵,v0.5-measurement-20260912
MIG-00343,LEG-EC-250,TPI-338,LEGACY_MASTER,CURRENT_2026,2026,170,46274,B,B,Matched,MASTER-SNAPSHOT,https://dailydietitian.com.tw/%E5%9B%9B%E6%B5%B7%E9%81%8A%E9%BE%8D%E8%8F%9C%E5%96%AE-%E5%83%B9%E7%9B%AE%E8%A1%A8-%E7%86%B1%E9%87%8F/,原『牛肉麵』鎖為紅燒牛肉麵，2026價格170。 Gate3A Phase4D：2020-09-02四海遊龍同期菜單列『牛肉麵150元』，描述為川味牛肉湯頭；當時尚未拆成現行清燉/紅燒命名。依既有『原牛肉麵→紅燒牛肉麵』固定品項映射視為產品線前身。150為正常單碗菜單價，非促銷；命名世代變化故Comparability=B。,Master,TPI-338,正餐／小吃／早餐,四海遊龍,紅燒牛肉麵,v0.5-measurement-20260912
MIG-00344,LEG-EC-278,TPI-339,LEGACY_MASTER,BASELINE,2020,30,43858,C,A,Matched,MASTER-SNAPSHOT,https://judy0226kimo.pixnet.net/blog/posts/14218014602,2020一般握壽司均一30；鮭魚屬基本握壽司。2026官方40。,Master,TPI-339,正餐／小吃／早餐,爭鮮迴轉壽司,鮭魚握壽司,v0.5-measurement-20260912
MIG-00345,LEG-EC-278,TPI-339,LEGACY_MASTER,CURRENT_2026,2026,40,46274,A,A,Matched,MASTER-SNAPSHOT,https://www.sushiexpress.com.tw/sushi-express/Menu,2020一般握壽司均一30；鮭魚屬基本握壽司。2026官方40。,Master,TPI-339,正餐／小吃／早餐,爭鮮迴轉壽司,鮭魚握壽司,v0.5-measurement-20260912
MIG-00346,LEG-EC-282,TPI-340,LEGACY_MASTER,BASELINE,2020,30,43858,C,A,Matched,MASTER-SNAPSHOT,https://judy0226kimo.pixnet.net/blog/posts/14218014602,2020鮮魚味噌湯30；2026官方30，0%控制組。,Master,TPI-340,正餐／小吃／早餐,爭鮮迴轉壽司,鮮魚味噌湯,v0.5-measurement-20260912
MIG-00347,LEG-EC-282,TPI-340,LEGACY_MASTER,CURRENT_2026,2026,30,46274,A,A,Matched,MASTER-SNAPSHOT,https://www.sushiexpress.com.tw/sushi-express/Menu,2020鮮魚味噌湯30；2026官方30，0%控制組。,Master,TPI-340,正餐／小吃／早餐,爭鮮迴轉壽司,鮮魚味噌湯,v0.5-measurement-20260912
MIG-00348,LEG-EC-223,TPI-341,LEGACY_MASTER,BASELINE,2020,30,43858,C,A,Matched,MASTER-SNAPSHOT,https://judy0226kimo.pixnet.net/blog/posts/14218014602,2020扇貝茶碗蒸30；2026官方30，0%控制組。,Master,TPI-341,正餐／小吃／早餐,爭鮮迴轉壽司,扇貝茶碗蒸,v0.5-measurement-20260912
MIG-00349,LEG-EC-223,TPI-341,LEGACY_MASTER,CURRENT_2026,2026,30,46274,A,A,Matched,MASTER-SNAPSHOT,https://www.sushiexpress.com.tw/sushi-express/Menu,2020扇貝茶碗蒸30；2026官方30，0%控制組。,Master,TPI-341,正餐／小吃／早餐,爭鮮迴轉壽司,扇貝茶碗蒸,v0.5-measurement-20260912
MIG-00350,LEG-EC-279,TPI-342,LEGACY_MASTER,BASELINE,2020,40,43919,C,A,Matched,MASTER-SNAPSHOT,https://www.walkerland.com.tw/article/view/257599,2020壽司郎基本40元帶鮭魚；2026同40元帶。,Master,TPI-342,正餐／小吃／早餐,壽司郎,鮭魚握壽司（40元帶）,v0.5-measurement-20260912
MIG-00351,LEG-EC-279,TPI-342,LEGACY_MASTER,CURRENT_2026,2026,40,46274,A,A,Matched,MASTER-SNAPSHOT,https://www.sushiro.com.tw/Menu,2020壽司郎基本40元帶鮭魚；2026同40元帶。,Master,TPI-342,正餐／小吃／早餐,壽司郎,鮭魚握壽司（40元帶）,v0.5-measurement-20260912
MIG-00352,LEG-EC-275,TPI-343,LEGACY_MASTER,BASELINE,2020,40,44178,C,A,Matched,MASTER-SNAPSHOT,https://menutaiwan.com/tw/restaurants/pLO7U27Wih,2020藏壽司基本握壽司40；2026官方鮪魚40，0%控制組。,Master,TPI-343,正餐／小吃／早餐,藏壽司,鮪魚握壽司,v0.5-measurement-20260912
MIG-00353,LEG-EC-275,TPI-343,LEGACY_MASTER,CURRENT_2026,2026,40,46274,A,A,Matched,MASTER-SNAPSHOT,https://www.kurasushi.tw/products,2020藏壽司基本握壽司40；2026官方鮪魚40，0%控制組。,Master,TPI-343,正餐／小吃／早餐,藏壽司,鮪魚握壽司,v0.5-measurement-20260912
MIG-00354,LEG-EC-252,TPI-344,LEGACY_MASTER,CURRENT_2026,2026,380,46274,B,A,2026 verified,MASTER-SNAPSHOT,https://food.codecity.com.tw/b/chikan,2026-07依官方菜單查證最低完整鍋物套餐為美國牛五花中份380元。,Master,TPI-344,正餐／小吃／早餐,築間幸福鍋物,美國牛五花鍋物套餐（中份）,v0.5-measurement-20260912
MIG-00355,LEG-EC-194,TPI-345,LEGACY_MASTER,BASELINE,2020,218,43979,C,A,Matched,MASTER-SNAPSHOT,https://chengabby2011.pixnet.net/blog/posts/15324868971,2020上選豬肉石頭鍋218；2026同基本套餐248。,Master,TPI-345,正餐／小吃／早餐,石二鍋,上選豬肉石頭鍋基本套餐,v0.5-measurement-20260912
MIG-00356,LEG-EC-194,TPI-345,LEGACY_MASTER,CURRENT_2026,2026,248,46274,B,A,Matched,MASTER-SNAPSHOT,https://baliman.tw/blog/post/12hotpot-menu,2020上選豬肉石頭鍋218；2026同基本套餐248。,Master,TPI-345,正餐／小吃／早餐,石二鍋,上選豬肉石頭鍋基本套餐,v0.5-measurement-20260912
MIG-00357,LEG-EC-243,TPI-346,LEGACY_MASTER,CURRENT_2026,2026,99,46190,B,,2026 verified,MASTER-SNAPSHOT,https://baliman.tw/blog/post/yoshinoya-menu,固定觀測標的；需鎖同門市型態、同份量、非外送加價。 v0.5 M2：2026-06-17菜單整理明列吉野家招牌牛丼中99，並註明菜單圖片來源台灣吉野家官網。,Master,TPI-346,正餐／小吃／早餐,吉野家,牛丼中,v0.5-measurement-20260912
MIG-00358,LEG-EC-243,TPI-347,LEGACY_MASTER,CURRENT_2026,2026,89,46277,A,,2026 verified,MASTER-SNAPSHOT,https://www.sukiya-jp.com.tw/pdf/news_250326.pdf,固定觀測標的；需鎖同門市型態、同份量、非外送加價。 v0.5 M2：台灣すき家官方價格調整公告確認牛丼中碗現行89且不變。,Master,TPI-347,正餐／小吃／早餐,すき家,牛丼中,v0.5-measurement-20260912
MIG-00359,LEG-EC-240,TPI-348,LEGACY_MASTER,CURRENT_2026,2026,220,46274,B,A,2026 verified,MASTER-SNAPSHOT,https://baliman.tw/blog/post/cocoichibanya-menu,2026菜單涮豬肉咖哩飯220；核心採未加服務費標價。,Master,TPI-348,正餐／小吃／早餐,CoCo壹番屋,涮豬肉咖哩飯,v0.5-measurement-20260912
MIG-00360,LEG-EC-203,TPI-349,LEGACY_MASTER,CURRENT_2026,2026,35,46274,B,A,2026 verified,MASTER-SNAPSHOT,https://baliman.tw/blog/post/morn-kitchen-menu,2026菜單原味蛋餅35元。,Master,TPI-349,正餐／小吃／早餐,晨間廚房,原味蛋餅,v0.5-measurement-20260912
MIG-00361,LEG-EC-260,TPI-350,LEGACY_MASTER,CURRENT_2026,2026,49,46191,B,,2026 verified,MASTER-SNAPSHOT,https://baliman.tw/blog/post/macc-menu,固定觀測標的；需鎖同門市型態、同份量、非外送加價。 v0.5 M2：2026-06-18早安美芝城菜單明列招牌豬肉蛋吐司49；固定row為一般門市豬肉蛋吐司。,Master,TPI-350,正餐／小吃／早餐,早安美芝城,豬肉蛋吐司,v0.5-measurement-20260912
MIG-00362,LEG-EC-203,TPI-351,LEGACY_MASTER,BASELINE,2020,20,43857,C,B,Matched,MASTER-SNAPSHOT,https://blog.footinder.app/%E5%BD%B0%E5%8C%96%E7%B8%A3%E6%BA%AA%E5%B7%9E%E9%84%89-2/642b005da99b7dfe5fea8715/,固定彰化南州店：2020原味蛋餅20；2026一般菜單整理30。因品牌有地區差價，R=B。,Master,TPI-351,正餐／小吃／早餐,弘爺漢堡,原味蛋餅,v0.5-measurement-20260912
MIG-00363,LEG-EC-203,TPI-351,LEGACY_MASTER,CURRENT_2026,2026,30,46274,B,B,Matched,MASTER-SNAPSHOT,https://dailydietitian.com.tw/%E5%BC%98%E7%88%BA%E6%BC%A2%E5%A0%A1%E8%8F%9C%E5%96%AE/,固定彰化南州店：2020原味蛋餅20；2026一般菜單整理30。因品牌有地區差價，R=B。,Master,TPI-351,正餐／小吃／早餐,弘爺漢堡,原味蛋餅,v0.5-measurement-20260912
MIG-00364,LEG-EC-185,TPI-352,LEGACY_MASTER,BASELINE,2020,100,43850,C,A,Matched,MASTER-SNAPSHOT,https://goodlife.tw/topics/184059-21%E4%B8%96%E7%B4%80-%E6%AF%8F%E6%9C%8821%E6%97%A5%E7%83%A4%E9%9B%9E%E6%97%A5-21-OFF%E5%84%AA%E6%83%A0,官方2026活動明列優惠89、原價155；核心採原價155。 Gate3A Phase4E：2020-01-20 21世紀烤雞日頁面明確拆分21香草烤雞腿『原價100、特價79』，並載明全台21PLUS/21風味館適用。Core只採原價100，不採79優惠價；固定單隻品項與一般門市一致，Comparability=A。,Master,TPI-352,正餐／小吃／早餐,21風味館,21香草烤雞腿,v0.5-measurement-20260912
MIG-00365,LEG-EC-185,TPI-352,LEGACY_MASTER,CURRENT_2026,2026,155,46274,A,A,Matched,MASTER-SNAPSHOT,https://www.pec21c.com.tw/ContentDetail/%E3%80%90%E5%93%81%E7%89%8C%E6%B4%BB%E5%8B%95%E3%80%91%E9%80%A21%E5%88%B021%E5%90%83%E7%83%A4%E9%9B%9E-240102003-203,官方2026活動明列優惠89、原價155；核心採原價155。 Gate3A Phase4E：2020-01-20 21世紀烤雞日頁面明確拆分21香草烤雞腿『原價100、特價79』，並載明全台21PLUS/21風味館適用。Core只採原價100，不採79優惠價；固定單隻品項與一般門市一致，Comparability=A。,Master,TPI-352,正餐／小吃／早餐,21風味館,21香草烤雞腿,v0.5-measurement-20260912
MIG-00366,LEG-EC-214,TPI-353,LEGACY_MASTER,CURRENT_2026,2026,169,46274,B,A,2026 verified,MASTER-SNAPSHOT,https://baliman.tw/blog/post/napoli-menu,2026-08民營菜單整理：經典小披薩外帶/內用169元；與外送價分開。,Master,TPI-353,正餐／小吃／早餐,拿坡里披薩・炸雞,夏威夷小披薩 9吋,v0.5-measurement-20260912
MIG-00367,LEG-EC-221,TPI-356,LEGACY_MASTER,BASELINE,2020,378,43863,C,A,Matched,MASTER-SNAPSHOT,https://ifoodie.tw/post/5e366d0c22613917aa272af7,2020平日午餐雞豬方案378；2026一般門市平日午餐國產豬肉雞肉480；均未加10%服務費。,Master,TPI-356,正餐／小吃／早餐,涮乃葉,平日午餐成人－豬肉雞肉最低方案,v0.5-measurement-20260912
MIG-00368,LEG-EC-221,TPI-356,LEGACY_MASTER,CURRENT_2026,2026,480,46274,B,A,Matched,MASTER-SNAPSHOT,https://www.wendyjourney.com/syabuyo/,2020平日午餐雞豬方案378；2026一般門市平日午餐國產豬肉雞肉480；均未加10%服務費。,Master,TPI-356,正餐／小吃／早餐,涮乃葉,平日午餐成人－豬肉雞肉最低方案,v0.5-measurement-20260912
MIG-00369,LEG-EC-220,TPI-357,LEGACY_MASTER,BASELINE,2020,409,44119,C,A,Matched,MASTER-SNAPSHOT,https://ifoodie.tw/post/5f890e4b8c906d0a1d85091f,2026菜單平日午餐單鍋469元。 Gate3A Phase4F：2020-10-15 Mo-Mo-Paradise台南夢時代牧場明列『平日午餐單鍋409/人』；另有2020台北中山牧場同期資料同為409，並同樣另加10%服務費。跨兩地門市價格/條件一致，固定平日午餐單鍋每位規格直接相符，Comparability=A。,Master,TPI-357,正餐／小吃／早餐,Mo-Mo-Paradise,平日午餐單鍋吃到飽,v0.5-measurement-20260912
MIG-00370,LEG-EC-220,TPI-357,LEGACY_MASTER,CURRENT_2026,2026,469,46274,B,A,Matched,MASTER-SNAPSHOT,https://baliman.tw/blog/post/momo-menu,2026菜單平日午餐單鍋469元。 Gate3A Phase4F：2020-10-15 Mo-Mo-Paradise台南夢時代牧場明列『平日午餐單鍋409/人』；另有2020台北中山牧場同期資料同為409，並同樣另加10%服務費。跨兩地門市價格/條件一致，固定平日午餐單鍋每位規格直接相符，Comparability=A。,Master,TPI-357,正餐／小吃／早餐,Mo-Mo-Paradise,平日午餐單鍋吃到飽,v0.5-measurement-20260912
MIG-00371,LEG-EC-216,TPI-358,LEGACY_MASTER,BASELINE,2020,70,43918,C,A,Matched,MASTER-SNAPSHOT,https://bobbyfun.tw/2020-03-28-1953/,2026-05具日期文章菜單照：大碗80、小碗65。 Gate3A Phase4F：2020-03-28西門町阿宗麵線文章直接標示店址台北市萬華區峨眉街8-1號，並列大碗70、小碗55；固定通路即同一西門店、同大碗現場一般售價。另有2020-01及2020-09獨立來源同為大碗70，Comparability=A。,Master,TPI-358,正餐／小吃／早餐,阿宗麵線,大腸麵線－大碗,v0.5-measurement-20260912
MIG-00372,LEG-EC-216,TPI-358,LEGACY_MASTER,CURRENT_2026,2026,80,46274,B,A,Matched,MASTER-SNAPSHOT,https://travelss.net/2026/05/04/ximending-day-trip-2026-2/,2026-05具日期文章菜單照：大碗80、小碗65。 Gate3A Phase4F：2020-03-28西門町阿宗麵線文章直接標示店址台北市萬華區峨眉街8-1號，並列大碗70、小碗55；固定通路即同一西門店、同大碗現場一般售價。另有2020-01及2020-09獨立來源同為大碗70，Comparability=A。,Master,TPI-358,正餐／小吃／早餐,阿宗麵線,大腸麵線－大碗,v0.5-measurement-20260912
MIG-00373,LEG-EC-284,TPI-359,LEGACY_MASTER,CURRENT_2026,2026,90,46277,C,A,2026 verified,MASTER-SNAPSHOT,https://news.ustv.com.tw/food/shop/8894,固定北部地方小吃樣本。 v0.5 M2：非凡大探索live listing命中固定大安路一段31巷8號，鵝肉麵90/小；頁面未標發布日，採2026-09-12 live retrieval。,Master,TPI-359,正餐／小吃／早餐,陳陽鵝肉大王,鵝肉麵－小,v0.5-measurement-20260912
MIG-00374,LEG-EC-192,TPI-360,LEGACY_MASTER,CURRENT_2026,2026,60,46277,C,A,2026 verified,MASTER-SNAPSHOT,https://news.ustv.com.tw/food/shop/10676,固定中部地方小吃樣本。 v0.5 M2：非凡大探索live listing命中台中第二市場固定地址，三層魯肉飯60；頁面未標發布日，採2026-09-12 live retrieval。,Master,TPI-360,正餐／小吃／早餐,山河魯肉飯,三層魯肉飯,v0.5-measurement-20260912
MIG-00375,LEG-EC-242,TPI-363,LEGACY_MASTER,CURRENT_2026,2026,40,46277,C,A,2026 verified,MASTER-SNAPSHOT,https://news.ustv.com.tw/food/shop/10630,固定南部地方小吃樣本。 v0.5 M2：非凡大探索live listing命中復橫一路276號，招牌燒肉飯40/小；頁面未標發布日，採2026-09-12 live retrieval。,Master,TPI-363,正餐／小吃／早餐,博義師燒肉飯（美麗島站）,燒肉飯－小,v0.5-measurement-20260912
MIG-00376,LEG-EC-107,TPI-364,LEGACY_MASTER,BASELINE,2020,45,43997,C,A,Matched,MASTER-SNAPSHOT,https://eatcooktw.blog.jp/archives/6351897.html,2020具日期私人菜單；2026路易莎官方菜單；同杯型同品項。,Master,TPI-364,咖啡／手搖飲,路易莎咖啡,美式黑咖啡（熱）M,v0.5-measurement-20260912
MIG-00377,LEG-EC-107,TPI-364,LEGACY_MASTER,CURRENT_2026,2026,60,46274,A,A,Matched,MASTER-SNAPSHOT,https://www.louisacoffee.co/products_list/8,2020具日期私人菜單；2026路易莎官方菜單；同杯型同品項。,Master,TPI-364,咖啡／手搖飲,路易莎咖啡,美式黑咖啡（熱）M,v0.5-measurement-20260912
MIG-00378,LEG-EC-082,TPI-365,LEGACY_MASTER,BASELINE,2020,65,43997,C,A,Matched,MASTER-SNAPSHOT,https://eatcooktw.blog.jp/archives/6351897.html,2020具日期私人菜單；2026路易莎官方菜單；同杯型同品項。,Master,TPI-365,咖啡／手搖飲,路易莎咖啡,咖啡拿鐵（熱）M,v0.5-measurement-20260912
MIG-00379,LEG-EC-082,TPI-365,LEGACY_MASTER,CURRENT_2026,2026,80,46274,A,A,Matched,MASTER-SNAPSHOT,https://www.louisacoffee.co/products_list/8,2020具日期私人菜單；2026路易莎官方菜單；同杯型同品項。,Master,TPI-365,咖啡／手搖飲,路易莎咖啡,咖啡拿鐵（熱）M,v0.5-measurement-20260912
MIG-00380,LEG-EC-102,TPI-366,LEGACY_MASTER,BASELINE,2020,40,43997,C,A,Matched,MASTER-SNAPSHOT,https://eatcooktw.blog.jp/archives/6351897.html,2020具日期私人菜單；2026路易莎官方茶飲菜單；同杯型同品項。,Master,TPI-366,咖啡／手搖飲,路易莎咖啡,精選英式紅茶（熱）M,v0.5-measurement-20260912
MIG-00381,LEG-EC-102,TPI-366,LEGACY_MASTER,CURRENT_2026,2026,50,46274,A,A,Matched,MASTER-SNAPSHOT,https://www.louisacoffee.co/products_list/12,2020具日期私人菜單；2026路易莎官方茶飲菜單；同杯型同品項。,Master,TPI-366,咖啡／手搖飲,路易莎咖啡,精選英式紅茶（熱）M,v0.5-measurement-20260912
MIG-00382,LEG-EC-110,TPI-367,LEGACY_MASTER,CURRENT_2026,2026,70,46274,A,A,2026 verified,MASTER-SNAPSHOT,https://www.louisacoffee.co/products_list/10,2026官方現價；2020同規格歷史價待回溯。,Master,TPI-367,咖啡／手搖飲,路易莎咖啡,莊園級美式（熱）M,v0.5-measurement-20260912
MIG-00383,LEG-EC-103,TPI-368,LEGACY_MASTER,BASELINE,2020,95,43834,C,A,Matched,MASTER-SNAPSHOT,https://www.zi.media/%40www4freeappcom/post/bhSmXB,2020星巴克美式Tall 95；2026官方100。,Master,TPI-368,咖啡／手搖飲,STARBUCKS 星巴克,美式咖啡 Tall（熱）,v0.5-measurement-20260912
MIG-00384,LEG-EC-103,TPI-368,LEGACY_MASTER,CURRENT_2026,2026,100,46274,A,A,Matched,MASTER-SNAPSHOT,https://www.starbucks.com.tw/products/drinks/product.jspx?id=693,2020星巴克美式Tall 95；2026官方100。,Master,TPI-368,咖啡／手搖飲,STARBUCKS 星巴克,美式咖啡 Tall（熱）,v0.5-measurement-20260912
MIG-00385,LEG-EC-111,TPI-369,LEGACY_MASTER,BASELINE,2020,120,43834,C,A,Matched,MASTER-SNAPSHOT,https://www.zi.media/%40www4freeappcom/post/bhSmXB,2020那堤Tall 120；2026官方125。,Master,TPI-369,咖啡／手搖飲,STARBUCKS 星巴克,那堤 Tall（熱）,v0.5-measurement-20260912
MIG-00386,LEG-EC-111,TPI-369,LEGACY_MASTER,CURRENT_2026,2026,125,46274,A,A,Matched,MASTER-SNAPSHOT,https://www.starbucks.com.tw/products/drinks/,2020那堤Tall 120；2026官方125。,Master,TPI-369,咖啡／手搖飲,STARBUCKS 星巴克,那堤 Tall（熱）,v0.5-measurement-20260912
MIG-00387,LEG-EC-081,TPI-370,LEGACY_MASTER,BASELINE,2020,140,43834,C,A,Matched,MASTER-SNAPSHOT,https://www.zi.media/%40www4freeappcom/post/bhSmXB,2020焦糖瑪奇朵Tall 140；2026冰焦糖瑪奇朵Tall 145。,Master,TPI-370,咖啡／手搖飲,STARBUCKS 星巴克,冰焦糖瑪奇朵 Tall,v0.5-measurement-20260912
MIG-00388,LEG-EC-081,TPI-370,LEGACY_MASTER,CURRENT_2026,2026,145,46274,A,A,Matched,MASTER-SNAPSHOT,https://www.starbucks.com.tw/products/drinks/product.jspx?catId=117&id=703,2020焦糖瑪奇朵Tall 140；2026冰焦糖瑪奇朵Tall 145。,Master,TPI-370,咖啡／手搖飲,STARBUCKS 星巴克,冰焦糖瑪奇朵 Tall,v0.5-measurement-20260912
MIG-00389,LEG-EC-096,TPI-371,LEGACY_MASTER,BASELINE,2020,85,43834,C,A,Matched,MASTER-SNAPSHOT,https://www.zi.media/%40www4freeappcom/post/bhSmXB,2020每日精選Tall 85；2026官方90。,Master,TPI-371,咖啡／手搖飲,STARBUCKS 星巴克,每日精選咖啡 Tall（熱）,v0.5-measurement-20260912
MIG-00390,LEG-EC-096,TPI-371,LEGACY_MASTER,CURRENT_2026,2026,90,46274,A,A,Matched,MASTER-SNAPSHOT,https://www.starbucks.com.tw/products/drinks/product.jspx?id=710,2020每日精選Tall 85；2026官方90。,Master,TPI-371,咖啡／手搖飲,STARBUCKS 星巴克,每日精選咖啡 Tall（熱）,v0.5-measurement-20260912
MIG-00391,LEG-EC-101,TPI-372,LEGACY_MASTER,BASELINE,2020,50,44043,C,B,Matched,MASTER-SNAPSHOT,https://huablog.tw/coco/,2026私人菜單來源；正式v1前仍應以門市/官方菜單再核對。 Gate3A Phase4D：2020-07-31 CoCo新竹關新店同期紀錄直接列『百香雙響炮(L) $50』，並稱其為常態商品。數值本身不是活動價；固定品牌/品項/L一致。因歷史證據為單一分店、固定籃子為一般門市，Comparability=B。,Master,TPI-372,咖啡／手搖飲,CoCo都可,百香雙響炮 L,v0.5-measurement-20260912
MIG-00392,LEG-EC-101,TPI-372,LEGACY_MASTER,CURRENT_2026,2026,70,46274,B,B,Matched,MASTER-SNAPSHOT,https://cpok.tw/60521,2026私人菜單來源；正式v1前仍應以門市/官方菜單再核對。 Gate3A Phase4D：2020-07-31 CoCo新竹關新店同期紀錄直接列『百香雙響炮(L) $50』，並稱其為常態商品。數值本身不是活動價；固定品牌/品項/L一致。因歷史證據為單一分店、固定籃子為一般門市，Comparability=B。,Master,TPI-372,咖啡／手搖飲,CoCo都可,百香雙響炮 L,v0.5-measurement-20260912
MIG-00393,LEG-EC-099,TPI-373,LEGACY_MASTER,CURRENT_2026,2026,60,46274,B,A,2026 verified,MASTER-SNAPSHOT,https://cpok.tw/60521,2026私人菜單來源；正式v1前仍應門市核對。,Master,TPI-373,咖啡／手搖飲,CoCo都可,珍珠奶茶 L,v0.5-measurement-20260912
MIG-00394,LEG-EC-181,TPI-374,LEGACY_MASTER,CURRENT_2026,2026,149,46274,A,A,2026 verified,MASTER-SNAPSHOT,https://www.watsons.com.tw/,一般149、特價95；核心採一般價。,Master,TPI-374,日用品／個人用品,舒潔,舒潔雲絨舒適抽取衛生紙 90抽×8包,v0.5-measurement-20260912
MIG-00395,LEG-EC-183,TPI-375,LEGACY_MASTER,CURRENT_2026,2026,199,46274,A,A,2026 verified,MASTER-SNAPSHOT,https://www.watsons.com.tw/,一般199、特價135；核心採一般價。,Master,TPI-375,日用品／個人用品,靠得住 KOTEX,草本抑菌衛生棉 23cm 14片×3包,v0.5-measurement-20260912
MIG-00396,LEG-EC-149,TPI-376,LEGACY_MASTER,CURRENT_2026,2026,199,46274,A,A,2026 verified,MASTER-SNAPSHOT,https://www.watsons.com.tw/promotion-tag/586,原價199；促銷折後不取代。,Master,TPI-376,日用品／個人用品,Colgate 高露潔,三重功效牙膏 160g×3,v0.5-measurement-20260912
MIG-00397,LEG-EC-182,TPI-377,LEGACY_MASTER,CURRENT_2026,2026,309,46274,A,B,2026 verified,MASTER-SNAPSHOT,https://www.watsons.com.tw/%E6%B5%B7%E5%80%AB%E4%BB%99%E5%BA%A6%E7%B5%B2%E8%88%92%E7%B7%A9%E5%8E%BB%E5%B1%91%E6%B4%97%E9%AB%AE%E9%9C%B2-%E6%9C%9D%E6%9B%A6%E6%A9%99%E8%8A%B1680g-%E8%8C%89%E8%8E%89%E8%8A%B1%E9%A6%99750ml-%E9%9A%A8%E6%A9%9F%E5%87%BA%E8%B2%A8/p/BP_171886,原價309；頁面明載680g/750ml隨機出貨，Comparability=B。,Master,TPI-377,日用品／個人用品,Head & Shoulders 海倫仙度絲,舒緩去屑洗髮露 680g/750ml 隨機出貨,v0.5-measurement-20260912
MIG-00398,LEG-EC-169,TPI-378,LEGACY_MASTER,CURRENT_2026,2026,298,46274,A,B,2026 verified,MASTER-SNAPSHOT,https://www.watsons.com.tw/dove-%E5%A4%9A%E8%8A%AC-%E5%A4%9A%E8%8A%AC%E6%BB%8B%E9%A4%8A%E6%9F%94%E8%86%9A%E6%B2%90%E6%B5%B4%E9%9C%B2-%E6%BB%8B%E9%A4%8A%E6%9F%94%E5%AB%A9-900g-2023/p/BP_268081,原1000ml世代已改版；現行900g一般價298，促銷價不採；僅作current replacement，不做跨代漲幅。,Master,TPI-378,日用品／個人用品,Dove 多芬,滋養柔膚沐浴露－滋養柔嫩 900g,v0.5-measurement-20260912
MIG-00399,LEG-EC-168,TPI-379,LEGACY_MASTER,CURRENT_2026,2026,499,46274,A,A,2026 verified,MASTER-SNAPSHOT,https://www.watsons.com.tw/nivea-%E5%A6%AE%E7%B6%AD%E9%9B%85-%E5%A6%AE%E7%B6%AD%E9%9B%85%E6%A5%B5%E6%BD%A4%E4%BF%AE%E8%AD%B7%E4%B9%B3%E6%B6%B2400ml/p/BP_296149,原價499；促銷339不採。,Master,TPI-379,日用品／個人用品,NIVEA 妮維雅,極潤修護乳液 400ml,v0.5-measurement-20260912
MIG-00400,LEG-EC-180,TPI-380,LEGACY_MASTER,CURRENT_2026,2026,239,46274,A,A,2026 verified,MASTER-SNAPSHOT,https://shop.cosmed.com.tw/,一般239、特價199；核心採一般價。,Master,TPI-380,日用品／個人用品,舒潔,舒潔雲絨舒適抽取衛生紙 90抽×16包,v0.5-measurement-20260912
MIG-00401,LEG-EC-183,TPI-381,LEGACY_MASTER,CURRENT_2026,2026,297,46274,C,A,2026 verified,MASTER-SNAPSHOT,https://www.foodpanda.com.tw/,外送頁呈現一般標價297、活動139；核心記一般標價。,Master,TPI-381,日用品／個人用品,靠得住 KOTEX,草本抑菌衛生棉 23cm 14片×3包,v0.5-measurement-20260912
MIG-00402,LEG-EC-150,TPI-382,LEGACY_MASTER,CURRENT_2026,2026,66.33333333333333,46274,A,B,2026 verified,MASTER-SNAPSHOT,https://www.watsons.com.tw/%E9%AB%98%E9%9C%B2%E6%BD%94colgate-%E9%AB%98%E9%9C%B2%E6%BD%94-%E4%B8%89%E9%87%8D%E5%8A%9F%E6%95%88%E7%89%99%E8%86%8F%E8%B6%85%E5%80%BC%E7%B5%84160g%2A3/p/BP_116526,原康是美觀測改由屈臣氏同品牌同規格3入一般價199驗證；核心單位化66.33/160g；Comparability=B。,Master,TPI-382,日用品／個人用品,Colgate 高露潔,三重功效牙膏 160g（單條單位化）,v0.5-measurement-20260912
MIG-00403,LEG-EC-164,TPI-383,LEGACY_MASTER,CURRENT_2026,2026,149,46274,A,A,2026 verified,MASTER-SNAPSHOT,https://www.poyabuy.com.tw/SalePage/Index/9950671?lang=zh-TW,寶雅官方零售頁現價149元。,Master,TPI-383,日用品／個人用品,好自在 Whisper,好自在經典款液體衛生棉 10片 34cm,v0.5-measurement-20260912
MIG-00404,LEG-EC-147,TPI-384,LEGACY_MASTER,CURRENT_2026,2026,148,46274,A,A,2026 verified,MASTER-SNAPSHOT,https://www.poyabuy.com.tw/SalePage/Index/9932749?lang=zh-TW,將『標準條』實體化為Ora2me淨白無瑕130g；一般價148，促銷109/119不採。,Master,TPI-384,日用品／個人用品,Ora2,Ora2me淨白無瑕牙膏 130g,v0.5-measurement-20260912
MIG-00405,LEG-EC-143,TPI-386,LEGACY_MASTER,BASELINE,2020,29,43937,A,A,Matched,MASTER-SNAPSHOT,https://www.ikea.com.tw/dairyfarm/tw/uploader/pdf/1587452205_618.pdf,2020 FRAKTA 29元；2026仍29元，0%控制組。 Phase4B provenance audit：改用IKEA台灣2020-04-16官方PDF；FRAKTA 71L產品編號602.992.19列價29元。價格不變，Evidence B→A。,Master,TPI-386,日用品／個人用品,IKEA,FRAKTA 環保購物袋 71L,v0.5-measurement-20260912
MIG-00406,LEG-EC-143,TPI-386,LEGACY_MASTER,CURRENT_2026,2026,29,46274,A,A,Matched,MASTER-SNAPSHOT,https://www.ikea.com.tw/,2020 FRAKTA 29元；2026仍29元，0%控制組。 Phase4B provenance audit：改用IKEA台灣2020-04-16官方PDF；FRAKTA 71L產品編號602.992.19列價29元。價格不變，Evidence B→A。,Master,TPI-386,日用品／個人用品,IKEA,FRAKTA 環保購物袋 71L,v0.5-measurement-20260912
MIG-00407,LEG-EC-146,TPI-387,LEGACY_MASTER,CURRENT_2026,2026,379,46274,A,A,2026 verified,MASTER-SNAPSHOT,https://www.ikea.com.tw/zh/products/sofa-tables/sofa-tables-and-side-tables/lack-art-10449909,IKEA台灣官方現價379元。,Master,TPI-387,日用品／個人用品,IKEA,LACK 邊桌 白色 55×55cm,v0.5-measurement-20260912
MIG-00408,LEG-EC-145,TPI-388,LEGACY_MASTER,BASELINE,2020,99,44119,A,A,Matched,MASTER-SNAPSHOT,https://www.ikea.com.tw/dairyfarm/tw/uploader/pdf/1602829999_380.pdf,IKEA台灣官方現價89元。 Gate3A Phase4C 2026-09-10：IKEA台灣2020-10-15官方PDF第9頁列IKEA 365+保鮮盒長方形/玻璃、售價99元、產品編號103.592.01；2026官方頁仍為同產品編號103.592.01、1.0L、不含另售蓋、售價89元。Exact product-number continuity，Evidence=A、Comparability=A。,Master,TPI-388,日用品／個人用品,IKEA,IKEA 365+ 保鮮盒 長方形玻璃 1.0L,v0.5-measurement-20260912
MIG-00409,LEG-EC-145,TPI-388,LEGACY_MASTER,CURRENT_2026,2026,89,46274,A,A,Matched,MASTER-SNAPSHOT,https://www.ikea.com.tw/zh/products/storing/food-containers/ikea-365%2B-art-10359201,IKEA台灣官方現價89元。 Gate3A Phase4C 2026-09-10：IKEA台灣2020-10-15官方PDF第9頁列IKEA 365+保鮮盒長方形/玻璃、售價99元、產品編號103.592.01；2026官方頁仍為同產品編號103.592.01、1.0L、不含另售蓋、售價89元。Exact product-number continuity，Evidence=A、Comparability=A。,Master,TPI-388,日用品／個人用品,IKEA,IKEA 365+ 保鮮盒 長方形玻璃 1.0L,v0.5-measurement-20260912
MIG-00410,LEG-EC-141,TPI-389,LEGACY_MASTER,CURRENT_2026,2026,207,46274,A,A,2026 verified,MASTER-SNAPSHOT,https://cdn.trplus.com.tw/TLW_Hardware_Tools/c/EC_20120508,一般207、限定優惠159；核心採一般價。,Master,TPI-389,日用品／個人用品,3M,3M 無痕中型鐵上鉤量販包 3入,v0.5-measurement-20260912
MIG-00411,LEG-EC-142,TPI-391,LEGACY_MASTER,CURRENT_2026,2026,179,46274,B,A,2026 verified,MASTER-SNAPSHOT,https://shopee.tw/%E9%A3%9B%E5%88%A9%E6%B5%A6-9W-LED%E7%9C%9F%E5%BD%A9%E5%85%89%E7%90%83%E6%B3%A1%E7%87%88-%E7%87%88%E6%B3%A1%E8%89%B2-3000K-i.112813397.27711851405,特力屋旗艦店商城列169/179；核心採一般牌價179。,Master,TPI-391,日用品／個人用品,Philips 飛利浦,9W LED真彩光球泡燈 3000K,v0.5-measurement-20260912
MIG-00412,LEG-EC-178,TPI-392,LEGACY_MASTER,CURRENT_2026,2026,399,46274,A,A,2026 verified,MASTER-SNAPSHOT,https://shop.muji.tw/muji-journal/pdf/pdf/25AW-storage.pdf,MUJI台灣25AW官方收納型錄列399元。,Master,TPI-392,日用品／個人用品,MUJI 無印良品,聚丙烯收納箱 深型,v0.5-measurement-20260912
MIG-00413,LEG-EC-166,TPI-393,LEGACY_MASTER,CURRENT_2026,2026,250,46274,A,B,2026 verified,MASTER-SNAPSHOT,https://shop.muji.tw/SalePage/Index/10713783?lang=zh-TW,原400ml已換代；官方現行300ml售250。保留replacement link，不直接計算400→300跨代漲幅。,Master,TPI-393,日用品／個人用品,MUJI 無印良品,敏感肌化妝水(保濕型) 300ml,v0.5-measurement-20260912
MIG-00414,LEG-EC-184,TPI-394,LEGACY_MASTER,CURRENT_2026,2026,29,46274,A,A,2026 verified,MASTER-SNAPSHOT,https://www.muji.tw/muji-journal/news/news/260825.html,MUJI 2026-08-25官方生活提案列29元。,Master,TPI-394,日用品／個人用品,MUJI 無印良品,袖珍面紙 6入組,v0.5-measurement-20260912
MIG-00415,LEG-EC-167,TPI-395,LEGACY_MASTER,CURRENT_2026,2026,1190,46274,B,A,2026 verified,MASTER-SNAPSHOT,https://www.books.com.tw/products/N001798786?loc=P_0004_090,將泛稱單人棉天竺被套實體化；博客來MUJI商品頁定價1190。,Master,TPI-395,日用品／個人用品,MUJI 無印良品,棉天竺被套/SD/單人加工/混灰橫紋,v0.5-measurement-20260912
MIG-00416,LEG-EC-175,TPI-396,LEGACY_MASTER,CURRENT_2026,2026,559,46274,A,A,2026 verified,MASTER-SNAPSHOT,https://www.costco.com.tw/,Costco台灣官方網路現價559元。,Master,TPI-396,日用品／個人用品,Kirkland Signature 科克蘭,科克蘭捲筒衛生紙 425張×30捲,v0.5-measurement-20260912
MIG-00417,LEG-EC-176,TPI-397,LEGACY_MASTER,CURRENT_2026,2026,459,46274,A,A,2026 verified,MASTER-SNAPSHOT,https://www.costco.com.tw/,Costco台灣官方網路現價459元。,Master,TPI-397,日用品／個人用品,Kirkland Signature 科克蘭,科克蘭超濃縮清新香洗衣精 5.73L,v0.5-measurement-20260912
MIG-00418,LEG-EC-160,TPI-398,LEGACY_MASTER,CURRENT_2026,2026,509,46274,A,A,2026 verified,MASTER-SNAPSHOT,https://www.costco.com.tw/c/Kirkland-Signature-Wastebasket-Liners-Trash-Bags-378-L-X-500-Count/p/87507,Costco台灣官方網路價509元；跨年固定網路通路。,Master,TPI-398,日用品／個人用品,Kirkland Signature 科克蘭,垃圾袋 37.8公升 × 500入,v0.5-measurement-20260912
MIG-00419,LEG-EC-165,TPI-399,LEGACY_MASTER,CURRENT_2026,2026,155,46274,A,A,2026 verified,MASTER-SNAPSHOT,https://www.poyabuy.com.tw/SalePage/Index/11809991?lang=zh-TW,官方零售頁同時列155/125；核心採一般原價155。,Master,TPI-399,日用品／個人用品,專科,專科超微米潔顏乳 120g,v0.5-measurement-20260912
MIG-00420,LEG-EC-144,TPI-400,LEGACY_MASTER,CURRENT_2026,2026,539,46274,A,A,2026 verified,MASTER-SNAPSHOT,https://www.poyabuy.com.tw/,寶雅官方商品頁現價539元。,Master,TPI-400,日用品／個人用品,Gillette 吉列,Fusion 鋒隱刮鬍刀替換刀頭 4入,v0.5-measurement-20260912
MIG-00421,LEG-EC-159,TPI-401,LEGACY_MASTER,CURRENT_2026,2026,399,46274,A,A,2026 verified,MASTER-SNAPSHOT,https://shop.cosmed.com.tw/tagCategory/%E6%B0%B4%E5%87%9D%E4%B9%B3?lang=zh-TW,康是美商品分類頁列50g SKU一般價399；活動價不取代核心。,Master,TPI-401,日用品／個人用品,Biore 蜜妮,含水防曬保濕水凝乳 SPF50+ PA++++ 50g,v0.5-measurement-20260912
MIG-00422,LEG-EC-177,TPI-402,LEGACY_MASTER,CURRENT_2026,2026,279,46274,A,A,2026 verified,MASTER-SNAPSHOT,https://www.watsons.com.tw/%E6%9D%8E%E6%96%BD%E5%BE%B7%E9%9C%96-%E6%9D%8E%E6%96%BD%E5%BE%B7%E9%9C%96%E7%B6%93%E5%85%B8%E5%8E%9F%E5%91%B3%E6%BC%B1%E5%8F%A3%E6%B0%B4750ml/p/BP_375681,原價279；折價199不採。,Master,TPI-402,日用品／個人用品,Listerine 李施德霖,經典原味漱口水 750ml,v0.5-measurement-20260912
MIG-00423,LEG-EC-148,TPI-403,LEGACY_MASTER,CURRENT_2026,2026,89,46274,A,A,2026 verified,MASTER-SNAPSHOT,https://www.ikea.com.tw/,IKEA台灣官方現價89元。,Master,TPI-403,日用品／個人用品,IKEA,SOLHETTA LED燈泡 E27 470流明 乳白色 2件裝,v0.5-measurement-20260912
MIG-00424,LEG-EC-179,TPI-404,LEGACY_MASTER,CURRENT_2026,2026,79,46274,A,A,2026 verified,MASTER-SNAPSHOT,https://shop.muji.tw/SalePage/Index/8917993?lang=zh-TW,官方現價79元；將泛稱A5筆記本實體化。,Master,TPI-404,日用品／個人用品,MUJI 無印良品,自由組合活頁筆記本封面 A5 聚丙烯,v0.5-measurement-20260912
MIG-00425,LEG-EC-291,TPI-405,LEGACY_MASTER,CURRENT_2026,2026,280,46274,A,A,2026 verified,MASTER-SNAPSHOT,https://page.line.me/byz9574p,曼都和平店LINE官方帳號價目表。,Master,TPI-405,理髮／美容／洗衣,曼都髮型,一般洗髮,v0.5-measurement-20260912
MIG-00426,LEG-EC-294,TPI-406,LEGACY_MASTER,CURRENT_2026,2026,600,46274,A,B,2026 verified,MASTER-SNAPSHOT,https://page.line.me/byz9574p,官方列600up；屬起價。,Master,TPI-406,理髮／美容／洗衣,曼都髮型,剪髮,v0.5-measurement-20260912
MIG-00427,LEG-EC-299,TPI-407,LEGACY_MASTER,CURRENT_2026,2026,300,46274,B,A,2026 verified,MASTER-SNAPSHOT,https://style-map.com/stylist/175690,StyleMap現行設計師服務頁列洗髮300。,Master,TPI-407,理髮／美容／洗衣,小林髮廊,洗髮,v0.5-measurement-20260912
MIG-00428,LEG-EC-294,TPI-408,LEGACY_MASTER,CURRENT_2026,2026,800,46274,B,A,2026 verified,MASTER-SNAPSHOT,https://style-map.com/stylist/175690,StyleMap現行設計師服務頁列剪髮800。,Master,TPI-408,理髮／美容／洗衣,小林髮廊,剪髮,v0.5-measurement-20260912
MIG-00429,LEG-EC-296,TPI-409,LEGACY_MASTER,CURRENT_2026,2026,500,46274,A,A,2026 verified,MASTER-SNAPSHOT,https://www.happyhair.com.tw/store/114/,HAPPYHAIR官方門市價目。,Master,TPI-409,理髮／美容／洗衣,HAPPYHAIR,專業洗髮,v0.5-measurement-20260912
MIG-00430,LEG-EC-305,TPI-410,LEGACY_MASTER,CURRENT_2026,2026,1100,46274,A,B,2026 verified,MASTER-SNAPSHOT,https://www.happyhair.com.tw/store/114/,官方列1100up；以起價觀測。,Master,TPI-410,理髮／美容／洗衣,HAPPYHAIR,造型剪髮,v0.5-measurement-20260912
MIG-00431,LEG-EC-299,TPI-411,LEGACY_MASTER,CURRENT_2026,2026,300,46274,B,B,2026 verified,MASTER-SNAPSHOT,https://style-map.com/stylist/179443,StyleMap列洗髮300–400；以下限作固定口徑。,Master,TPI-411,理髮／美容／洗衣,小林髮廊,洗髮,v0.5-measurement-20260912
MIG-00432,LEG-EC-299,TPI-412,LEGACY_MASTER,CURRENT_2026,2026,300,46274,A,B,2026 verified,MASTER-SNAPSHOT,https://leader.com.tw/branch-detail/21,品牌官方門市頁列洗髮300UP。,Master,TPI-412,理髮／美容／洗衣,領導流行,洗髮,v0.5-measurement-20260912
MIG-00433,LEG-EC-296,TPI-413,LEGACY_MASTER,CURRENT_2026,2026,300,46274,A,A,2026 verified,MASTER-SNAPSHOT,https://www.happyhair.com.tw/store/091/,HAPPYHAIR官方高雄陽明店價目。,Master,TPI-413,理髮／美容／洗衣,HAPPYHAIR,專業洗髮,v0.5-measurement-20260912
MIG-00434,LEG-EC-298,TPI-420,LEGACY_MASTER,CURRENT_2026,2026,75,46274,A,A,2026 verified,MASTER-SNAPSHOT,https://www.amplaun.com.tw/category/21821,店家官方價目75元。,Master,TPI-420,理髮／美容／洗衣,AmpLaun太常乾洗,標準襯衫 Standard Shirt,v0.5-measurement-20260912
MIG-00435,LEG-EC-300,TPI-421,LEGACY_MASTER,CURRENT_2026,2026,120,46274,A,A,2026 verified,MASTER-SNAPSHOT,https://darwid.com/services/clothing/,店家官方價目男襯衫乾洗120元。,Master,TPI-421,理髮／美容／洗衣,大維洗衣聯盟,男襯衫－乾洗,v0.5-measurement-20260912
MIG-00436,LEG-EC-304,TPI-422,LEGACY_MASTER,CURRENT_2026,2026,120,46274,A,B,2026 verified,MASTER-SNAPSHOT,https://acewash.com.tw/projects/,店家官方價目120元起。,Master,TPI-422,理髮／美容／洗衣,ACE洗衣,襯衫－專業乾洗,v0.5-measurement-20260912
MIG-00437,LEG-EC-295,TPI-423,LEGACY_MASTER,CURRENT_2026,2026,300,46274,B,B,2026 verified,MASTER-SNAPSHOT,https://www.beautysoda.tw/place/hair-cut-only/,美容預約平台列單次剪髮300元起。,Master,TPI-423,理髮／美容／洗衣,剪單 Hair-Cut ONLY,單次剪髮,v0.5-measurement-20260912
MIG-00438,LEG-EC-038,TPI-432,LEGACY_MASTER,CURRENT_2026,2026,50,46274,B,A,2026 verified,MASTER-SNAPSHOT,https://tsa2026.tw/site/page.aspx?lang=en&pid=582&sid=1657,TSA2026周邊停車資訊列50元/時。,Master,TPI-432,停車,嘟嘟房,嘟嘟房世貿站｜小客車計時費,v0.5-measurement-20260912
MIG-00439,LEG-EC-037,TPI-433,LEGACY_MASTER,CURRENT_2026,2026,350,46274,B,A,2026 verified,MASTER-SNAPSHOT,https://tsa2026.tw/site/page.aspx?lang=en&pid=582&sid=1657,TSA2026周邊停車資訊列當日當次最高350元。,Master,TPI-433,停車,嘟嘟房,嘟嘟房世貿站｜小客車當日上限,v0.5-measurement-20260912
MIG-00440,LEG-EC-040,TPI-434,LEGACY_MASTER,CURRENT_2026,2026,50,46274,B,A,2026 verified,MASTER-SNAPSHOT,https://www.findata.com.tw/iparking/lots/detail/DDHTPH017,私人停車資訊頁註明8/29起平日50元/時。,Master,TPI-434,停車,嘟嘟房,嘟嘟房新店莊敬站｜平日小客車計時費,v0.5-measurement-20260912
MIG-00441,LEG-EC-039,TPI-435,LEGACY_MASTER,CURRENT_2026,2026,300,46274,B,A,2026 verified,MASTER-SNAPSHOT,https://www.findata.com.tw/iparking/lots/detail/DDHTPH017,私人停車資訊頁註明8/29起平日最高300元。,Master,TPI-435,停車,嘟嘟房,嘟嘟房新店莊敬站｜平日小客車當日上限,v0.5-measurement-20260912
MIG-00442,LEG-EC-042,TPI-436,LEGACY_MASTER,CURRENT_2026,2026,50,46274,B,A,2026 verified,MASTER-SNAPSHOT,https://wwwmt-thsrc.cdn.hinet.net/ArticleContent/3301e395-46b8-47aa-aa37-139e15708779,台灣高鐵企業站務頁列P1 50元/時。,Master,TPI-436,停車,嘟嘟房,嘟嘟房高鐵台中站立體停車場P1｜小客車計時費,v0.5-measurement-20260912
MIG-00443,LEG-EC-041,TPI-437,LEGACY_MASTER,CURRENT_2026,2026,350,46274,B,A,2026 verified,MASTER-SNAPSHOT,https://wwwmt-thsrc.cdn.hinet.net/ArticleContent/3301e395-46b8-47aa-aa37-139e15708779,台灣高鐵企業站務頁列P1當日最高350元。,Master,TPI-437,停車,嘟嘟房,嘟嘟房高鐵台中站立體停車場P1｜小客車當日上限,v0.5-measurement-20260912
MIG-00444,LEG-EC-044,TPI-438,LEGACY_MASTER,CURRENT_2026,2026,40,46274,B,A,2026 verified,MASTER-SNAPSHOT,https://parkboss.tw/parking-space/khh-khb00217,ParkBoss 2026-09-09資料：20元/半小時；核心同站每小時40元。,Master,TPI-438,停車,嘟嘟房,嘟嘟房高雄陽明2站｜小客車計時費,v0.5-measurement-20260912
MIG-00445,LEG-EC-043,TPI-439,LEGACY_MASTER,CURRENT_2026,2026,400,46274,B,A,2026 verified,MASTER-SNAPSHOT,https://parkboss.tw/parking-space/khh-khb00217,ParkBoss 2026-09-09資料列當日連續停放最高400元。,Master,TPI-439,停車,嘟嘟房,嘟嘟房高雄陽明2站｜小客車當日上限,v0.5-measurement-20260912
MIG-00446,LEG-EC-046,TPI-440,LEGACY_MASTER,CURRENT_2026,2026,80,46274,C,A,2026 verified,MASTER-SNAPSHOT,https://gotoformosa.com/,2026私人停車資訊來源列80元/時。,Master,TPI-440,停車,日月亭,日月亭松山車站停車場｜小客車計時費,v0.5-measurement-20260912
MIG-00447,LEG-EC-045,TPI-441,LEGACY_MASTER,CURRENT_2026,2026,7200,46274,B,A,2026 verified,MASTER-SNAPSHOT,https://parkboss.tw/parking-space/tpe-tpe0991,"ParkBoss 2026-09-09顯示全日月租7,200元/月。",Master,TPI-441,停車,日月亭,日月亭松山車站停車場｜全日月租,v0.5-measurement-20260912
MIG-00448,LEG-EC-048,TPI-442,LEGACY_MASTER,CURRENT_2026,2026,30,46274,B,A,2026 verified,MASTER-SNAPSHOT,https://gotoformosa.com/entry/92233284,私人頁明列15元/半小時，換算30元/時。,Master,TPI-442,停車,日月亭,日月亭板橋府後｜小客車計時費,v0.5-measurement-20260912
MIG-00449,LEG-EC-047,TPI-443,LEGACY_MASTER,CURRENT_2026,2026,240,46274,B,A,2026 verified,MASTER-SNAPSHOT,https://gotoformosa.com/entry/92233284,私人頁明列當日最高240元。,Master,TPI-443,停車,日月亭,日月亭板橋府後｜小客車當日上限,v0.5-measurement-20260912
MIG-00450,LEG-EC-056,TPI-444,LEGACY_MASTER,CURRENT_2026,2026,988,46274,A,A,2026 verified,MASTER-SNAPSHOT,https://blog.worldgymtaiwan.com/dynamic-ch,World Gym官方線上入會頁列988元/月。,Master,TPI-444,健身／運動,World Gym,單點會籍－台中學府店,v0.5-measurement-20260912
MIG-00451,LEG-EC-057,TPI-445,LEGACY_MASTER,CURRENT_2026,2026,588,46274,A,B,2026 verified,MASTER-SNAPSHOT,https://blog.worldgymtaiwan.com/taipei-muzha,官方頁列每月588元起。,Master,TPI-445,健身／運動,World Gym,單點會籍－台北木柵店 Express,v0.5-measurement-20260912
MIG-00452,LEG-EC-058,TPI-446,LEGACY_MASTER,CURRENT_2026,2026,588,46274,A,B,2026 verified,MASTER-SNAPSHOT,https://blog.worldgymtaiwan.com/kaohsiung-nanzi-xingnan,官方頁列每月588元起。,Master,TPI-446,健身／運動,World Gym,單點會籍－高雄楠梓興楠店 Express,v0.5-measurement-20260912
MIG-00453,LEG-EC-061,TPI-447,LEGACY_MASTER,BASELINE,2020,1288,44180,D,A,Matched,MASTER-SNAPSHOT,https://www.ptt.cc/bbs/BeautyBody/M.1608004847.A.4E9.html,私人健身專業站整理一般場館金卡1年約1288/月。 Phase4 FINAL：2020-12-15信義廠金卡1288/月，合約2020/08/06–2021/08/01；同年Mobile01另見台南、新竹等金卡1288/月。固定品項為一般場館一年約金卡月費，跨館同期一致，Evidence=D、Comparability=A。,Master,TPI-447,健身／運動,健身工廠,金卡會員月費（1年約）,v0.5-measurement-20260912
MIG-00454,LEG-EC-061,TPI-447,LEGACY_MASTER,CURRENT_2026,2026,1288,46274,B,A,Matched,MASTER-SNAPSHOT,https://www.gymnomadtw.com/article/fitness-factory-intro,私人健身專業站整理一般場館金卡1年約1288/月。 Phase4 FINAL：2020-12-15信義廠金卡1288/月，合約2020/08/06–2021/08/01；同年Mobile01另見台南、新竹等金卡1288/月。固定品項為一般場館一年約金卡月費，跨館同期一致，Evidence=D、Comparability=A。,Master,TPI-447,健身／運動,健身工廠,金卡會員月費（1年約）,v0.5-measurement-20260912
MIG-00455,LEG-EC-052,TPI-448,LEGACY_MASTER,BASELINE,2019,600,43626,D,B,Matched,MASTER-SNAPSHOT,https://www.ptt.cc/bbs/PingTung/M.1560158698.A.07E.html,官方FAQ明列單日600元。 Phase4 FINAL：2019-06-10 PTT屏東討論直接回覆「潮州健身工廠，600元單日卷」；2026健身工廠官方FAQ仍明列單日600元。歷史為2019且單一潮州館，僅列Closest-pre2020、Evidence=D、Comparability=B，不列Exact-2020。,Master,TPI-448,健身／運動,健身工廠,單日使用,v0.5-measurement-20260912
MIG-00456,LEG-EC-052,TPI-448,LEGACY_MASTER,CURRENT_2026,2026,600,46274,A,B,Matched,MASTER-SNAPSHOT,https://www.fitnessfactory.com.tw/public/tw/question?bookmark=member,官方FAQ明列單日600元。 Phase4 FINAL：2019-06-10 PTT屏東討論直接回覆「潮州健身工廠，600元單日卷」；2026健身工廠官方FAQ仍明列單日600元。歷史為2019且單一潮州館，僅列Closest-pre2020、Evidence=D、Comparability=B，不列Exact-2020。,Master,TPI-448,健身／運動,健身工廠,單日使用,v0.5-measurement-20260912
MIG-00457,LEG-EC-050,TPI-449,LEGACY_MASTER,CURRENT_2026,2026,1388,46274,B,B,2026 verified,MASTER-SNAPSHOT,https://thefashionmuscles.com/select-gym-for-you/,私人整理約1388/月；館別/活動差異。,Master,TPI-449,健身／運動,Anytime Fitness,一年合約月費參考,v0.5-measurement-20260912
MIG-00458,LEG-EC-063,TPI-450,LEGACY_MASTER,CURRENT_2026,2026,2758,46274,B,B,2026 verified,MASTER-SNAPSHOT,https://thefashionmuscles.com/select-gym-for-you/,同一來源列磁卡1758＋入會費1000，合計2758。,Master,TPI-450,健身／運動,Anytime Fitness,首次入會固定費用（入會費＋磁卡）,v0.5-measurement-20260912
MIG-00459,LEG-EC-059,TPI-451,LEGACY_MASTER,BASELINE,2020,1800,44139,D,A,Matched,MASTER-SNAPSHOT,https://www.ptt.cc/bbs/Tainan/M.1604494913.A.A4A.html,Curves官方2026活動頁明列月費原價1900。 Phase4 FINAL：2020-11-04 Curves會員轉讓文明確分列原價1800/月與簽約1480/月；固定品項正是月費原價，因此只採1800，不採折扣合約價1480。Evidence=D、Comparability=A。,Master,TPI-451,健身／運動,Curves 可爾姿,月費原價,v0.5-measurement-20260912
MIG-00460,LEG-EC-059,TPI-451,LEGACY_MASTER,CURRENT_2026,2026,1900,46274,A,A,Matched,MASTER-SNAPSHOT,https://curves.com.tw/news-post/Bi9kQ9aFpKoc1ZfX,Curves官方2026活動頁明列月費原價1900。 Phase4 FINAL：2020-11-04 Curves會員轉讓文明確分列原價1800/月與簽約1480/月；固定品項正是月費原價，因此只採1800，不採折扣合約價1480。Evidence=D、Comparability=A。,Master,TPI-451,健身／運動,Curves 可爾姿,月費原價,v0.5-measurement-20260912
MIG-00461,LEG-EC-055,TPI-452,LEGACY_MASTER,CURRENT_2026,2026,150,46274,A,A,2026 verified,MASTER-SNAPSHOT,https://www.beingfit.com.tw/,官方首頁明列單次150元。 Phase4 FINAL：歷史資料的BEING fit採按時計費（首小時100、後續每30分鐘40），與2026固定「單次計費150」不是同一價格構造；不做跨世代直接比較。,Master,TPI-452,健身／運動,BEING fit,單次計費,v0.5-measurement-20260912
MIG-00462,LEG-EC-049,TPI-453,LEGACY_MASTER,CURRENT_2026,2026,1288,46274,B,A,2026 verified,MASTER-SNAPSHOT,https://www.gymnomadtw.com/gym/soulfit-Daan,"場館頁列一個月1,288元。",Master,TPI-453,健身／運動,健身魂 Soulfit,一個月月費,v0.5-measurement-20260912
MIG-00463,LEG-EC-051,TPI-454,LEGACY_MASTER,CURRENT_2026,2026,15500,46274,B,A,2026 verified,MASTER-SNAPSHOT,https://www.pro360.com.tw/price/gym_cost,"價格整理列一年15,500元。",Master,TPI-454,健身／運動,成吉思汗健身俱樂部,一年會員年費,v0.5-measurement-20260912
MIG-00464,LEG-EC-054,TPI-455,LEGACY_MASTER,CURRENT_2026,2026,200,46274,A,A,2026 verified,MASTER-SNAPSHOT,https://www.refinefitness.com.tw/faq/price/124,官方FAQ列200元/次。,Master,TPI-455,健身／運動,Refine Fitness,單次入場－平日17:00前,v0.5-measurement-20260912
MIG-00465,LEG-EC-053,TPI-456,LEGACY_MASTER,CURRENT_2026,2026,250,46274,A,A,2026 verified,MASTER-SNAPSHOT,https://www.ultrafitness.com.tw/,官方方案列單次250元。,Master,TPI-456,健身／運動,Ultra Fitness,單次入場,v0.5-measurement-20260912
MIG-00466,LEG-EC-062,TPI-457,LEGACY_MASTER,CURRENT_2026,2026,200,46274,A,A,2026 verified,MASTER-SNAPSHOT,https://cityfitness.tw/,官方網站列非會員單次200元。,Master,TPI-457,健身／運動,城市健身房,非會員單次入場,v0.5-measurement-20260912
MIG-00467,LEG-EC-060,TPI-458,LEGACY_MASTER,CURRENT_2026,2026,2200,46274,A,A,2026 verified,MASTER-SNAPSHOT,https://www.tmma.com.tw/prices/private-coaching,TMMA官方價目：教練單堂2200，60分鐘。,Master,TPI-458,健身／運動,TMMA,私人教練－教練單堂60分鐘,v0.5-measurement-20260912
MIG-00468,LEG-EC-117,TPI-459,LEGACY_MASTER,CURRENT_2026,2026,1060,46274,A,A,2026 verified,MASTER-SNAPSHOT,https://petpetgo.com/product/3048,Gate3A Phase4 provenance forensic 2026-09-10：2020 F32 2kg 632元頁面的商品連結明確指向sharesop.com，不是固定PetPetGo毛孩市集；只證明當時網路價格候選，不證明固定通路。 舊候選價632只保留於audit/ledger，不再計入TPI core historical pair。,Master,TPI-459,寵物食品／用品,Royal Canin 法國皇家,F32 理想體態成貓 2kg,v0.5-measurement-20260912
MIG-00469,LEG-EC-118,TPI-460,LEGACY_MASTER,CURRENT_2026,2026,1080,46274,A,A,2026 verified,MASTER-SNAPSHOT,https://petpetgo.com/product/3042,"原價1,080、折扣890；核心採一般原價。",Master,TPI-460,寵物食品／用品,Royal Canin 法國皇家,K36 幼貓 2kg,v0.5-measurement-20260912
MIG-00470,LEG-EC-123,TPI-461,LEGACY_MASTER,CURRENT_2026,2026,1085,46274,B,A,2026 verified,MASTER-SNAPSHOT,https://24h.pchome.com.tw/search/?q=hill%27s+%E5%B8%8C%E7%88%BE%E6%80%9D+%E8%99%95%E6%96%B9%E9%A3%BC%E6%96%99,"頁列922/1,085；核心採一般價1,085。",Master,TPI-461,寵物食品／用品,Hill's 希爾思,室內成貓 雞肉 1.58kg,v0.5-measurement-20260912
MIG-00471,LEG-EC-126,TPI-462,LEGACY_MASTER,CURRENT_2026,2026,1010,46274,B,A,2026 verified,MASTER-SNAPSHOT,https://24h.pchome.com.tw/search/?q=hill%27s+%E5%B8%8C%E7%88%BE%E6%80%9D+%E6%88%90%E7%8A%AC+%E5%B0%8F%E9%A1%86%E7%B2%92,"核心採一般價1,010。",Master,TPI-462,寵物食品／用品,Hill's 希爾思,成犬小顆粒 雞肉與大麥 2kg,v0.5-measurement-20260912
MIG-00472,LEG-EC-128,TPI-463,LEGACY_MASTER,CURRENT_2026,2026,323,46274,A,B,2026 verified,MASTER-SNAPSHOT,https://online.uni-prosperity.com.tw/zh/%E5%AF%B6%E8%B7%AF/1485001900101.html,萬家福官方 successor site 重新驗證：寶路狗乾糧牛肉及蔬菜口味3kg一般價323；促銷299不採；CHANNEL-REFINED，Comparability=B。,Master,TPI-463,寵物食品／用品,Pedigree 寶路,狗乾糧牛肉及蔬菜口味 3kg,v0.5-measurement-20260912
MIG-00473,LEG-EC-131,TPI-464,LEGACY_MASTER,CURRENT_2026,2026,277,46274,B,A,2026 verified,MASTER-SNAPSHOT,https://www.momoshop.com.tw/product/12483911,市售277、促銷248；核心採市售價。,Master,TPI-464,寵物食品／用品,Cesar 西莎,經典風味餐盒 100g×6入,v0.5-measurement-20260912
MIG-00474,LEG-EC-138,TPI-465,LEGACY_MASTER,CURRENT_2026,2026,229,46274,B,A,2026 verified,MASTER-SNAPSHOT,https://www.momoshop.com.tw/product/11914015,市售229、促銷219；核心採一般價。,Master,TPI-465,寵物食品／用品,Whiskas 偉嘉,鮪魚總匯成貓乾糧 1.2kg,v0.5-measurement-20260912
MIG-00475,LEG-EC-122,TPI-466,LEGACY_MASTER,CURRENT_2026,2026,55,46274,B,A,2026 verified,MASTER-SNAPSHOT,https://www.momoshop.com.tw/product/15063943,市售55、促銷39；核心採一般價。,Master,TPI-466,寵物食品／用品,CIAO,啾嚕肉泥 14g×4入,v0.5-measurement-20260912
MIG-00476,LEG-EC-133,TPI-467,LEGACY_MASTER,CURRENT_2026,2026,300,46274,A,B,2026 verified,MASTER-SNAPSHOT,https://shop.petpark.com.tw/wp010806,品牌官方頁確認80g但動態價格不適合取值；改以寵物公園官方商城同SKU一般300、特價240；核心採300。,Master,TPI-467,寵物食品／用品,汪喵星球,貓凍乾主食 安心雞 80g,v0.5-measurement-20260912
MIG-00477,LEG-EC-134,TPI-468,LEGACY_MASTER,CURRENT_2026,2026,78,46274,B,A,2026 verified,MASTER-SNAPSHOT,https://www.bonebone.com.tw/pages/litomon,品牌專區列單罐78元。,Master,TPI-468,寵物食品／用品,LitoMon 怪獸部落,貓族小怪獸1種肉無膠主食罐－純雞肉 165g,v0.5-measurement-20260912
MIG-00478,LEG-EC-132,TPI-469,LEGACY_MASTER,CURRENT_2026,2026,67,46274,A,A,2026 verified,MASTER-SNAPSHOT,https://www.nu4pet.com/Shop/Product/Product/815,官方商城原價67、優惠49；核心採原價。,Master,TPI-469,寵物食品／用品,nu4PET 陪心寵糧,貓優腎主食罐 80g－淮山燉雞,v0.5-measurement-20260912
MIG-00479,LEG-EC-116,TPI-470,LEGACY_MASTER,CURRENT_2026,2026,71,46274,B,B,2026 verified,MASTER-SNAPSHOT,https://www.bananapetshop.com/products/bananapet-ladyflavor-04,原泛稱『貓鮮食主食包』實體化為現行1+1原肉塊81g單罐；民營寵物店列71。,Master,TPI-470,寵物食品／用品,Lady Flavor 好味小姐,1+1原肉塊貓鮮食主食罐 81g,v0.5-measurement-20260912
MIG-00480,LEG-EC-130,TPI-471,LEGACY_MASTER,CURRENT_2026,2026,899,46274,A,A,2026 verified,MASTER-SNAPSHOT,https://petpetgo.com/product/39390,原價899、折扣699；核心採一般原價。,Master,TPI-471,寵物食品／用品,EVER CLEAN 藍鑽,粗粒減塵貓砂（金／微香）8.5kg,v0.5-measurement-20260912
MIG-00481,LEG-EC-135,TPI-472,LEGACY_MASTER,CURRENT_2026,2026,479,46274,A,A,2026 verified,MASTER-SNAPSHOT,https://app.decor99.com/SalePage/Index/10441987,品牌/通路官方商城現價479元。,Master,TPI-472,寵物食品／用品,ARM & HAMMER 鐵鎚牌,超凝結貓砂（無香）9.07kg,v0.5-measurement-20260912
MIG-00482,LEG-EC-125,TPI-473,LEGACY_MASTER,CURRENT_2026,2026,350,46274,A,A,2026 verified,MASTER-SNAPSHOT,https://shop.petpark.com.tw/20644987,一般350、特價239；核心採一般價。,Master,TPI-473,寵物食品／用品,愛寵,愛寵豆腐砂 原味 7L,v0.5-measurement-20260912
MIG-00483,LEG-EC-124,TPI-474,LEGACY_MASTER,CURRENT_2026,2026,165,46274,A,A,2026 verified,MASTER-SNAPSHOT,https://shop.petpark.com.tw/wp006826,一般165、特價149；核心採一般價。,Master,TPI-474,寵物食品／用品,乾溜溜,寵物尿布墊經濟包 M號 45×60cm 50片,v0.5-measurement-20260912
MIG-00484,LEG-EC-121,TPI-475,LEGACY_MASTER,CURRENT_2026,2026,700,46274,A,A,2026 verified,MASTER-SNAPSHOT,https://shop.petpark.com.tw/20082703,Gate3A Phase4 provenance forensic 2026-09-10：2020 Greenies 340g/43支 630元頁面的商品連結明確指向sharesop.com，不是固定寵物公園官方商城；固定通路歷史價格未成立。 舊候選價630只保留於audit/ledger，不再計入TPI core historical pair。,Master,TPI-475,寵物食品／用品,Greenies 健綠,原味潔牙骨 2–7kg犬用 12oz/340g 43支,v0.5-measurement-20260912
MIG-00485,LEG-EC-119,TPI-476,LEGACY_MASTER,CURRENT_2026,2026,465,46274,B,B,2026 verified,MASTER-SNAPSHOT,https://24h.pchome.com.tw/prod/DXBG8B-A900G16K9,原master 2kg；現行小包1.5kg。頁面420/465，核心採非促銷參考465。,Master,TPI-476,寵物食品／用品,BLUE BAY 倍力,S30 機能低敏犬糧 1.5kg,v0.5-measurement-20260912
MIG-00486,LEG-EC-127,TPI-477,LEGACY_MASTER,CURRENT_2026,2026,680,46274,A,A,2026 verified,MASTER-SNAPSHOT,https://711go.7-11.com.tw/Product/230533,頁列499/680；核心採一般原價680。,Master,TPI-477,寵物食品／用品,Mobby 莫比,成貓專用配方 1.5kg,v0.5-measurement-20260912
MIG-00487,LEG-EC-139,TPI-478,LEGACY_MASTER,CURRENT_2026,2026,2300,46274,B,A,2026 verified,MASTER-SNAPSHOT,https://www.petfoodmarket.tw/,"促銷1,580、原價2,300；核心採原價。",Master,TPI-478,寵物食品／用品,Orijen 歐睿健,鮮雞室內貓無穀飼料 1.8kg,v0.5-measurement-20260912
MIG-00488,LEG-EC-140,TPI-479,LEGACY_MASTER,CURRENT_2026,2026,1520,46274,B,A,2026 verified,MASTER-SNAPSHOT,https://www.petfoodmarket.tw/,"促銷1,080、原價1,520；核心採原價。",Master,TPI-479,寵物食品／用品,ACANA 愛肯拿,鮮雞成犬無穀配方 2kg,v0.5-measurement-20260912
MIG-00489,LEG-EC-120,TPI-480,LEGACY_MASTER,CURRENT_2026,2026,1443,46274,B,B,2026 verified,MASTER-SNAPSHOT,https://www.momoshop.com.tw/product/6583147,原master泛稱2kg；現行4.5lbs/2.04kg具名SKU。市售價1443、促銷1155；核心採1443。,Master,TPI-480,寵物食品／用品,Natural Balance,低敏無穀馬鈴薯鴨肉成犬配方（小顆粒）4.5lbs/2.04kg,v0.5-measurement-20260912
MIG-00490,LEG-EC-129,TPI-481,LEGACY_MASTER,CURRENT_2026,2026,700,46274,A,A,2026 verified,MASTER-SNAPSHOT,https://www.lovepet248.com/paper/other_select_index.php?group_id=123&id=425&title_id=2502,店家官方價目表列短毛貓0–3kg洗澡700元。,Master,TPI-481,寵物食品／用品,天天寵,短毛貓洗澡 0–3kg,v0.5-measurement-20260912
MIG-00491,LEG-EC-136,TPI-482,LEGACY_MASTER,CURRENT_2026,2026,500,46274,A,B,2026 verified,MASTER-SNAPSHOT,https://www.dogsretreat.com.tw/grooming/beauty_price/,官方價目500 UP；固定最低起價口徑。,Master,TPI-482,寵物食品／用品,Dogs Retreat,迷你短毛犬洗澡 5kg以下,v0.5-measurement-20260912
MIG-00492,LEG-EC-137,TPI-483,LEGACY_MASTER,CURRENT_2026,2026,1200,46274,A,B,2026 verified,MASTER-SNAPSHOT,https://www.dogsretreat.com.tw/grooming/beauty_price/,官方價目1200 UP；固定最低起價口徑。,Master,TPI-483,寵物食品／用品,Dogs Retreat,迷你短毛犬設計師剪毛 5kg以下,v0.5-measurement-20260912
MIG-00493,LEG-EC-074,TPI-484,LEGACY_MASTER,BASELINE,2020,330,43960,B,A,Matched,MASTER-SNAPSHOT,https://www.moneysmart.tw/articles/%E6%9C%80%E9%AB%98-9-%E5%9B%9E%E9%A5%8B%EF%BC%812019-netflix-%E6%96%B9%E6%A1%88-x-%E7%8F%BE%E9%87%91%E5%9B%9E%E9%A5%8B%E4%BF%A1%E7%94%A8%E5%8D%A1%E6%8E%A8%E8%96%A6/,Netflix標準方案；2020民營媒體方案價，2026 Netflix官方。,Master,TPI-484,其他民間服務／會員,Netflix,標準方案月費,v0.5-measurement-20260912
MIG-00494,LEG-EC-074,TPI-484,LEGACY_MASTER,CURRENT_2026,2026,380,46274,A,A,Matched,MASTER-SNAPSHOT,https://www.netflix.com/tw/title/80193549,Netflix標準方案；2020民營媒體方案價，2026 Netflix官方。,Master,TPI-484,其他民間服務／會員,Netflix,標準方案月費,v0.5-measurement-20260912
MIG-00495,LEG-EC-076,TPI-485,LEGACY_MASTER,BASELINE,2020,390,43960,B,A,Matched,MASTER-SNAPSHOT,https://www.moneysmart.tw/articles/%E6%9C%80%E9%AB%98-9-%E5%9B%9E%E9%A5%8B%EF%BC%812019-netflix-%E6%96%B9%E6%A1%88-x-%E7%8F%BE%E9%87%91%E5%9B%9E%E9%A5%8B%E4%BF%A1%E7%94%A8%E5%8D%A1%E6%8E%A8%E8%96%A6/,Netflix高級方案；2020民營媒體方案價，2026 Netflix官方。,Master,TPI-485,其他民間服務／會員,Netflix,高級方案月費,v0.5-measurement-20260912
MIG-00496,LEG-EC-076,TPI-485,LEGACY_MASTER,CURRENT_2026,2026,460,46274,A,A,Matched,MASTER-SNAPSHOT,https://www.netflix.com/tw/title/80193549,Netflix高級方案；2020民營媒體方案價，2026 Netflix官方。,Master,TPI-485,其他民間服務／會員,Netflix,高級方案月費,v0.5-measurement-20260912
MIG-00497,LEG-EC-067,TPI-486,LEGACY_MASTER,BASELINE,2020,149,44187,C,A,Matched,MASTER-SNAPSHOT,https://cpok.tw/4893,Spotify Premium Individual；同個人方案月費。,Master,TPI-486,其他民間服務／會員,Spotify,Premium Individual月費,v0.5-measurement-20260912
MIG-00498,LEG-EC-067,TPI-486,LEGACY_MASTER,CURRENT_2026,2026,168,46274,A,A,Matched,MASTER-SNAPSHOT,https://www.spotify.com/tw/premium/,Spotify Premium Individual；同個人方案月費。,Master,TPI-486,其他民間服務／會員,Spotify,Premium Individual月費,v0.5-measurement-20260912
MIG-00499,LEG-EC-066,TPI-487,LEGACY_MASTER,BASELINE,2020,240,44187,C,A,Matched,MASTER-SNAPSHOT,https://cpok.tw/4893,Spotify Premium Family；同家庭方案月費。,Master,TPI-487,其他民間服務／會員,Spotify,Premium Family月費,v0.5-measurement-20260912
MIG-00500,LEG-EC-066,TPI-487,LEGACY_MASTER,CURRENT_2026,2026,298,46274,A,A,Matched,MASTER-SNAPSHOT,https://www.spotify.com/tw/premium/,Spotify Premium Family；同家庭方案月費。,Master,TPI-487,其他民間服務／會員,Spotify,Premium Family月費,v0.5-measurement-20260912
MIG-00501,LEG-EC-070,TPI-488,LEGACY_MASTER,BASELINE,2019,179,43774,A,A,Matched,MASTER-SNAPSHOT,https://blog.google/intl/zh-tw/products/explore-get-answers/2019_11_youtube-music-youtube-premiu/,2019台灣上市官方價作Closest-pre2020；未假裝為2020觀測。,Master,TPI-488,其他民間服務／會員,YouTube Premium,個人方案月費,v0.5-measurement-20260912
MIG-00502,LEG-EC-070,TPI-488,LEGACY_MASTER,CURRENT_2026,2026,199,46274,A,A,Matched,MASTER-SNAPSHOT,https://blog.google/intl/zh-tw/products/explore-get-answers/2025_07_youtube-premium-lite-taiwan/,2019台灣上市官方價作Closest-pre2020；未假裝為2020觀測。,Master,TPI-488,其他民間服務／會員,YouTube Premium,個人方案月費,v0.5-measurement-20260912
MIG-00503,LEG-EC-072,TPI-489,LEGACY_MASTER,CURRENT_2026,2026,479,46274,B,A,2026 verified,MASTER-SNAPSHOT,https://www.money101.com.tw/blog/youtube-premium-%E5%83%B9%E6%A0%BC-%E5%AE%B6%E5%BA%AD%E6%96%B9%E6%A1%88,2026第三方核對家庭方案Web/Android價；正式v1前再留存官方結帳證據。 Phase4 FINAL：已找到2020-02-12 YouTube Premium家庭方案每月269，2023漲價資料亦確認家庭方案269→399；但固定A:H內「固定品項=家庭方案月費」與「固定規格=台灣一般個人方案」互相矛盾。A:H本Gate禁止修改，因此不升Core，標記BASKET-IDENTITY-CONTRADICTION。,Master,TPI-489,其他民間服務／會員,YouTube Premium,家庭方案月費,v0.5-measurement-20260912
MIG-00504,LEG-EC-073,TPI-490,LEGACY_MASTER,CURRENT_2026,2026,285,46274,A,A,2026 verified,MASTER-SNAPSHOT,https://www.disneyplus.com/zh-tw,Disney+台灣2020尚無同服務基準；2026標準方案月費。 Phase4 FINAL：2020年12月台灣僅有Disney+將於2021推出的消息，尚無同一台灣月繳標準方案可採價格；標記POST-2020-SERVICE / NO-2020-SAME-SERVICE。,Master,TPI-490,其他民間服務／會員,Disney+,月繳標準方案,v0.5-measurement-20260912
MIG-00505,LEG-EC-070,TPI-491,LEGACY_MASTER,BASELINE,2020,150,44021,B,A,Matched,MASTER-SNAPSHOT,https://www.inside.com.tw/article/20355-apple-music-taiwan-free-trial,Apple Music個人月費；2020民營科技媒體、2026 Apple官方。,Master,TPI-491,其他民間服務／會員,Apple Music,個人方案月費,v0.5-measurement-20260912
MIG-00506,LEG-EC-070,TPI-491,LEGACY_MASTER,CURRENT_2026,2026,165,46274,A,A,Matched,MASTER-SNAPSHOT,https://www.apple.com/tw/apple-music/,Apple Music個人月費；2020民營科技媒體、2026 Apple官方。,Master,TPI-491,其他民間服務／會員,Apple Music,個人方案月費,v0.5-measurement-20260912
MIG-00507,LEG-EC-069,TPI-492,LEGACY_MASTER,CURRENT_2026,2026,119,46274,B,B,2026 verified,MASTER-SNAPSHOT,https://tzyday.com/zh-cn/articles/food/food-delivery-guide,民營整理列截至2026-07月費119；foodpanda公開頁未直接顯示個人月費，app最終價可能依帳號/活動不同，故Evidence=B、Comparability=B。,Master,TPI-492,其他民間服務／會員,foodpanda,pandapro月費,v0.5-measurement-20260912
MIG-00508,LEG-EC-068,TPI-493,LEGACY_MASTER,CURRENT_2026,2026,199,46274,A,A,2026 verified,MASTER-SNAPSHOT,https://www.uber.com/zh-TW/blog/uber-one-membership-price-update/,Uber One 2026/7/13調整後月費199；2020無同方案基準。 Phase4 FINAL：Uber官方說明舊優饗/雙享方案自2022-11-08移轉到全新推出Uber One；因此同一Uber One方案不存在2020 baseline。禁止用2020優饗方案價格替代。,Master,TPI-493,其他民間服務／會員,Uber,Uber One月費,v0.5-measurement-20260912
MIG-00509,LEG-EC-064,TPI-494,LEGACY_MASTER,BASELINE,2020,90,43871,D,A,Matched,MASTER-SNAPSHOT,https://www.ptt.cc/bbs/iOS/M.1581306485.A.6DC.html,iCloud+ 200GB；2020消費者回報與2026 Apple官方均90，保留0%控制組。,Master,TPI-494,其他民間服務／會員,iCloud+,200GB月費,v0.5-measurement-20260912
MIG-00510,LEG-EC-064,TPI-494,LEGACY_MASTER,CURRENT_2026,2026,90,46274,A,A,Matched,MASTER-SNAPSHOT,https://support.apple.com/zh-tw/108047,iCloud+ 200GB；2020消費者回報與2026 Apple官方均90，保留0%控制組。,Master,TPI-494,其他民間服務／會員,iCloud+,200GB月費,v0.5-measurement-20260912
MIG-00511,LEG-EC-064,TPI-495,LEGACY_MASTER,BASELINE,2020,90,43871,D,A,Matched,MASTER-SNAPSHOT,https://www.ptt.cc/bbs/iOS/M.1581306485.A.6DC.html,Google One 200GB；2020消費者回報與2026 App Store列示均90，保留0%控制組。,Master,TPI-495,其他民間服務／會員,Google One,200GB月費,v0.5-measurement-20260912
MIG-00512,LEG-EC-064,TPI-495,LEGACY_MASTER,CURRENT_2026,2026,90,46274,B,A,Matched,MASTER-SNAPSHOT,https://apps.apple.com/tw/app/google-one/id1451784328,Google One 200GB；2020消費者回報與2026 App Store列示均90，保留0%控制組。,Master,TPI-495,其他民間服務／會員,Google One,200GB月費,v0.5-measurement-20260912
MIG-00513,LEG-EC-071,TPI-496,LEGACY_MASTER,BASELINE,2020,15,44183,B,B,Matched,MASTER-SNAPSHOT,https://tw.news.yahoo.com/2020-wemo-unboxing-152923260.html,2020一般價15；2026同站租還頁18。營運模式/車種可能改變，Comparability=B。,Master,TPI-496,其他民間服務／會員,WeMo Scooter,同站租還一般費率前6分鐘起跳價,v0.5-measurement-20260912
MIG-00514,LEG-EC-071,TPI-496,LEGACY_MASTER,CURRENT_2026,2026,18,46274,A,B,Matched,MASTER-SNAPSHOT,https://www.wemoscooter.com/newhourlyrent?lang=en,2020一般價15；2026同站租還頁18。營運模式/車種可能改變，Comparability=B。,Master,TPI-496,其他民間服務／會員,WeMo Scooter,同站租還一般費率前6分鐘起跳價,v0.5-measurement-20260912
MIG-00515,LEG-EC-075,TPI-497,LEGACY_MASTER,BASELINE,2020,25,44074,B,A,Matched,MASTER-SNAPSHOT,https://tw.news.yahoo.com/2020-goshare-unboxing-054311207.html,2020非VIVA一般車款前6分鐘25；2026白牌車前6分鐘30。,Master,TPI-497,其他民間服務／會員,GoShare,白牌車（Gogoro 2/3等）前6分鐘起跳價,v0.5-measurement-20260912
MIG-00516,LEG-EC-075,TPI-497,LEGACY_MASTER,CURRENT_2026,2026,30,46274,A,A,Matched,MASTER-SNAPSHOT,https://www.event.ridegoshare.com/pause-fee,2020非VIVA一般車款前6分鐘25；2026白牌車前6分鐘30。,Master,TPI-497,其他民間服務／會員,GoShare,白牌車（Gogoro 2/3等）前6分鐘起跳價,v0.5-measurement-20260912
MIG-00517,LEG-EC-065,TPI-498,LEGACY_MASTER,CURRENT_2026,2026,1000,46274,A,A,2026 verified,MASTER-SNAPSHOT,https://oneandco.tw/plans,官方方案現價；無可靠2020同方案基準。,Master,TPI-498,其他民間服務／會員,One&Co,Drop-In 1 Day,v0.5-measurement-20260912
MIG-00518,LEG-EC-012,TPI-499,LEGACY_MASTER,BASELINE,2020,105,44019,D,A,Matched,MASTER-SNAPSHOT,https://www.ptt.cc/bbs/CVS/M.1594134987.A.ECB.html,2020全家APP活動保存原價105；2026 900ml參考價110。促銷組合價均未採。,Master,TPI-499,便利商店食品飲料,FamilyMart Collection,牧場直送4.0鮮乳 900ml,v0.5-measurement-20260912
MIG-00519,LEG-EC-012,TPI-499,LEGACY_MASTER,CURRENT_2026,2026,110,46274,B,A,Matched,MASTER-SNAPSHOT,https://www.nownews.com/news/6794509,2020全家APP活動保存原價105；2026 900ml參考價110。促銷組合價均未採。,Master,TPI-499,便利商店食品飲料,FamilyMart Collection,牧場直送4.0鮮乳 900ml,v0.5-measurement-20260912
MIG-00520,LEG-EC-174,TPI-500,LEGACY_MASTER,CURRENT_2026,2026,129,46274,A,A,2026 verified,MASTER-SNAPSHOT,https://www.poyabuy.com.tw/SalePage/Index/9946731,官方零售頁同時列129/119；核心採一般原價129。,Master,TPI-500,日用品／個人用品,百研,百研抽繩式垃圾袋 20L × 55入,v0.5-measurement-20260912
EV-00001,,,LEGACY_EVIDENCE_LEDGER,,,,,,,SOURCE-CATALOG,私人歷史菜單,https://www.4freeapp.com/2019/08/2019_11.html,2020同品項價格,Sources,八方雲集2020菜單,,,2020同品項價格,v0.4-governance-20260912
EV-00002,,,LEGACY_EVIDENCE_LEDGER,,,,,,,SOURCE-CATALOG,私人菜單整理,https://dailydietitian.com.tw/%E5%85%AB%E6%96%B9%E9%9B%B2%E9%9B%86%E6%9C%80%E6%96%B0%E8%8F%9C%E5%96%AE%E5%83%B9%E6%A0%BC/,2026同品項價格,Sources,日日營養 八方雲集2026,,,2026同品項價格,v0.4-governance-20260912
EV-00003,,,LEGACY_EVIDENCE_LEDGER,,,,,,,SOURCE-CATALOG,私人歷史菜單,https://bearteach.com/bearboy/2645,近2020基準,Sources,50嵐舊菜單(2019更新),,,近2020基準,v0.4-governance-20260912
EV-00004,,,LEGACY_EVIDENCE_LEDGER,,,,,,,SOURCE-CATALOG,私人菜單整理,https://dailydietitian.com.tw/50%E5%B5%90%E5%8C%97%E4%B8%AD%E5%8D%97%E8%8F%9C%E5%96%AE%E5%83%B9%E6%A0%BC-%E6%96%B0%E5%93%81%E6%83%85%E5%A0%B1-%E5%84%AA%E6%83%A0%E5%BF%AB%E8%A8%8A/,中區2026價格,Sources,日日營養 50嵐2026,,,中區2026價格,v0.4-governance-20260912
EV-00005,,,LEGACY_EVIDENCE_LEDGER,,,,,,,SOURCE-CATALOG,私人歷史菜單,https://yoti.life/mos-menu/,近2020基準,Sources,Yoti 摩斯舊菜單,,,近2020基準,v0.4-governance-20260912
EV-00006,,,LEGACY_EVIDENCE_LEDGER,,,,,,,SOURCE-CATALOG,品牌官方,https://www.mos.com.tw/menu/set.aspx,2026價格,Sources,MOS官方菜單,,,2026價格,v0.4-governance-20260912
EV-00007,,,LEGACY_EVIDENCE_LEDGER,,,,,,,SOURCE-CATALOG,私人歷史整理,https://hackmd.io/%40tsungjung411/SyPx79npZe,2020價格,Sources,麥當勞歷史菜單整理,,,2020價格,v0.4-governance-20260912
EV-00008,,,LEGACY_EVIDENCE_LEDGER,,,,,,,SOURCE-CATALOG,民營媒體,https://www.money101.com.tw/blog/%E9%BA%A5%E7%95%B6%E5%8B%9E%E8%8F%9C%E5%96%AE-%E6%97%A9%E9%A4%90-%E8%B6%85%E5%80%BC%E5%85%A8%E9%A4%90-11-%E5%83%B9%E6%A0%BC-%E5%84%AA%E6%83%A0-%E4%BF%A1%E7%94%A8%E5%8D%A1%E6%8E%A8%E8%96%A6,2026價格,Sources,Money101 麥當勞2026,,,2026價格,v0.4-governance-20260912
EV-00009,,,LEGACY_EVIDENCE_LEDGER,,,,,,,SOURCE-CATALOG,民營媒體,https://www.vogue.com.tw/lifestyle/article/%E9%81%A0%E7%99%BE%E4%BF%A1%E7%BE%A9a13-%E5%A8%81%E7%A7%80-muvie,2020票價,Sources,Vogue MUVIE 2020,,,2020票價,v0.4-governance-20260912
EV-00010,,,LEGACY_EVIDENCE_LEDGER,,,,,,,SOURCE-CATALOG,品牌官方,https://www.vscinemas.com.tw/theater/detail2.aspx?id=23,2026票價,Sources,威秀官方MUVIE台北松仁,,,2026票價,v0.4-governance-20260912
EV-00011,,,LEGACY_EVIDENCE_LEDGER,,,,,,,SOURCE-CATALOG,品牌官方,https://www.qbhouse.com.tw/guidance,2026剪髮價格,Sources,QB HOUSE現行價,,,2026剪髮價格,v0.4-governance-20260912
EV-00012,,,LEGACY_EVIDENCE_LEDGER,,,,,,,SOURCE-CATALOG,消費者回報,https://www.ptt.cc/bbs/CVS/M.1578543613.A.23A.html,歷史飯糰價格,Sources,7-ELEVEN 2020 PTT回報,,,歷史飯糰價格,v0.4-governance-20260912
EV-00013,,,LEGACY_EVIDENCE_LEDGER,,,,,,,SOURCE-CATALOG,品牌官方,https://www.7-11.com.tw/freshfoods/1_Ricerolls/,2026飯糰價格,Sources,7-ELEVEN鮮食官方,,,2026飯糰價格,v0.4-governance-20260912
EV-00014,,,LEGACY_EVIDENCE_LEDGER,,,,,,,SOURCE-CATALOG,品牌官方,https://www.3375.com.tw/Info/NewsDetail/fee5b3f899644a49b2543fa86726cf9b,2020原價,Sources,三商巧福2020週年慶,,,2020原價,v0.4-governance-20260912
EV-00015,,,LEGACY_EVIDENCE_LEDGER,,,,,,,SOURCE-CATALOG,品牌官方,https://www.3375.com.tw/Menu/FoodMenu,2026價格,Sources,三商巧福官方菜單,,,2026價格,v0.4-governance-20260912
EV-00016,,,LEGACY_EVIDENCE_LEDGER,,,,,,,SOURCE-CATALOG,品牌官方,https://www.muji.tw/muji-journal/news/news/260224.html,2026單次漲價事件,Sources,MUJI 2026/3調價公告,,,2026單次漲價事件,v0.4-governance-20260912
EV-00017,,,LEGACY_EVIDENCE_LEDGER,,,,,,,SOURCE-CATALOG,品牌官方,https://www.muji.tw/muji-journal/news/news/260805.html,2026單次漲價事件,Sources,MUJI 2026/8-9調價公告,,,2026單次漲價事件,v0.4-governance-20260912
EV-00018,,,LEGACY_EVIDENCE_LEDGER,,,,,,,SOURCE-CATALOG,品牌官方,https://www.citycafe.com.tw/price.aspx,2026咖啡價格,Sources,CITY CAFE官方價格,,,2026咖啡價格,v0.4-governance-20260912
EV-00019,,,LEGACY_EVIDENCE_LEDGER,,,,,,,SOURCE-CATALOG,民間媒體引述民調,https://www.foodnext.net/life/health2/paper/4234524602,2014/2016外食結構,Sources,食力／東方線上,,,2014/2016外食結構,v0.4-governance-20260912
EV-00020,,,LEGACY_EVIDENCE_LEDGER,,,,,,,SOURCE-CATALOG,民間市調,https://www.ixresearch.com/news/news_08_30_18,2018外食頻率,Sources,InsightXplorer創市際,,,2018外食頻率,v0.4-governance-20260912
EV-00021,,,LEGACY_EVIDENCE_LEDGER,,,,,,,SOURCE-CATALOG,產業公會/民間研究,https://www.taaa.org.tw/news/article/8069,疫情期自煮/外食方式,Sources,TAAA 2021/11週調查,,,疫情期自煮/外食方式,v0.4-governance-20260912
EV-00022,,,LEGACY_EVIDENCE_LEDGER,,,,,,,SOURCE-CATALOG,產業公會/民間研究,https://www.taaa.org.tw/news/article/8236,疫情期自煮/外食方式,Sources,TAAA 2022/4週調查,,,疫情期自煮/外食方式,v0.4-governance-20260912
EV-00023,,,LEGACY_EVIDENCE_LEDGER,,,,,,,SOURCE-CATALOG,民間調查,https://www.yes123.com.tw/admin/white_paper/article.asp?id=20161006162110,外食支出/替代行為,Sources,yes123 2016,,,外食支出/替代行為,v0.4-governance-20260912
EV-00024,,,LEGACY_EVIDENCE_LEDGER,,,,,,,SOURCE-CATALOG,民間調查,https://www.yes123.com.tw/admin/white_paper/article.asp?id=20220324081657,外食月支出,Sources,yes123 2022,,,外食月支出,v0.4-governance-20260912
EV-00025,,,LEGACY_EVIDENCE_LEDGER,,,,,,,SOURCE-CATALOG,民間調查,https://www.yes123.com.tw/admin/white_paper/article.asp?id=20230707082645,外食月支出,Sources,yes123 2023,,,外食月支出,v0.4-governance-20260912
EV-00026,,,LEGACY_EVIDENCE_LEDGER,,,,,,,SOURCE-CATALOG,民間調查,https://www.yes123.com.tw/admin/white_paper/article.asp?id=20240410111336,外食月支出,Sources,yes123 2024,,,外食月支出,v0.4-governance-20260912
EV-00027,,,LEGACY_EVIDENCE_LEDGER,,,,,,,SOURCE-CATALOG,民間調查,https://www.yes123.com.tw/admin/white_paper/article.asp?id=20251009095931,外食月支出,Sources,yes123 2025,,,外食月支出,v0.4-governance-20260912
EV-00028,,,LEGACY_EVIDENCE_LEDGER,,,,,,,SOURCE-CATALOG,民間媒體轉述民調,https://www.nownews.com/news/6109800,2023外食頻率,Sources,NOWnews/Heho上班族調查,,,2023外食頻率,v0.4-governance-20260912
EV-00029,,,LEGACY_EVIDENCE_LEDGER,,,,,,,SOURCE-CATALOG,民間市調,https://insight.rakuten.com/dining-out-habits/,台灣每天外食41%,Sources,Rakuten Insight 2023,,,台灣每天外食41%,v0.4-governance-20260912
EV-00030,,,LEGACY_EVIDENCE_LEDGER,,,,,,,SOURCE-CATALOG,民間市調,https://insight.rakuten.com/snapshot-dining-out-habits-in-apac/,台灣每天外食39%,Sources,Rakuten Insight 2025,,,台灣每天外食39%,v0.4-governance-20260912
EV-00031,,,LEGACY_EVIDENCE_LEDGER,,,,,,,SOURCE-CATALOG,民營媒體,https://news.tvbs.com.tw/news/searchresult/7-11%E8%8C%B6%E8%91%89%E8%9B%8B/news,2020-11-20茶葉蛋基準,Sources,TVBS 7-ELEVEN茶葉蛋2020調價,,,2020-11-20茶葉蛋基準,v0.4-governance-20260912
EV-00032,,,LEGACY_EVIDENCE_LEDGER,,,,,,,SOURCE-CATALOG,私人歷史價格整理,https://www.tainanlohas.cc/2020/11/Unity-Lions-champion-Celebration.html,2020-11-20飲料/鮮乳一般價,Sources,台南樂活 7-ELEVEN統一獅封王活動,,,2020-11-20飲料/鮮乳一般價,v0.4-governance-20260912
EV-00033,,,LEGACY_EVIDENCE_LEDGER,,,,,,,SOURCE-CATALOG,私人歷史食記,https://oxoxooxoxo.pixnet.net/blog/posts/14218643801,2020-05-10蝦仁蛋炒飯,Sources,PIXNET 鼎泰豐高雄2020,,,2020-05-10蝦仁蛋炒飯,v0.4-governance-20260912
EV-00034,,,LEGACY_EVIDENCE_LEDGER,,,,,,,SOURCE-CATALOG,私人菜單整理,https://www.wendyjourney.com/syabuyo/,2026平日午餐豬雞方案480,Sources,Wendy's Journey 涮乃葉2026,,,2026平日午餐豬雞方案480,v0.4-governance-20260912
EV-00035,,,LEGACY_EVIDENCE_LEDGER,,,,,,,SOURCE-CATALOG,私人零售商官方,https://online.carrefour.com.tw/on/demandware.store/Sites-Carrefour-Site/default/Affiliate-Filter?pid=1501003300101&querystring=gclsrc%3Daw.ds%26,2026一般價93,Sources,家樂福 光泉936ml,,,2026一般價93,v0.4-governance-20260912
EV-00036,,,LEGACY_EVIDENCE_LEDGER,,,,,,,SOURCE-CATALOG,私人零售商官方,https://www.watsons.com.tw/%E9%AB%98%E9%9C%B2%E6%BD%94colgate-%E9%AB%98%E9%9C%B2%E6%BD%94-%E4%B8%89%E9%87%8D%E5%8A%9F%E6%95%88%E7%89%99%E8%86%8F%E8%B6%85%E5%80%BC%E7%B5%84160g%2A3/p/BP_116526,2026一般價199、單位化,Sources,屈臣氏 高露潔160g×3,,,2026一般價199、單位化,v0.4-governance-20260912
EV-00037,,,LEGACY_EVIDENCE_LEDGER,,,,,,,SOURCE-CATALOG,品牌官方,https://shop.muji.tw/SalePage/Index/10713783?lang=zh-TW,2026 replacement 250,Sources,MUJI敏感肌化妝水300ml,,,2026 replacement 250,v0.4-governance-20260912
EV-00038,,,LEGACY_EVIDENCE_LEDGER,,,,,,,SOURCE-CATALOG,民營零售商,https://www.books.com.tw/products/N001798786?loc=P_0004_090,2026定價1190,Sources,博客來 MUJI棉天竺被套,,,2026定價1190,v0.4-governance-20260912
EV-00039,,,LEGACY_EVIDENCE_LEDGER,,,,,,,SOURCE-CATALOG,私人零售商官方,https://online.carrefour.com.tw/zh/%E5%93%81%E7%89%8C%E6%97%97%E8%89%A6%E9%A4%A8/%E7%91%AA%E6%B0%8F%E5%93%81%E7%89%8C%E9%A4%A8/pedigree-%E5%AF%B6%E8%B7%AF,2026一般價323,Sources,家樂福 寶路牛肉蔬菜3kg,,,2026一般價323,v0.4-governance-20260912
EV-00040,,,LEGACY_EVIDENCE_LEDGER,,,,,,,SOURCE-CATALOG,私人零售商官方,https://shop.petpark.com.tw/wp010806,2026一般價300,Sources,寵物公園 汪喵星球安心雞80g,,,2026一般價300,v0.4-governance-20260912
EV-00041,,,LEGACY_EVIDENCE_LEDGER,,,,,,,SOURCE-CATALOG,民營寵物零售,https://www.bananapetshop.com/products/bananapet-ladyflavor-04,2026單罐71,Sources,芭娜娜毛孩良品 好味小姐81g,,,2026單罐71,v0.4-governance-20260912
EV-00042,,,LEGACY_EVIDENCE_LEDGER,,,,,,,SOURCE-CATALOG,民營零售商,https://www.momoshop.com.tw/product/6583147,2026市售價1443,Sources,momo Natural Balance 2.04kg,,,2026市售價1443,v0.4-governance-20260912
EV-00043,,,LEGACY_EVIDENCE_LEDGER,,,,,,,SOURCE-CATALOG,民營價格整理,https://tzyday.com/zh-cn/articles/food/food-delivery-guide,2026 pandapro月費119,Sources,TZYDAY 外送訂閱整理,,,2026 pandapro月費119,v0.4-governance-20260912
EV-00044,,,LEGACY_EVIDENCE_LEDGER,,,,,,,SOURCE-CATALOG,私人零售商官方,https://online.uni-prosperity.com.tw/zh/%E6%84%9B%E4%B9%8B%E5%91%B3/1484000600103.html,2026一般價108/3＝36；促銷不採,Sources,家樂福 愛之味土豆麵筋170g×3,,,2026一般價108/3＝36；促銷不採,v0.4-governance-20260912
EV-00045,,,LEGACY_EVIDENCE_LEDGER,,,,,,,SOURCE-CATALOG,私人零售商官方,https://shop.pxgo.com.tw/hourArrive/goods/248944-21040065-4710583900012,2026現行同品項345g一般價25；原300g已換規格,Sources,全聯 中華板豆腐345g,,,2026現行同品項345g一般價25；原300g已換規格,v0.4-governance-20260912
EV-00046,,,LEGACY_EVIDENCE_LEDGER,,,,,,,SOURCE-CATALOG,私人零售商官方,https://online.uni-prosperity.com.tw/en/search/tagPage/?tags=%E5%AE%89%E4%BD%B3%2C%E8%B5%B7%E5%8F%B8%E7%89%87,2026一般價121,Sources,家樂福 安佳原味乳酪12片250g,,,2026一般價121,v0.4-governance-20260912
EV-00047,,,LEGACY_EVIDENCE_LEDGER,,,,,,,SOURCE-CATALOG,私人零售商官方,https://shop.pxgo.com.tw/haohaochi/article/RA011682,2026同規格單瓶價46,Sources,全聯 味好美白胡椒粉30g,,,2026同規格單瓶價46,v0.4-governance-20260912
EV-00048,,,LEGACY_EVIDENCE_LEDGER,,,,,,,SOURCE-CATALOG,私人零售商官方,https://shop.pxgo.com.tw/hourArrive/goods/251214-20651562-4710175567111,2026現行375g一般單包36；2件68促銷不採,Sources,全聯 五木關東麵條-粗375g,,,2026現行375g一般單包36；2件68促銷不採,v0.4-governance-20260912
EV-00049,,,LEGACY_EVIDENCE_LEDGER,,,,,,,SOURCE-CATALOG,私人零售商官方,https://online.uni-prosperity.com.tw/zh/search/?attributes=%E9%A3%B2%E6%96%99%E9%9B%B6%E9%A3%9F+%3E+%E7%B2%BE%E9%81%B8%E9%A4%85%E4%B9%BE+%3E+%E7%94%9C%E9%A4%85%E4%B9%BE&q=%E7%BE%A9%E7%BE%8E,2026一般價99；活動價89不採,Sources,家樂福 義美巧克力小泡芙171g,,,2026一般價99；活動價89不採,v0.4-governance-20260912
EV-00050,,,LEGACY_EVIDENCE_LEDGER,,,,,,,SOURCE-CATALOG,私人零售商官方,https://online.uni-prosperity.com.tw/zh/%E9%A3%B2%E6%96%99%E9%9B%B6%E9%A3%9F/%E4%BC%91%E9%96%92%E9%9B%B6%E9%A3%9F/%E6%B4%8B%E8%8A%8B%E7%89%87%E8%96%AF%E6%A2%9D/%E5%8E%9F%E5%91%B3,2026現行85g一般價40；原72g已換規格,Sources,家樂福 樂事美國經典原味洋芋片85g,,,2026現行85g一般價40；原72g已換規格,v0.4-governance-20260912
EV-00051,,,LEGACY_EVIDENCE_LEDGER,,,,,,,SOURCE-CATALOG,私人零售商官方,https://online.uni-prosperity.com.tw/en/%E7%BE%A9%E7%BE%8E/1550005100101.html,2026一般價72；促銷59不採；ID-REFINED,Sources,家樂福 義美素菜頭粿600g,,,2026一般價72；促銷59不採；ID-REFINED,v0.4-governance-20260912
EV-00052,,,LEGACY_EVIDENCE_LEDGER,,,,,,,SOURCE-CATALOG,私人零售商官方,https://online.uni-prosperity.com.tw/zh/1463005600101.html,2026現行340g一般價65；促銷63不採,Sources,家樂福 可果美蕃茄醬340g,,,2026現行340g一般價65；促銷63不採,v0.4-governance-20260912
EV-00053,,,LEGACY_EVIDENCE_LEDGER,,,,,,,SOURCE-CATALOG,私人零售商官方,https://online.uni-prosperity.com.tw/zh/search/tagPage/?tags=%E6%B7%B1%E5%A4%9C%E9%BB%9E%E5%BF%83%2C%E4%BA%94%E6%9C%A8,2026現行375g一般價36；原320g換規格,Sources,家樂福 五木關東麵375g,,,2026現行375g一般價36；原320g換規格,v0.4-governance-20260912
EV-00054,,,LEGACY_EVIDENCE_LEDGER,,,,,,,SOURCE-CATALOG,私人零售商官方,https://shop.pxgo.com.tw/hourArrive/goods/241900-15010007-8888082150767,2026現行450g一般價179；原500g換規格,Sources,全聯 雀巢美祿經典原味450g,,,2026現行450g一般價179；原500g換規格,v0.4-governance-20260912
EV-00055,,,LEGACY_EVIDENCE_LEDGER,,,,,,,SOURCE-CATALOG,民營產業協會,https://www.tcfa.org.tw/announce_detail.asp?id=9213550,2026-07-01 successor-channel boundary；量販更名萬家福、超市更名樂家康,Sources,2026 家樂福→萬家福／樂家康品牌切換,,,2026-07-01 successor-channel boundary；量販更名萬家福、超市更名樂家康,v0.4-governance-20260912
EV-00056,,,LEGACY_EVIDENCE_LEDGER,,,,,,,SOURCE-CATALOG,企業官方商城,https://online.uni-prosperity.com.tw/zh/%E5%93%81%E7%89%8C%E6%97%97%E8%89%A6%E9%A4%A8/%E5%85%89%E6%B3%89%E5%93%81%E7%89%8C%E9%A4%A8/%E5%85%89%E6%B3%89%E9%AE%AE%E4%B9%B3-2,2026 successor-channel revalidation；一般價口徑,Sources,萬家福官方 TPI-111,,,2026 successor-channel revalidation；一般價口徑,v0.4-governance-20260912
EV-00057,,,LEGACY_EVIDENCE_LEDGER,,,,,,,SOURCE-CATALOG,企業官方商城,https://online.uni-prosperity.com.tw/zh/%E7%BE%A9%E7%BE%8E/1501408600101.html,2026 successor-channel revalidation；一般價口徑,Sources,萬家福官方 TPI-117,,,2026 successor-channel revalidation；一般價口徑,v0.4-governance-20260912
EV-00058,,,LEGACY_EVIDENCE_LEDGER,,,,,,,SOURCE-CATALOG,企業官方商城,https://online.uni-prosperity.com.tw/zh/%E6%A1%82%E6%A0%BC/1435304000101.html,2026 successor-channel revalidation；一般價口徑,Sources,萬家福官方 TPI-120,,,2026 successor-channel revalidation；一般價口徑,v0.4-governance-20260912
EV-00059,,,LEGACY_EVIDENCE_LEDGER,,,,,,,SOURCE-CATALOG,企業官方商城,https://online.uni-prosperity.com.tw/zh/%E7%B5%B1%E4%B8%80/1450200900105.html,2026 successor-channel revalidation；一般價口徑,Sources,萬家福官方 TPI-123,,,2026 successor-channel revalidation；一般價口徑,v0.4-governance-20260912
EV-00060,,,LEGACY_EVIDENCE_LEDGER,,,,,,,SOURCE-CATALOG,企業官方商城,https://online.uni-prosperity.com.tw/zh/%E7%B6%AD%E5%8A%9B/1450501300105.html,2026 successor-channel revalidation；一般價口徑,Sources,萬家福官方 TPI-126,,,2026 successor-channel revalidation；一般價口徑,v0.4-governance-20260912
EV-00061,,,LEGACY_EVIDENCE_LEDGER,,,,,,,SOURCE-CATALOG,企業官方商城,https://online.uni-prosperity.com.tw/zh/%E5%91%B3%E4%B8%B9/1450000000105.html,2026 successor-channel revalidation；一般價口徑,Sources,萬家福官方 TPI-129,,,2026 successor-channel revalidation；一般價口徑,v0.4-governance-20260912
EV-00062,,,LEGACY_EVIDENCE_LEDGER,,,,,,,SOURCE-CATALOG,企業官方商城,https://online.uni-prosperity.com.tw/zh/search/?attributes=%E7%B1%B3%E6%B2%B9%E6%B2%96%E6%B3%A1%20%3E%20%E8%AA%BF%E5%91%B3%EF%BC%8E%E7%BD%90%E9%A0%AD%E6%B9%AF%E5%93%81%EF%BC%8E%E5%8D%97%E5%8C%97%E8%B2%A8%20%3E%20%E8%AA%BF%E5%91%B3%E5%93%81%20%3E%20%E7%B3%96%E7%B2%89&q=%E5%8F%B0%E7%B3%96,2026 successor-channel revalidation；一般價口徑,Sources,萬家福官方 TPI-132,,,2026 successor-channel revalidation；一般價口徑,v0.4-governance-20260912
EV-00063,,,LEGACY_EVIDENCE_LEDGER,,,,,,,SOURCE-CATALOG,企業官方商城,https://online.uni-prosperity.com.tw/en/%E5%8F%B0%E9%B9%BD/1460000500101.html?categoryId=1752,2026 successor-channel revalidation；一般價口徑,Sources,萬家福官方 TPI-135,,,2026 successor-channel revalidation；一般價口徑,v0.4-governance-20260912
EV-00064,,,LEGACY_EVIDENCE_LEDGER,,,,,,,SOURCE-CATALOG,企業官方商城,https://online.uni-prosperity.com.tw/zh/%E6%B3%B0%E5%B1%B1/1461513300101.html,2026 successor-channel revalidation；一般價口徑,Sources,萬家福官方 TPI-150,,,2026 successor-channel revalidation；一般價口徑,v0.4-governance-20260912
EV-00065,,,LEGACY_EVIDENCE_LEDGER,,,,,,,SOURCE-CATALOG,企業官方商城,https://online.uni-prosperity.com.tw/zh/%E5%90%8C%E6%A6%AE/1483201400103.html,2026 successor-channel audit；僅證明目前可見紅罐230g，不作固定黃罐價格替代,Sources,萬家福官方 TPI-159 current red-can reference,,,2026 successor-channel audit；僅證明目前可見紅罐230g，不作固定黃罐價格替代,v0.4-governance-20260912
EV-00066,,,LEGACY_EVIDENCE_LEDGER,,,,,,,SOURCE-CATALOG,企業官方商城,https://online.uni-prosperity.com.tw/zh/cocacola-%E5%8F%AF%E5%8F%A3%E5%8F%AF%E6%A8%82/1000001200104.html,2026 successor-channel revalidation；一般價口徑,Sources,萬家福官方 TPI-162,,,2026 successor-channel revalidation；一般價口徑,v0.4-governance-20260912
EV-00067,,,LEGACY_EVIDENCE_LEDGER,,,,,,,SOURCE-CATALOG,企業官方商城,https://online.uni-prosperity.com.tw/zh/%E9%BB%91%E6%9D%BE%E6%B2%99%E5%A3%AB/1000200900104.html,2026 successor-channel revalidation；一般價口徑,Sources,萬家福官方 TPI-165,,,2026 successor-channel revalidation；一般價口徑,v0.4-governance-20260912
EV-00068,,,LEGACY_EVIDENCE_LEDGER,,,,,,,SOURCE-CATALOG,企業官方商城,https://online.uni-prosperity.com.tw/zh/1525006500101.html,2026 successor-channel revalidation；一般價口徑,Sources,萬家福官方 TPI-177,,,2026 successor-channel revalidation；一般價口徑,v0.4-governance-20260912
EV-00069,,,LEGACY_EVIDENCE_LEDGER,,,,,,,SOURCE-CATALOG,企業官方商城,https://online.uni-prosperity.com.tw/zh/%E6%A1%82%E5%86%A0/1526103800101.html,2026 successor-channel revalidation；一般價口徑,Sources,萬家福官方 TPI-180,,,2026 successor-channel revalidation；一般價口徑,v0.4-governance-20260912
EV-00070,,,LEGACY_EVIDENCE_LEDGER,,,,,,,SOURCE-CATALOG,企業官方商城,https://online.uni-prosperity.com.tw/zh/%E5%93%81%E7%89%8C%E6%97%97%E8%89%A6%E9%A4%A8/%E5%AE%B6%E6%A8%82%E6%B0%8F%EF%BD%9C%E5%93%81%E5%AE%A2%E5%93%81%E7%89%8C%E9%A4%A8,2026 successor-channel revalidation；一般價口徑,Sources,萬家福官方 TPI-210,,,2026 successor-channel revalidation；一般價口徑,v0.4-governance-20260912
EV-00071,,,LEGACY_EVIDENCE_LEDGER,,,,,,,SOURCE-CATALOG,企業官方商城,https://online.uni-prosperity.com.tw/zh/%E9%9B%80%E5%B7%A2/1436003300101.html,2026 successor-channel revalidation；一般價口徑,Sources,萬家福官方 TPI-213,,,2026 successor-channel revalidation；一般價口徑,v0.4-governance-20260912
EV-00072,,,LEGACY_EVIDENCE_LEDGER,,,,,,,SOURCE-CATALOG,企業官方商城,https://online.uni-prosperity.com.tw/zh/%E7%BE%A9%E7%BE%8E/1508000300101.html,2026 successor-channel revalidation；一般價口徑,Sources,萬家福官方 TPI-243,,,2026 successor-channel revalidation；一般價口徑,v0.4-governance-20260912
EV-00073,,,LEGACY_EVIDENCE_LEDGER,,,,,,,SOURCE-CATALOG,企業官方商城,https://online.uni-prosperity.com.tw/zh/%E5%AF%B6%E8%B7%AF/1485001900101.html,2026 successor-channel revalidation；一般價口徑,Sources,萬家福官方 TPI-463,,,2026 successor-channel revalidation；一般價口徑,v0.4-governance-20260912
EV-00074,,,LEGACY_EVIDENCE_LEDGER,,,,,,,SOURCE-CATALOG,企業官方商城,https://shop.pxgo.com.tw/hourArrive/goods/238167-21020397-4710126150096,2026一般價／規格重驗,Sources,全聯官方 TPI-107,,,2026一般價／規格重驗,v0.4-governance-20260912
EV-00075,,,LEGACY_EVIDENCE_LEDGER,,,,,,,SOURCE-CATALOG,企業官方商城,https://online.uni-prosperity.com.tw/zh/%E7%BE%A9%E7%BE%8E/1501002900101.html,2026一般價／規格重驗,Sources,萬家福官方 TPI-108,,,2026一般價／規格重驗,v0.4-governance-20260912
EV-00076,,,LEGACY_EVIDENCE_LEDGER,,,,,,,SOURCE-CATALOG,企業官方商城,https://online.uni-prosperity.com.tw/zh/%E7%B5%B1%E4%B8%80/1501001100101.html,2026一般價／規格重驗,Sources,萬家福官方 TPI-114,,,2026一般價／規格重驗,v0.4-governance-20260912
EV-00077,,,LEGACY_EVIDENCE_LEDGER,,,,,,,SOURCE-CATALOG,企業官方商城,https://shop.pxgo.com.tw/hourArrive/goods/240014-51050037-4711001450027,2026一般價／規格重驗,Sources,全聯官方 TPI-137,,,2026一般價／規格重驗,v0.4-governance-20260912
EV-00078,,,LEGACY_EVIDENCE_LEDGER,,,,,,,SOURCE-CATALOG,企業官方商城,https://online.uni-prosperity.com.tw/zh/%E8%90%AC%E5%AE%B6%E9%A6%99/1462009500101.html,2026一般價／規格重驗,Sources,萬家福官方 TPI-138,,,2026一般價／規格重驗,v0.4-governance-20260912
EV-00079,,,LEGACY_EVIDENCE_LEDGER,,,,,,,SOURCE-CATALOG,企業官方商城,"https://online.uni-prosperity.com.tw/zh/search/tagPage/?tags=%E9%86%AC%E6%B2%B9,%E9%87%91%E8%98%AD",2026一般價／規格重驗,Sources,萬家福官方 TPI-141,,,2026一般價／規格重驗,v0.4-governance-20260912
EV-00080,,,LEGACY_EVIDENCE_LEDGER,,,,,,,SOURCE-CATALOG,企業官方商城,https://online.uni-prosperity.com.tw/zh/%E5%93%81%E7%89%8C%E6%97%97%E8%89%A6%E9%A4%A8/%E4%BD%B3%E6%A0%BC%E5%93%81%E7%89%8C%E9%A4%A8/%E5%BE%97%E6%84%8F%E7%9A%84%E4%B8%80%E5%A4%A9%E9%A3%9F%E7%94%A8%E6%B2%B9%E5%93%81,2026一般價／規格重驗,Sources,萬家福官方 TPI-147,,,2026一般價／規格重驗,v0.4-governance-20260912
EV-00081,,,LEGACY_EVIDENCE_LEDGER,,,,,,,SOURCE-CATALOG,企業官方商城,https://shop.pxgo.com.tw/hourArrive/goods/254036-05010051-4710095340108,2026一般價／規格重驗,Sources,全聯官方 TPI-149,,,2026一般價／規格重驗,v0.4-governance-20260912
EV-00082,,,LEGACY_EVIDENCE_LEDGER,,,,,,,SOURCE-CATALOG,企業官方商城,https://online.uni-prosperity.com.tw/zh/%E6%96%B0%E6%9D%B1%E9%99%BD/1483301000103.html,2026一般價／規格重驗,Sources,萬家福官方 TPI-156,,,2026一般價／規格重驗,v0.4-governance-20260912
EV-00083,,,LEGACY_EVIDENCE_LEDGER,,,,,,,SOURCE-CATALOG,企業官方商城,https://online.uni-prosperity.com.tw/zh/%E8%A1%8C%E9%8A%B7%E4%B8%BB%E9%A1%8C/%E4%B9%96%E4%B9%96,2026一般價／規格重驗,Sources,萬家福官方 TPI-171,,,2026一般價／規格重驗,v0.4-governance-20260912
EV-00084,,,LEGACY_EVIDENCE_LEDGER,,,,,,,SOURCE-CATALOG,企業官方商城,https://online.uni-prosperity.com.tw/zh/%E4%B8%AD%E8%8F%AF%E9%A3%9F%E5%93%81/1508001500101.html,2026一般價／規格重驗,Sources,萬家福官方 TPI-189,,,2026一般價／規格重驗,v0.4-governance-20260912
EV-00085,,,LEGACY_EVIDENCE_LEDGER,,,,,,,SOURCE-CATALOG,企業官方商城,https://shop.pxgo.com.tw/hourArrive/goods/252118-21250142-9415007301516,2026一般價／規格重驗,Sources,全聯官方 TPI-194,,,2026一般價／規格重驗,v0.4-governance-20260912
EV-00086,,,LEGACY_EVIDENCE_LEDGER,,,,,,,SOURCE-CATALOG,企業官方商城,https://online.uni-prosperity.com.tw/zh/%E5%91%B3%E5%A5%BD%E7%BE%8E/1460206100101.html?src=FE,2026一般價／規格重驗,Sources,萬家福官方 TPI-201,,,2026一般價／規格重驗,v0.4-governance-20260912
EV-00087,,,LEGACY_EVIDENCE_LEDGER,,,,,,,SOURCE-CATALOG,企業官方商城,https://online.uni-prosperity.com.tw/zh/%E7%B1%B3%E6%B2%B9%E6%B2%96%E6%B3%A1/%E8%AA%BF%E5%91%B3%E7%BD%90%E9%A0%AD%E6%B9%AF%E5%93%81%E5%8D%97%E5%8C%97%E8%B2%A8/%E8%AA%BF%E5%91%B3%E5%93%81/%E9%BA%B5%E7%B2%89,2026一般價／規格重驗,Sources,萬家福官方 TPI-207,,,2026一般價／規格重驗,v0.4-governance-20260912
EV-00088,,,LEGACY_EVIDENCE_LEDGER,,,,,,,SOURCE-CATALOG,企業官方商城,https://shop.pxgo.com.tw/hourArrive/goods/241643-11020052-8852756327052,2026一般價／規格重驗,Sources,全聯官方 TPI-209,,,2026一般價／規格重驗,v0.4-governance-20260912
EV-00089,,,LEGACY_EVIDENCE_LEDGER,,,,,,,SOURCE-CATALOG,企業官方商城,https://online.uni-prosperity.com.tw/zh/search/?q=%E5%85%AC%E8%BE%B2,2026一般價／規格重驗,Sources,萬家福官方 TPI-222,,,2026一般價／規格重驗,v0.4-governance-20260912
EV-00090,,,LEGACY_EVIDENCE_LEDGER,,,,,,,SOURCE-CATALOG,企業官方商城,https://online.uni-prosperity.com.tw/zh/2200300100101.html,2026一般價／規格重驗,Sources,萬家福官方 TPI-225,,,2026一般價／規格重驗,v0.4-governance-20260912
EV-00091,,,LEGACY_EVIDENCE_LEDGER,,,,,,,SOURCE-CATALOG,企業官方商城,https://shop.pxgo.com.tw/hourArrive/goods/245742-26010042-4710265030334,2026一般價／規格重驗,Sources,全聯官方 TPI-104,,,2026一般價／規格重驗,v0.4-governance-20260912
EV-00092,,,LEGACY_EVIDENCE_LEDGER,,,,,,,SOURCE-CATALOG,企業官方商城,https://online.uni-prosperity.com.tw/zh/search/?attributes=%E7%B1%B3%E6%B2%B9%E6%B2%96%E6%B3%A1+%3E+%E7%B1%B3%EF%BC%8E%E9%A3%9F%E7%94%A8%E6%B2%B9+%3E+%E7%B1%B3+%3E+%E7%B1%B3&q=CONGMI,2026一般價／規格重驗,Sources,萬家福官方 TPI-105,,,2026一般價／規格重驗,v0.4-governance-20260912
EV-00093,,,LEGACY_EVIDENCE_LEDGER,,,,,,,SOURCE-CATALOG,企業官方商城,https://online.uni-prosperity.com.tw/zh/search/tagPage/?tags=%E5%91%B3%E5%85%A8%2C%E9%86%AC%E6%B2%B9%E9%9C%B2,2026一般價／規格重驗,Sources,萬家福官方 TPI-144,,,2026一般價／規格重驗,v0.4-governance-20260912
EV-00094,,,LEGACY_EVIDENCE_LEDGER,,,,,,,SOURCE-CATALOG,企業官方商城,https://shop.pxgo.com.tw/hourArrive/activity/447,2026一般價／規格重驗,Sources,全聯官方 TPI-191,,,2026一般價／規格重驗,v0.4-governance-20260912
EV-00095,,,LEGACY_EVIDENCE_LEDGER,,,,,,,SOURCE-CATALOG,企業官方商城,https://online.uni-prosperity.com.tw/en/%E5%AE%89%E4%BD%B3/1503095100101.html,2026一般價／規格重驗,Sources,萬家福官方 TPI-195,,,2026一般價／規格重驗,v0.4-governance-20260912
EV-00096,,,LEGACY_EVIDENCE_LEDGER,,,,,,,SOURCE-CATALOG,企業官方商城,https://pxbox.es.pxmart.com.tw/category/535/560/0/product/11024,2026一般價／規格重驗,Sources,全聯官方 TPI-206,,,2026一般價／規格重驗,v0.4-governance-20260912
EV-00097,,,LEGACY_EVIDENCE_LEDGER,,,,,,,SOURCE-CATALOG,企業官方商城,https://shop.pxgo.com.tw/hourArrive/goods/298120-15010070-4711392540161,2026一般價／規格重驗,Sources,全聯官方 TPI-215,,,2026一般價／規格重驗,v0.4-governance-20260912
EV-00098,,,LEGACY_EVIDENCE_LEDGER,,,,,,,SOURCE-CATALOG,企業官方商城,https://online.uni-prosperity.com.tw/zh/search/?attributes=%E7%B1%B3%E6%B2%B9%E6%B2%96%E6%B3%A1+%3E+%E5%92%96%E5%95%A1%EF%BC%8E%E8%8C%B6%E5%8C%85+%3E+%E8%8C%B6%E5%8C%85+%3E+%E5%8D%B3%E6%BA%B6%E8%8C%B6&q=%E7%AB%8B%E9%A0%93,2026一般價／規格重驗,Sources,萬家福官方 TPI-216,,,2026一般價／規格重驗,v0.4-governance-20260912
EV-00099,,,LEGACY_EVIDENCE_LEDGER,,,,,,,SOURCE-CATALOG,企業官方商城,https://online.uni-prosperity.com.tw/zh/search/tagPage/?tags=%E6%B4%8B%E8%94%A5%2C%E7%94%9F%E9%AE%AE,2026一般價／規格重驗,Sources,萬家福官方 TPI-228,,,2026一般價／規格重驗,v0.4-governance-20260912
EV-00100,,,LEGACY_EVIDENCE_LEDGER,,,,,,,SOURCE-CATALOG,企業官方商城,https://online.uni-prosperity.com.tw/zh/search/?attributes=%E7%94%9F%E9%AE%AE%E5%86%B7%E5%87%8D+%3E+%E8%94%AC%E8%8F%9C%E6%B0%B4%E6%9E%9C%EF%BC%8E%E8%BE%B2%E7%89%B9%E7%94%A2+%3E+%E5%90%84%E5%BC%8F%E8%94%AC%E8%8F%9C+%3E+%E6%A0%B9%E8%8E%96%E3%80%81%E7%AD%8D%E9%A1%9E&q=resums,2026一般價／規格重驗,Sources,萬家福官方 TPI-231,,,2026一般價／規格重驗,v0.4-governance-20260912
EV-00101,,,LEGACY_EVIDENCE_LEDGER,,,,,,,SOURCE-CATALOG,企業官方商城,https://online.uni-prosperity.com.tw/zh/search/tagPage/?tags=%E7%94%A2%E9%8A%B7%E5%B1%A5%E6%AD%B7%2C%E7%94%9F%E9%AE%AE,2026一般價／規格重驗,Sources,萬家福官方 TPI-246,,,2026一般價／規格重驗,v0.4-governance-20260912
EV-00102,,,LEGACY_EVIDENCE_LEDGER,,,,,,,SOURCE-CATALOG,企業官方商城,https://pxbox.es.pxmart.com.tw/product/358316,2026一般價／規格重驗,Sources,全聯官方 TPI-143,,,2026一般價／規格重驗,v0.4-governance-20260912
EV-00103,,,LEGACY_EVIDENCE_LEDGER,,,,,,,SOURCE-CATALOG,企業官方商城,https://online.uni-prosperity.com.tw/zh/search/?attributes=%E7%94%9F%E9%AE%AE%E5%86%B7%E5%87%8D+%3E+%E5%A5%B6%E8%9B%8B%E9%BB%9E%E5%BF%83%E9%A3%9F%E5%93%81+%3E+%E9%9B%9E%E8%9B%8B%EF%BC%8E%E8%B1%86%E8%A3%BD%E5%93%81&q=shellin,2026一般價／規格重驗,Sources,萬家福官方 TPI-219,,,2026一般價／規格重驗,v0.4-governance-20260912
EV-00104,,,LEGACY_EVIDENCE_LEDGER,,,,,,,SOURCE-CATALOG,企業官方商城,https://online.uni-prosperity.com.tw/zh/search/tagPage/?tags=%E8%82%89%E7%89%87%2C%E5%86%B7%E8%97%8F,2026一般價／規格重驗,Sources,萬家福官方 TPI-234,,,2026一般價／規格重驗,v0.4-governance-20260912
EV-00105,,,LEGACY_EVIDENCE_LEDGER,,,,,,,SOURCE-CATALOG,企業官方商城,https://online.uni-prosperity.com.tw/zh/%E7%94%9F%E9%AE%AE%E5%86%B7%E5%87%8D/%E8%82%89%E5%93%81/%E9%9B%9E%E9%B4%A8/%E9%9B%9E%E5%88%86%E5%88%87%E5%93%81,2026一般價／規格重驗,Sources,萬家福官方 TPI-237,,,2026一般價／規格重驗,v0.4-governance-20260912
EV-00106,,,LEGACY_EVIDENCE_LEDGER,,,,,,,SOURCE-CATALOG,企業官方商城,https://online.uni-prosperity.com.tw/zh/search/tagPage/?tags=%E6%B5%B7%E9%AE%AE%2C%E8%9D%A6%E5%AD%90,2026一般價／規格重驗,Sources,萬家福官方 TPI-240,,,2026一般價／規格重驗,v0.4-governance-20260912
EV-00107,,,LEGACY_EVIDENCE_LEDGER,,,,,,,SOURCE-CATALOG,企業官方商城,https://online.uni-prosperity.com.tw/zh/search/?attributes=%E7%94%9F%E9%AE%AE%E5%86%B7%E5%87%8D+%3E+%E8%94%AC%E8%8F%9C%E6%B0%B4%E6%9E%9C%EF%BC%8E%E8%BE%B2%E7%89%B9%E7%94%A2+%3E+%E5%90%84%E5%BC%8F%E8%94%AC%E8%8F%9C+%3E+%E6%9E%9C%E5%AF%A6%E9%A1%9E&q=%E5%8F%B0%E8%BE%B2,2026一般價／規格重驗,Sources,萬家福官方 TPI-249,,,2026一般價／規格重驗,v0.4-governance-20260912
EV-00108,,,LEGACY_EVIDENCE_LEDGER,,,,,,,SOURCE-CATALOG,消費者歷史實價,https://www.ptt.cc/bbs/Lifeismoney/M.1596121555.A.EE7.html,TPI-125 2020-07-30 全聯90g×5訪價75；Evidence D,Sources,PTT Lifeismoney 2020 維力炸醬麵全聯訪價,,,TPI-125 2020-07-30 全聯90g×5訪價75；Evidence D,v0.4-governance-20260912
EV-00109,,,LEGACY_EVIDENCE_LEDGER,,,,,,,SOURCE-CATALOG,歷史私人整理,https://benlife.tw/20200408famimartnew/,HISTORY-EASY candidate；通路不匹配,Sources,2020 全家光泉鮮乳936ml原價93,,,HISTORY-EASY candidate；通路不匹配,v0.4-governance-20260912
EV-00110,,,LEGACY_EVIDENCE_LEDGER,,,,,,,SOURCE-CATALOG,品牌官方社群,https://www.facebook.com/imeifoods/posts/10157636137491997/,HISTORY-EASY candidate；品牌門市價，非固定零售通路,Sources,義美官方2020無加糖厚豆奶936ml原價60,,,HISTORY-EASY candidate；品牌門市價，非固定零售通路,v0.4-governance-20260912
EV-00111,,,LEGACY_EVIDENCE_LEDGER,,,,,,,SOURCE-CATALOG,消費者歷史實價,https://www.ptt.cc/bbs/Lifeismoney/M.1590633370.A.B2E.html,HISTORY-EASY candidate；SKU identity未完全鎖定,Sources,PTT 2020 桂格800g全聯109線索,,,HISTORY-EASY candidate；SKU identity未完全鎖定,v0.4-governance-20260912
EV-00112,,,LEGACY_EVIDENCE_LEDGER,,,,,,,SOURCE-CATALOG,企業官方活動清單,https://event.pxmart.com.tw/zwilling/src/assets/0221-0305%E5%8D%B0%E8%8A%B1%E6%B8%85%E5%96%AE.pdf,TPI-119 2020 SKU identity linking；條碼4710043105124；清單不含價格,Sources,全聯官方2020指定商品清單－桂格即沖即食大燕麥片800g,,,TPI-119 2020 SKU identity linking；條碼4710043105124；清單不含價格,v0.4-governance-20260912
EV-00113,,,LEGACY_EVIDENCE_LEDGER,,,,,,,SOURCE-CATALOG,民營媒體,https://www.chinatimes.com/amp/newspapers/20200828000921-260113,TPI-123 package-history clue；TPI-146 PX identity-partial,Sources,中國時報2020中元量販/超市熱銷,,,TPI-123 package-history clue；TPI-146 PX identity-partial,v0.4-governance-20260912
EV-00114,,,LEGACY_EVIDENCE_LEDGER,,,,,,,SOURCE-CATALOG,品牌官方,https://www.taisun.com.tw/%E5%A4%A7%E7%94%B2%E5%AA%BD%E7%A5%96%E9%81%B6%E5%A2%83%E7%82%BA%E6%84%9B%E9%87%8D%E5%95%9F-%E9%98%B2%E7%96%AB%E6%96%B0%E7%94%9F%E6%B4%BB%E7%82%BA%E6%84%9B%E9%81%B8%E5%A5%BD%E6%B2%B9/,TPI-150 1.5L identity + Carrefour/PX/Simple Mart channel linking,Sources,泰山官方2020玄米油上市/通路,,,TPI-150 1.5L identity + Carrefour/PX/Simple Mart channel linking,v0.4-governance-20260912
EV-00115,,,LEGACY_EVIDENCE_LEDGER,,,,,,,SOURCE-CATALOG,消費者活動紀錄,https://www.ptt.cc/bbs/Lifeismoney/M.1598437779.A.5C8.html,TPI-150 promotion evidence only; not normal price,Sources,PTT 2020家樂福玄米油買一送一,,,TPI-150 promotion evidence only; not normal price,v0.4-governance-20260912
EV-00116,,,LEGACY_EVIDENCE_LEDGER,,,,,,,SOURCE-CATALOG,民營媒體,https://ec.ltn.com.tw/amp/article/breakingnews/3137071,TPI-161 Coca-Cola ZERO sibling/promo rejection,Sources,自由時報2020零確診促銷,,,TPI-161 Coca-Cola ZERO sibling/promo rejection,v0.4-governance-20260912
EV-00117,,,LEGACY_EVIDENCE_LEDGER,,,,,,,SOURCE-CATALOG,消費者歷史實價,https://army.chlin.com.tw/BBS/viewthread.php?action=printable&tid=11110,TPI-179 price candidate 37; promo-contaminated,Sources,2020全聯桂冠芝麻湯圓消費者實購,,,TPI-179 price candidate 37; promo-contaminated,v0.4-governance-20260912
EV-00118,,,LEGACY_EVIDENCE_LEDGER,,,,,,,SOURCE-CATALOG,民營媒體,https://www.chinatimes.com/amp/realtimenews/20201216000697-263302,TPI-179 promotion-context evidence,Sources,中國時報2020冬至全聯湯圓8折,,,TPI-179 promotion-context evidence,v0.4-governance-20260912
EV-00119,,,LEGACY_EVIDENCE_LEDGER,,,,,,,SOURCE-CATALOG,消費者促銷紀錄,https://www.ptt.cc/bbs/Lifeismoney/M.1601359164.A.7EC.html,TPI-128 promo/pack mismatch,Sources,PTT 2020 全聯味味A箱裝促銷,,,TPI-128 promo/pack mismatch,v0.4-governance-20260912
EV-00120,,,LEGACY_EVIDENCE_LEDGER,,,,,,,SOURCE-CATALOG,企業官方活動清單,https://event.pxmart.com.tw/arcos/src/assets/0925-1015%E5%8D%B0%E8%8A%B1%E6%B8%85%E5%96%AE.pdf,"TPI-152/TPI-215 exact identity, no price",Sources,全聯2020 ARCOS 09/25-10/15商品清單,,,"TPI-152/TPI-215 exact identity, no price",v0.4-governance-20260912
EV-00121,,,LEGACY_EVIDENCE_LEDGER,,,,,,,SOURCE-CATALOG,歷史聚合頁,https://jpfuns.com/entry/34812576,TPI-164 weak candidate only,Sources,JPFuns 2020 黑松沙士600ml價格頁,,,TPI-164 weak candidate only,v0.4-governance-20260912
EV-00122,,,LEGACY_EVIDENCE_LEDGER,,,,,,,SOURCE-CATALOG,私人商品目錄,https://resource.iyp.tw/static.iyp.tw/28854/files/fa584652-16ec-418d-bf18-2cfe20291d2b.pdf,TPI-168 exact identity only,Sources,2020 義美商品目錄,,,TPI-168 exact identity only,v0.4-governance-20260912
EV-00123,,,LEGACY_EVIDENCE_LEDGER,,,,,,,SOURCE-CATALOG,企業官方活動清單,https://event.pxmart.com.tw/arcos/src/assets/1218-0107%E5%8D%B0%E8%8A%B1%E6%B8%85%E5%96%AE.pdf,"TPI-191 exact Anchor barcode continuity, no price",Sources,全聯2020 ARCOS 12/18-01/07商品清單,,,"TPI-191 exact Anchor barcode continuity, no price",v0.4-governance-20260912
EV-00124,,,LEGACY_EVIDENCE_LEDGER,,,,,,,SOURCE-CATALOG,品牌官方,https://www.lhmilling.com/cn/news-detail/News_20210329/,TPI-206/207 product-generation evidence,Sources,聯華製粉2021 水手牌無添加高筋新品,,,TPI-206/207 product-generation evidence,v0.4-governance-20260912
EV-00125,,,LEGACY_EVIDENCE_LEDGER,,,,,,,SOURCE-CATALOG,私人零售商,https://24h.pchome.com.tw/prod/DBAA0R-A37836076,TPI-101/102 wrong-channel current existence,Sources,PChome 中興米花東台梗九號免洗米2kg,,,TPI-101/102 wrong-channel current existence,v0.4-governance-20260912
EV-00126,,,LEGACY_EVIDENCE_LEDGER,,,,,,,SOURCE-CATALOG,品牌官方,https://www.tongyeng.com.tw/ec99/rwd1383/product.asp?prodid=122,"TPI-158 exact product identity, retailer price missing",Sources,同榮官方 蕃茄汁鯖魚黃230g,,,"TPI-158 exact product identity, retailer price missing",v0.4-governance-20260912
EV-00127,,,LEGACY_EVIDENCE_LEDGER,,,,,,,SOURCE-CATALOG,品牌官方,https://www.shihanfarm.com.tw/faq.php?cid=3,TPI-185/186 fixed channels not currently listed,Sources,石安牧場官方 動福蛋購買通路FAQ,,,TPI-185/186 fixed channels not currently listed,v0.4-governance-20260912
EV-00128,,,LEGACY_EVIDENCE_LEDGER,,,,,,,SOURCE-CATALOG,全聯官方活動PDF,https://event.pxmart.com.tw/zwilling/src/assets/0103-0116%E5%8D%B0%E8%8A%B1%E6%B8%85%E5%96%AE.pdf,2020 retailer historical index；barcode available / price unavailable,Sources,Gate3A PX 2020 01/03–01/16 商品條碼清單,,,2020 retailer historical index；barcode available / price unavailable,v0.4-governance-20260912
EV-00129,,,LEGACY_EVIDENCE_LEDGER,,,,,,,SOURCE-CATALOG,全聯官方活動PDF,https://event.pxmart.com.tw/zwilling/src/assets/0117-0206%E5%8D%B0%E8%8A%B1%E6%B8%85%E5%96%AE.pdf,2020 retailer historical index；barcode available / price unavailable,Sources,Gate3A PX 2020 01/17–02/06 商品條碼清單,,,2020 retailer historical index；barcode available / price unavailable,v0.4-governance-20260912
EV-00130,,,LEGACY_EVIDENCE_LEDGER,,,,,,,SOURCE-CATALOG,全聯官方活動PDF,https://event.pxmart.com.tw/zwilling/src/assets/0207-0220%E5%8D%B0%E8%8A%B1%E6%B8%85%E5%96%AE.pdf,TPI-215 exact identity continuity,Sources,Gate3A PX 2020 02/07–02/20 商品條碼清單,,,TPI-215 exact identity continuity,v0.4-governance-20260912
EV-00131,,,LEGACY_EVIDENCE_LEDGER,,,,,,,SOURCE-CATALOG,全聯官方活動PDF,https://event.pxmart.com.tw/zwilling/src/assets/0306-0319%E5%8D%B0%E8%8A%B1%E6%B8%85%E5%96%AE.pdf,2020 retailer historical index；barcode available / price unavailable,Sources,Gate3A PX 2020 03/06–03/19 商品條碼清單,,,2020 retailer historical index；barcode available / price unavailable,v0.4-governance-20260912
EV-00132,,,LEGACY_EVIDENCE_LEDGER,,,,,,,SOURCE-CATALOG,全聯官方活動PDF,https://event.pxmart.com.tw/arcos/src/assets/1120-1203%E5%8D%B0%E8%8A%B1%E6%B8%85%E5%96%AE.pdf,2020 retailer historical index；barcode available / price unavailable,Sources,Gate3A PX 2020 11/20–12/03 商品條碼清單,,,2020 retailer historical index；barcode available / price unavailable,v0.4-governance-20260912
EV-00133,,,LEGACY_EVIDENCE_LEDGER,,,,,,,SOURCE-CATALOG,全聯官方活動頁,https://event.pxmart.com.tw/activity/2020steak/,驗證normal_price / promo_price可分離的price-bearing source schema,Sources,Gate3A PX 2020 牛排大賞價格頁,,,驗證normal_price / promo_price可分離的price-bearing source schema,v0.4-governance-20260912
EV-00134,,,LEGACY_EVIDENCE_LEDGER,,,,,,,SOURCE-CATALOG,家樂福官方歷史圖片,https://www.carrefour.com.tw/wp-content/uploads/2020/11/%E7%BE%8E%E9%A3%9F%E7%AF%80-content10802.jpg,2020 archive source discovered；not yet parsed into product/price rows,Sources,Gate3A Carrefour 2020/11 官方歷史素材,,,2020 archive source discovered；not yet parsed into product/price rows,v0.4-governance-20260912
EV-00135,,,LEGACY_EVIDENCE_LEDGER,,,,,,,SOURCE-CATALOG,全聯官方活動PDF,https://event.pxmart.com.tw/RoyalDoulton/src/assets/6-2%E5%8A%A0%E8%B4%88%E5%8D%B0%E8%8A%B1%E6%B8%85%E5%96%AE_%E7%B6%B2%E7%AB%99.pdf,Phase 2 source coverage；barcode available / price unavailable,Sources,Gate3A PX 2020 06/19–07/02 商品條碼清單,,,Phase 2 source coverage；barcode available / price unavailable,v0.4-governance-20260912
EV-00136,,,LEGACY_EVIDENCE_LEDGER,,,,,,,SOURCE-CATALOG,全聯官方活動PDF,https://event.pxmart.com.tw/RoyalDoulton/src/assets/0703-0716%E5%8D%B0%E8%8A%B1%E6%B8%85%E5%96%AE.pdf,Phase 2 source coverage；中興無洗米2kg related-not-exact,Sources,Gate3A PX 2020 07/03–07/16 商品條碼清單,,,Phase 2 source coverage；中興無洗米2kg related-not-exact,v0.4-governance-20260912
EV-00137,,,LEGACY_EVIDENCE_LEDGER,,,,,,,SOURCE-CATALOG,全聯官方活動PDF,https://event.pxmart.com.tw/RoyalDoulton/src/assets/0731-0813%E5%8D%B0%E8%8A%B1%E6%B8%85%E5%96%AE.pdf,Phase 2 source coverage；中興無洗米2kg repeated related-not-exact,Sources,Gate3A PX 2020 07/31–08/13 商品條碼清單,,,Phase 2 source coverage；中興無洗米2kg repeated related-not-exact,v0.4-governance-20260912
EV-00138,,,LEGACY_EVIDENCE_LEDGER,,,,,,,SOURCE-CATALOG,全聯官方活動PDF,https://event.pxmart.com.tw/RoyalDoulton/src/assets/0828-0910%E5%8D%B0%E8%8A%B1%E6%B8%85%E5%96%AE.pdf,Phase 2 source coverage；no new exact target match,Sources,Gate3A PX 2020 08/28–09/10 商品條碼清單,,,Phase 2 source coverage；no new exact target match,v0.4-governance-20260912
EV-00139,,,LEGACY_EVIDENCE_LEDGER,,,,,,,SOURCE-CATALOG,全聯官方活動PDF,https://event.pxmart.com.tw/arcos/src/assets/1016-1029%E5%8D%B0%E8%8A%B1%E6%B8%85%E5%96%AE.pdf,Phase 2；TPI-215 exact barcode 4710094112522 repeated hit,Sources,Gate3A PX 2020 10/16–10/29 商品條碼清單,,,Phase 2；TPI-215 exact barcode 4710094112522 repeated hit,v0.4-governance-20260912
EV-00140,,,LEGACY_EVIDENCE_LEDGER,,,,,,,SOURCE-CATALOG,全聯官方活動PDF,https://event.pxmart.com.tw/arcos/src/assets/1030-1119%E5%8D%B0%E8%8A%B1%E6%B8%85%E5%96%AE.pdf,Phase 2 source coverage；15 target-brand searches no hit in this activity list,Sources,Gate3A PX 2020 10/30–11/19 商品條碼清單,,,Phase 2 source coverage；15 target-brand searches no hit in this activity list,v0.4-governance-20260912
EV-00141,,,LEGACY_EVIDENCE_LEDGER,,,,,,,SOURCE-CATALOG,企業官方私人來源,https://shop.muji.tw/muji-journal/news/news/200211.html,TPI-087正常價79來源升級；優惠69排除,Sources,MUJI 2020 official product recommendation,,,TPI-087正常價79來源升級；優惠69排除,v0.4-governance-20260912
EV-00142,,,LEGACY_EVIDENCE_LEDGER,,,,,,,SOURCE-CATALOG,日期明確消費者實價,https://www.ptt.cc/bbs/Instant_Food/M.1587605108.A.F6A.html,TPI-251 primary 2020 observation,Sources,PTT 2020 consumer observation — 7-ELEVEN tea egg,,,TPI-251 primary 2020 observation,v0.4-governance-20260912
EV-00143,,,LEGACY_EVIDENCE_LEDGER,,,,,,,SOURCE-CATALOG,私人媒體／活動頁,https://blog.hamibook.com.tw/hami%E6%9B%B8%E5%9F%8E%E6%AA%94%E6%9C%9F%E6%B4%BB%E5%8B%95/6%E6%9C%88%E7%B0%BD%E5%88%B0%E9%99%90%E9%87%8F%E9%80%817-11%E8%8C%B6%E8%91%89%E8%9B%8B%E3%80%8A%E8%8B%B1%E6%96%87%E5%96%AE%E5%AD%97%E8%AA%9E%E6%BA%90%E5%9C%96%E9%91%91%E3%80%8B,TPI-251 10元交叉佐證；活動條件不作價格,Sources,Hami Book 2020 7-ELEVEN tea egg corroboration,,,TPI-251 10元交叉佐證；活動條件不作價格,v0.4-governance-20260912
EV-00144,,,LEGACY_EVIDENCE_LEDGER,,,,,,,SOURCE-CATALOG,企業官方私人來源,https://shop.muji.tw/muji-journal/news/news/200629.html,TPI-089 fixed-channel 2020 normal price 79,Sources,MUJI 2020 壓邊化妝棉官方頁,,,TPI-089 fixed-channel 2020 normal price 79,v0.4-governance-20260912
EV-00145,,,LEGACY_EVIDENCE_LEDGER,,,,,,,SOURCE-CATALOG,企業官方私人來源,https://shop.muji.tw/muji-journal/news/news/230302.html,TPI-090 provenance反證：系列原價599→790,Sources,MUJI 2023 男牛津布襯衫調價公告,,,TPI-090 provenance反證：系列原價599→790,v0.4-governance-20260912
EV-00146,,,LEGACY_EVIDENCE_LEDGER,,,,,,,SOURCE-CATALOG,企業官方私人來源,https://www.carrefour.com.tw/2020-07-29-2020-09-02-%E7%B7%9A%E4%B8%8A%E6%90%B6%E5%AD%A4-%E7%99%BE%E8%90%AC%E7%B4%85%E5%8C%85%E5%A4%A9%E5%A4%A9%E6%90%B6/,Carrefour legacy online archive foothold 2020/07/29–09/02,Sources,家樂福2020線上搶孤官方legacy頁,,,Carrefour legacy online archive foothold 2020/07/29–09/02,v0.4-governance-20260912
EV-00147,,,LEGACY_EVIDENCE_LEDGER,,,,,,,SOURCE-CATALOG,日期明確消費者實價,https://www.ptt.cc/bbs/Lifeismoney/M.1598437779.A.5C8.html,TPI-150 exact item/fixed-channel promo identity；normal price不可用,Sources,PTT 家樂福買一送一 2020-08-26,,,TPI-150 exact item/fixed-channel promo identity；normal price不可用,v0.4-governance-20260912
EV-00148,,,LEGACY_EVIDENCE_LEDGER,,,,,,,SOURCE-CATALOG,日期明確私人原始圖像,https://pimg.1px.tw/shulong888/1602986192-3277699122-g.jpg,TPI-031 40→30 transcription correction,Sources,50嵐2020竹北正東店原始菜單圖,,,TPI-031 40→30 transcription correction,v0.4-governance-20260912
EV-00149,,,LEGACY_EVIDENCE_LEDGER,,,,,,,SOURCE-CATALOG,日期明確私人菜單,https://mypaper.pchome.com.tw/nowdz41416/post/1380357989,TPI-061–068 historical source/date repair,Sources,PChome個人新聞台 麥當勞2020菜單,,,TPI-061–068 historical source/date repair,v0.4-governance-20260912
EV-00150,,,LEGACY_EVIDENCE_LEDGER,,,,,,,SOURCE-CATALOG,可信私人媒體,https://www.marieclaire.com.tw/lifestyle/whats-hot/47018,TPI-069–078 true 2020 ticket table,Sources,Marie Claire MUVIE 2020票價,,,TPI-069–078 true 2020 ticket table,v0.4-governance-20260912
EV-00151,,,LEGACY_EVIDENCE_LEDGER,,,,,,,SOURCE-CATALOG,日期明確私人菜單索引,https://tpe.twagoda.com/entry/105010616.html,TPI-336/337 date repair,Sources,四海遊龍2020菜單 dated index,,,TPI-336/337 date repair,v0.4-governance-20260912
EV-00152,,,LEGACY_EVIDENCE_LEDGER,,,,,,,SOURCE-CATALOG,企業官方私人來源,https://www.ikea.com.tw/dairyfarm/tw/uploader/pdf/1587452205_618.pdf,TPI-386 official source upgrade,Sources,IKEA Taiwan 2020官方新聞PDF,,,TPI-386 official source upgrade,v0.4-governance-20260912
EV-00153,,,LEGACY_EVIDENCE_LEDGER,,,,,,,SOURCE-CATALOG,日期明確私人媒體,https://tw.news.yahoo.com/%E5%AE%B6%E6%A8%82%E7%A6%8F%E6%9C%89%E6%A9%9F%E8%94%AC%E8%8F%9C%E5%91%A8-%E5%93%81%E5%98%97%E6%9C%80%E4%BD%B3%E5%8F%B0%E8%BE%B2%E7%94%A2%E5%93%81-201026518.html,Carrefour archive/source-discovery; promo-only,Sources,Yahoo 2020家樂福有機蔬菜周,,,Carrefour archive/source-discovery; promo-only,v0.4-governance-20260912
EV-00154,,,LEGACY_EVIDENCE_LEDGER,,,,,,,SOURCE-CATALOG,日期明確私人媒體,https://tw.news.yahoo.com/%E5%88%A5%E5%86%8D%E8%BE%9B%E8%8B%A6%E6%89%BE%E4%BB%A3%E8%B3%BC%E5%AE%B6%E6%A8%82%E7%A6%8F%E5%90%83%E8%B2%A8%E5%BF%85%E6%8E%A8%E6%97%A5%E9%9F%93%E6%AD%90%E7%BE%8E%E9%9B%B6%E9%A3%9F%E5%90%8D%E5%96%AE%E5%85%A8%E9%83%BD%E7%8B%82%E5%97%91%E5%A5%BD%E5%90%83%E5%88%B0%E7%88%86%E5%85%8D%E5%87%BA%E5%9C%8B%E5%9C%A8%E9%80%99%E5%B0%B1%E8%83%BD%E4%B8%80%E6%AC%A1%E8%B2%B7%E9%BD%8A-034821442.html,Carrefour product-source discovery; semantics unverified,Sources,LOOKin/Yahoo 2020家樂福進口零食觀察,,,Carrefour product-source discovery; semantics unverified,v0.4-governance-20260912
EV-00155,,,LEGACY_EVIDENCE_LEDGER,,,,,,,SOURCE-CATALOG,企業官方私人來源,https://shop.muji.tw/muji-journal/news/news/201230-1.html,TPI-082 historical normal price 350,Sources,MUJI 2020熱銷榜－男有機棉天竺圓領短袖T恤,,,TPI-082 historical normal price 350,v0.4-governance-20260912
EV-00156,,,LEGACY_EVIDENCE_LEDGER,,,,,,,SOURCE-CATALOG,企業官方私人來源,https://shop.muji.tw/muji-journal/news/news/200511.html,TPI-083 series-level 350 candidate only；not core,Sources,MUJI 2020夏日減法生活,,,TPI-083 series-level 350 candidate only；not core,v0.4-governance-20260912
EV-00157,,,LEGACY_EVIDENCE_LEDGER,,,,,,,SOURCE-CATALOG,企業官方私人來源,https://shop.muji.tw/muji-journal/news/news/200615.html,TPI-084 different-generation 790 rejection evidence,Sources,MUJI 2020涼夏生活,,,TPI-084 different-generation 790 rejection evidence,v0.4-governance-20260912
EV-00158,,,LEGACY_EVIDENCE_LEDGER,,,,,,,SOURCE-CATALOG,企業官方私人來源,https://www.ikea.com.tw/dairyfarm/tw/uploader/pdf/1602829999_380.pdf,TPI-388 exact product 103.592.01 historical normal price 99,Sources,IKEA Taiwan 2020永續生活官方PDF,,,TPI-388 exact product 103.592.01 historical normal price 99,v0.4-governance-20260912
EV-00159,,,LEGACY_EVIDENCE_LEDGER,,,,,,,SOURCE-CATALOG,日期明確私人菜單,https://oxoxooxoxo.pixnet.net/blog/posts/14218643801,TPI-320 normal menu / unit-normalized 22,Sources,鼎泰豐2020同期菜單－小籠包10顆220,,,TPI-320 normal menu / unit-normalized 22,v0.4-governance-20260912
EV-00160,,,LEGACY_EVIDENCE_LEDGER,,,,,,,SOURCE-CATALOG,日期明確私人菜單,https://achingfoodie.tw/fourdragon/,TPI-338 product-line predecessor normal price,Sources,四海遊龍2020菜單－牛肉麵150,,,TPI-338 product-line predecessor normal price,v0.4-governance-20260912
EV-00161,,,LEGACY_EVIDENCE_LEDGER,,,,,,,SOURCE-CATALOG,日期明確私人門市觀察,https://huablog.tw/coco/,TPI-372 regular item; branch-specific Comp B,Sources,CoCo新竹關新店2020－百香雙響炮L50,,,TPI-372 regular item; branch-specific Comp B,v0.4-governance-20260912
EV-00162,,,LEGACY_EVIDENCE_LEDGER,,,,,,,SOURCE-CATALOG,企業官方私人來源,https://www.muji.tw/muji-journal/news/news/260224.html,Phase4D no-backdating guard for 2026 pre-adjustment prices,Sources,MUJI 2026調價公告,,,Phase4D no-backdating guard for 2026 pre-adjustment prices,v0.4-governance-20260912
EV-00163,,,LEGACY_EVIDENCE_LEDGER,,,,,,,SOURCE-CATALOG,企業官方私人來源,https://shop.muji.tw/muji-journal/news/news/230824.html,TPI-092/093/094 post-2020-line hold evidence,Sources,MUJI 2023再生聚乙烯垃圾袋資料,,,TPI-092/093/094 post-2020-line hold evidence,v0.4-governance-20260912
EV-00164,,,LEGACY_EVIDENCE_LEDGER,,,,,,,SOURCE-CATALOG,日期明確私人整理／KFC引用,https://cpok.tw/2923,TPI-301 normal single-item list price,Sources,KFC 2020優惠頁－咔啦雞腿堡單點原價109,,,TPI-301 normal single-item list price,v0.4-governance-20260912
EV-00165,,,LEGACY_EVIDENCE_LEDGER,,,,,,,SOURCE-CATALOG,日期明確私人菜單／官方圖整理,https://lanshian.pixnet.net/blog/posts/16004183346,TPI-306 normal menu price,Sources,漢堡王2020菜單－中薯45,,,TPI-306 normal menu price,v0.4-governance-20260912
EV-00166,,,LEGACY_EVIDENCE_LEDGER,,,,,,,SOURCE-CATALOG,日期明確私人菜單,https://ikuma.cc/dintaifung-hsinchu/,TPI-322 normal dine-in price,Sources,鼎泰豐2020新竹菜單－蝦肉紅油抄手180,,,TPI-322 normal dine-in price,v0.4-governance-20260912
EV-00167,,,LEGACY_EVIDENCE_LEDGER,,,,,,,SOURCE-CATALOG,日期明確私人門市觀察,https://heidichao.pixnet.net/blog/posts/5068804735,TPI-328 branch normal price,Sources,鬍鬚張2020永吉店菜單－雞肉飯小39,,,TPI-328 branch normal price,v0.4-governance-20260912
EV-00168,,,LEGACY_EVIDENCE_LEDGER,,,,,,,SOURCE-CATALOG,日期明確私人優惠頁,https://goodlife.tw/topics/184059-21%E4%B8%96%E7%B4%80-%E6%AF%8F%E6%9C%8821%E6%97%A5%E7%83%A4%E9%9B%9E%E6%97%A5-21-OFF%E5%84%AA%E6%83%A0,TPI-352 base/list price; discount79 excluded,Sources,21世紀2020烤雞日－香草烤雞腿原價100,,,TPI-352 base/list price; discount79 excluded,v0.4-governance-20260912
EV-00169,,,LEGACY_EVIDENCE_LEDGER,,,,,,,SOURCE-CATALOG,日期明確私人實拍,https://dancebud777.pixnet.net/blog/posts/14204233397,TPI-252 historical normal price,Sources,7-ELEVEN 2020御選肉鬆飯糰28,,,TPI-252 historical normal price,v0.4-governance-20260912
EV-00170,,,LEGACY_EVIDENCE_LEDGER,,,,,,,SOURCE-CATALOG,日期明確PTT商品文,https://www.ptt.cc/bbs/CVS/M.1597837393.A.DF4.html,TPI-266 historical normal price,Sources,7-ELEVEN 2020香蒜白酒蛤蠣義大利麵79,,,TPI-266 historical normal price,v0.4-governance-20260912
EV-00171,,,LEGACY_EVIDENCE_LEDGER,,,,,,,SOURCE-CATALOG,日期明確私人門市菜單,https://pickyeaterr.com/qburger/,TPI-311 historical branch price,Sources,Q Burger 2020南崁福祿店鮪魚蛋餅45,,,TPI-311 historical branch price,v0.4-governance-20260912
EV-00172,,,LEGACY_EVIDENCE_LEDGER,,,,,,,SOURCE-CATALOG,日期明確私人門市菜單,https://ifoodie.tw/post/5f890e4b8c906d0a1d85091f,TPI-357 historical service price,Sources,Mo-Mo-Paradise 2020台南平日午餐單鍋409,,,TPI-357 historical service price,v0.4-governance-20260912
EV-00173,,,LEGACY_EVIDENCE_LEDGER,,,,,,,SOURCE-CATALOG,日期/地址明確私人食記,https://bobbyfun.tw/2020-03-28-1953/,TPI-358 exact-location historical price,Sources,阿宗麵線西門店2020大碗70,,,TPI-358 exact-location historical price,v0.4-governance-20260912
EV-00174,,,LEGACY_EVIDENCE_LEDGER,,,,,,,SOURCE-CATALOG,日期明確私人菜單,https://classic-blog.udn.com/9d6b990b/137965258,TPI-332 final historical normal price,Sources,梁社漢2020最新菜單－燙青菜35,,,TPI-332 final historical normal price,v0.4-governance-20260912
EV-00175,,,LEGACY_EVIDENCE_LEDGER,,,,,,,SOURCE-CATALOG,日期明確會員交易觀察,https://www.ptt.cc/bbs/BeautyBody/M.1608004847.A.4E9.html,TPI-447 exact plan historical price,Sources,健身工廠2020信義廠金卡1288/月,,,TPI-447 exact plan historical price,v0.4-governance-20260912
EV-00176,,,LEGACY_EVIDENCE_LEDGER,,,,,,,SOURCE-CATALOG,日期明確會員交易觀察,https://www.ptt.cc/bbs/Tainan/M.1604494913.A.A4A.html,TPI-451 original monthly price; contract discount excluded,Sources,Curves 2020月費原價1800,,,TPI-451 original monthly price; contract discount excluded,v0.4-governance-20260912
EV-00177,,,LEGACY_EVIDENCE_LEDGER,,,,,,,SOURCE-CATALOG,日期明確社群觀察,https://www.ptt.cc/bbs/PingTung/M.1560158698.A.07E.html,TPI-448 Closest-pre2020,Sources,健身工廠2019潮州單日600,,,TPI-448 Closest-pre2020,v0.4-governance-20260912
EV-00178,,,LEGACY_EVIDENCE_LEDGER,,,,,,,SOURCE-CATALOG,企業官方私人來源,https://www.kfcclub.com.tw/menu?menuId=1,TPI-301 current-source upgrade to A,Sources,KFC官方現行菜單,,,TPI-301 current-source upgrade to A,v0.4-governance-20260912
EV-00179,,,LEGACY_EVIDENCE_LEDGER,,,,,,,SOURCE-CATALOG,日期明確PTT/官方產品URL,https://www.ptt.cc/man/BuyTogether/D8AA/DE11/D4C8/D2C/M.1582158765.A.81E.html,TPI-489 candidate only; basket identity conflict blocks Core,Sources,YouTube Premium家庭方案2020月費269,,,TPI-489 candidate only; basket identity conflict blocks Core,v0.4-governance-20260912
EV-00180,,,LEGACY_EVIDENCE_LEDGER,,,,,,,SOURCE-CATALOG,企業官方私人來源,https://help.uber.com/zh-TW/ubereats/restaurants/article/membership-transition-faq?nodeId=a9096b3f-7fe8-47dd-9748-c6c92c39c3b3,TPI-493 proves Uber One is post-2020 same-service line,Sources,Uber舊會員方案移轉Uber One FAQ,,,TPI-493 proves Uber One is post-2020 same-service line,v0.4-governance-20260912
EV-00181,LEG-EC-227,TPI-001,LEGACY_EVIDENCE_LEDGER,historical,2020,5.5,43848,B,A,Matched,,https://www.4freeapp.com/2019/08/2019_11.html,同名同規格；2020與2026公開菜單。,Source_Ledger_v02,TPI-001|historical,正餐／小吃／早餐,,,v0.4-governance-20260912
EV-00182,LEG-EC-227,TPI-001,LEGACY_EVIDENCE_LEDGER,2026,2026,7,46271,B,A,Matched,,https://dailydietitian.com.tw/%E5%85%AB%E6%96%B9%E9%9B%B2%E9%9B%86%E6%9C%80%E6%96%B0%E8%8F%9C%E5%96%AE%E5%83%B9%E6%A0%BC/,同名同規格；2020與2026公開菜單。,Source_Ledger_v02,TPI-001|2026,正餐／小吃／早餐,,,v0.4-governance-20260912
EV-00183,,TPI-002,LEGACY_EVIDENCE_LEDGER,historical,2020,5.8,43848,B,A,Matched,,https://www.4freeapp.com/2019/08/2019_11.html,同名同規格；2020與2026公開菜單。,Source_Ledger_v02,TPI-002|historical,正餐／小吃／早餐,,,v0.4-governance-20260912
EV-00184,,TPI-002,LEGACY_EVIDENCE_LEDGER,2026,2026,7,46271,B,A,Matched,,https://dailydietitian.com.tw/%E5%85%AB%E6%96%B9%E9%9B%B2%E9%9B%86%E6%9C%80%E6%96%B0%E8%8F%9C%E5%96%AE%E5%83%B9%E6%A0%BC/,同名同規格；2020與2026公開菜單。,Source_Ledger_v02,TPI-002|2026,正餐／小吃／早餐,,,v0.4-governance-20260912
EV-00185,,TPI-003,LEGACY_EVIDENCE_LEDGER,historical,2020,5.8,43848,B,A,Matched,,https://www.4freeapp.com/2019/08/2019_11.html,同名同規格；2020與2026公開菜單。,Source_Ledger_v02,TPI-003|historical,正餐／小吃／早餐,,,v0.4-governance-20260912
EV-00186,,TPI-003,LEGACY_EVIDENCE_LEDGER,2026,2026,7,46271,B,A,Matched,,https://dailydietitian.com.tw/%E5%85%AB%E6%96%B9%E9%9B%B2%E9%9B%86%E6%9C%80%E6%96%B0%E8%8F%9C%E5%96%AE%E5%83%B9%E6%A0%BC/,同名同規格；2020與2026公開菜單。,Source_Ledger_v02,TPI-003|2026,正餐／小吃／早餐,,,v0.4-governance-20260912
EV-00187,,TPI-004,LEGACY_EVIDENCE_LEDGER,historical,2020,5.8,43848,B,A,Matched,,https://www.4freeapp.com/2019/08/2019_11.html,同名同規格；2020與2026公開菜單。,Source_Ledger_v02,TPI-004|historical,正餐／小吃／早餐,,,v0.4-governance-20260912
EV-00188,,TPI-004,LEGACY_EVIDENCE_LEDGER,2026,2026,7,46271,B,A,Matched,,https://dailydietitian.com.tw/%E5%85%AB%E6%96%B9%E9%9B%B2%E9%9B%86%E6%9C%80%E6%96%B0%E8%8F%9C%E5%96%AE%E5%83%B9%E6%A0%BC/,同名同規格；2020與2026公開菜單。,Source_Ledger_v02,TPI-004|2026,正餐／小吃／早餐,,,v0.4-governance-20260912
EV-00189,,TPI-005,LEGACY_EVIDENCE_LEDGER,historical,2020,5.8,43848,B,A,Matched,,https://www.4freeapp.com/2019/08/2019_11.html,同名同規格；2020與2026公開菜單。,Source_Ledger_v02,TPI-005|historical,正餐／小吃／早餐,,,v0.4-governance-20260912
EV-00190,,TPI-005,LEGACY_EVIDENCE_LEDGER,2026,2026,7,46271,B,A,Matched,,https://dailydietitian.com.tw/%E5%85%AB%E6%96%B9%E9%9B%B2%E9%9B%86%E6%9C%80%E6%96%B0%E8%8F%9C%E5%96%AE%E5%83%B9%E6%A0%BC/,同名同規格；2020與2026公開菜單。,Source_Ledger_v02,TPI-005|2026,正餐／小吃／早餐,,,v0.4-governance-20260912
EV-00191,,TPI-006,LEGACY_EVIDENCE_LEDGER,historical,2020,6,43848,B,A,Matched,,https://www.4freeapp.com/2019/08/2019_11.html,同名同規格；2020與2026公開菜單。,Source_Ledger_v02,TPI-006|historical,正餐／小吃／早餐,,,v0.4-governance-20260912
EV-00192,,TPI-006,LEGACY_EVIDENCE_LEDGER,2026,2026,7.5,46271,B,A,Matched,,https://dailydietitian.com.tw/%E5%85%AB%E6%96%B9%E9%9B%B2%E9%9B%86%E6%9C%80%E6%96%B0%E8%8F%9C%E5%96%AE%E5%83%B9%E6%A0%BC/,同名同規格；2020與2026公開菜單。,Source_Ledger_v02,TPI-006|2026,正餐／小吃／早餐,,,v0.4-governance-20260912
EV-00193,LEG-EC-225,TPI-007,LEGACY_EVIDENCE_LEDGER,historical,2020,5.5,43848,B,A,Matched,,https://www.4freeapp.com/2019/08/2019_11.html,同名同規格；2020與2026公開菜單。,Source_Ledger_v02,TPI-007|historical,正餐／小吃／早餐,,,v0.4-governance-20260912
EV-00194,LEG-EC-225,TPI-007,LEGACY_EVIDENCE_LEDGER,2026,2026,7,46271,B,A,Matched,,https://dailydietitian.com.tw/%E5%85%AB%E6%96%B9%E9%9B%B2%E9%9B%86%E6%9C%80%E6%96%B0%E8%8F%9C%E5%96%AE%E5%83%B9%E6%A0%BC/,同名同規格；2020與2026公開菜單。,Source_Ledger_v02,TPI-007|2026,正餐／小吃／早餐,,,v0.4-governance-20260912
EV-00195,,TPI-008,LEGACY_EVIDENCE_LEDGER,historical,2020,5.8,43848,B,A,Matched,,https://www.4freeapp.com/2019/08/2019_11.html,同名同規格；2020與2026公開菜單。,Source_Ledger_v02,TPI-008|historical,正餐／小吃／早餐,,,v0.4-governance-20260912
EV-00196,,TPI-008,LEGACY_EVIDENCE_LEDGER,2026,2026,7,46271,B,A,Matched,,https://dailydietitian.com.tw/%E5%85%AB%E6%96%B9%E9%9B%B2%E9%9B%86%E6%9C%80%E6%96%B0%E8%8F%9C%E5%96%AE%E5%83%B9%E6%A0%BC/,同名同規格；2020與2026公開菜單。,Source_Ledger_v02,TPI-008|2026,正餐／小吃／早餐,,,v0.4-governance-20260912
EV-00197,,TPI-009,LEGACY_EVIDENCE_LEDGER,historical,2020,5.8,43848,B,A,Matched,,https://www.4freeapp.com/2019/08/2019_11.html,同名同規格；2020與2026公開菜單。,Source_Ledger_v02,TPI-009|historical,正餐／小吃／早餐,,,v0.4-governance-20260912
EV-00198,,TPI-009,LEGACY_EVIDENCE_LEDGER,2026,2026,7,46271,B,A,Matched,,https://dailydietitian.com.tw/%E5%85%AB%E6%96%B9%E9%9B%B2%E9%9B%86%E6%9C%80%E6%96%B0%E8%8F%9C%E5%96%AE%E5%83%B9%E6%A0%BC/,同名同規格；2020與2026公開菜單。,Source_Ledger_v02,TPI-009|2026,正餐／小吃／早餐,,,v0.4-governance-20260912
EV-00199,,TPI-010,LEGACY_EVIDENCE_LEDGER,historical,2020,5.8,43848,B,A,Matched,,https://www.4freeapp.com/2019/08/2019_11.html,同名同規格；2020與2026公開菜單。,Source_Ledger_v02,TPI-010|historical,正餐／小吃／早餐,,,v0.4-governance-20260912
EV-00200,,TPI-010,LEGACY_EVIDENCE_LEDGER,2026,2026,7,46271,B,A,Matched,,https://dailydietitian.com.tw/%E5%85%AB%E6%96%B9%E9%9B%B2%E9%9B%86%E6%9C%80%E6%96%B0%E8%8F%9C%E5%96%AE%E5%83%B9%E6%A0%BC/,同名同規格；2020與2026公開菜單。,Source_Ledger_v02,TPI-010|2026,正餐／小吃／早餐,,,v0.4-governance-20260912
EV-00201,,TPI-011,LEGACY_EVIDENCE_LEDGER,historical,2020,5.8,43848,B,A,Matched,,https://www.4freeapp.com/2019/08/2019_11.html,同名同規格；2020與2026公開菜單。,Source_Ledger_v02,TPI-011|historical,正餐／小吃／早餐,,,v0.4-governance-20260912
EV-00202,,TPI-011,LEGACY_EVIDENCE_LEDGER,2026,2026,7,46271,B,A,Matched,,https://dailydietitian.com.tw/%E5%85%AB%E6%96%B9%E9%9B%B2%E9%9B%86%E6%9C%80%E6%96%B0%E8%8F%9C%E5%96%AE%E5%83%B9%E6%A0%BC/,同名同規格；2020與2026公開菜單。,Source_Ledger_v02,TPI-011|2026,正餐／小吃／早餐,,,v0.4-governance-20260912
EV-00203,,TPI-012,LEGACY_EVIDENCE_LEDGER,historical,2020,6,43848,B,A,Matched,,https://www.4freeapp.com/2019/08/2019_11.html,同名同規格；2020與2026公開菜單。,Source_Ledger_v02,TPI-012|historical,正餐／小吃／早餐,,,v0.4-governance-20260912
EV-00204,,TPI-012,LEGACY_EVIDENCE_LEDGER,2026,2026,7.5,46271,B,A,Matched,,https://dailydietitian.com.tw/%E5%85%AB%E6%96%B9%E9%9B%B2%E9%9B%86%E6%9C%80%E6%96%B0%E8%8F%9C%E5%96%AE%E5%83%B9%E6%A0%BC/,同名同規格；2020與2026公開菜單。,Source_Ledger_v02,TPI-012|2026,正餐／小吃／早餐,,,v0.4-governance-20260912
EV-00205,LEG-EC-281,TPI-013,LEGACY_EVIDENCE_LEDGER,historical,2020,8.5,43848,B,A,Matched,,https://www.4freeapp.com/2019/08/2019_11.html,同名同規格；2020與2026公開菜單。,Source_Ledger_v02,TPI-013|historical,正餐／小吃／早餐,,,v0.4-governance-20260912
EV-00206,LEG-EC-281,TPI-013,LEGACY_EVIDENCE_LEDGER,2026,2026,10.5,46271,B,A,Matched,,https://dailydietitian.com.tw/%E5%85%AB%E6%96%B9%E9%9B%B2%E9%9B%86%E6%9C%80%E6%96%B0%E8%8F%9C%E5%96%AE%E5%83%B9%E6%A0%BC/,同名同規格；2020與2026公開菜單。,Source_Ledger_v02,TPI-013|2026,正餐／小吃／早餐,,,v0.4-governance-20260912
EV-00207,LEG-EC-205,TPI-014,LEGACY_EVIDENCE_LEDGER,historical,2020,35,43848,B,A,Matched,,https://www.4freeapp.com/2019/08/2019_11.html,同名同規格；2020與2026公開菜單。,Source_Ledger_v02,TPI-014|historical,正餐／小吃／早餐,,,v0.4-governance-20260912
EV-00208,LEG-EC-205,TPI-014,LEGACY_EVIDENCE_LEDGER,2026,2026,45,46271,B,A,Matched,,https://dailydietitian.com.tw/%E5%85%AB%E6%96%B9%E9%9B%B2%E9%9B%86%E6%9C%80%E6%96%B0%E8%8F%9C%E5%96%AE%E5%83%B9%E6%A0%BC/,同名同規格；2020與2026公開菜單。,Source_Ledger_v02,TPI-014|2026,正餐／小吃／早餐,,,v0.4-governance-20260912
EV-00209,,TPI-015,LEGACY_EVIDENCE_LEDGER,historical,2020,40,43848,B,A,Matched,,https://www.4freeapp.com/2019/08/2019_11.html,同名同規格；2020與2026公開菜單。,Source_Ledger_v02,TPI-015|historical,正餐／小吃／早餐,,,v0.4-governance-20260912
EV-00210,,TPI-015,LEGACY_EVIDENCE_LEDGER,2026,2026,55,46271,B,A,Matched,,https://dailydietitian.com.tw/%E5%85%AB%E6%96%B9%E9%9B%B2%E9%9B%86%E6%9C%80%E6%96%B0%E8%8F%9C%E5%96%AE%E5%83%B9%E6%A0%BC/,同名同規格；2020與2026公開菜單。,Source_Ledger_v02,TPI-015|2026,正餐／小吃／早餐,,,v0.4-governance-20260912
EV-00211,,TPI-016,LEGACY_EVIDENCE_LEDGER,historical,2020,49,43848,B,A,Matched,,https://www.4freeapp.com/2019/08/2019_11.html,同名同規格；2020與2026公開菜單。,Source_Ledger_v02,TPI-016|historical,正餐／小吃／早餐,,,v0.4-governance-20260912
EV-00212,,TPI-016,LEGACY_EVIDENCE_LEDGER,2026,2026,60,46271,B,A,Matched,,https://dailydietitian.com.tw/%E5%85%AB%E6%96%B9%E9%9B%B2%E9%9B%86%E6%9C%80%E6%96%B0%E8%8F%9C%E5%96%AE%E5%83%B9%E6%A0%BC/,同名同規格；2020與2026公開菜單。,Source_Ledger_v02,TPI-016|2026,正餐／小吃／早餐,,,v0.4-governance-20260912
EV-00213,,TPI-017,LEGACY_EVIDENCE_LEDGER,historical,2020,35,43848,B,A,Matched,,https://www.4freeapp.com/2019/08/2019_11.html,同名同規格；2020與2026公開菜單。,Source_Ledger_v02,TPI-017|historical,正餐／小吃／早餐,,,v0.4-governance-20260912
EV-00214,,TPI-017,LEGACY_EVIDENCE_LEDGER,2026,2026,45,46271,B,A,Matched,,https://dailydietitian.com.tw/%E5%85%AB%E6%96%B9%E9%9B%B2%E9%9B%86%E6%9C%80%E6%96%B0%E8%8F%9C%E5%96%AE%E5%83%B9%E6%A0%BC/,同名同規格；2020與2026公開菜單。,Source_Ledger_v02,TPI-017|2026,正餐／小吃／早餐,,,v0.4-governance-20260912
EV-00215,LEG-EC-263,TPI-018,LEGACY_EVIDENCE_LEDGER,historical,2020,55,43848,B,A,Matched,,https://www.4freeapp.com/2019/08/2019_11.html,同名同規格；2020與2026公開菜單。,Source_Ledger_v02,TPI-018|historical,正餐／小吃／早餐,,,v0.4-governance-20260912
EV-00216,LEG-EC-263,TPI-018,LEGACY_EVIDENCE_LEDGER,2026,2026,70,46271,B,A,Matched,,https://dailydietitian.com.tw/%E5%85%AB%E6%96%B9%E9%9B%B2%E9%9B%86%E6%9C%80%E6%96%B0%E8%8F%9C%E5%96%AE%E5%83%B9%E6%A0%BC/,同名同規格；2020與2026公開菜單。,Source_Ledger_v02,TPI-018|2026,正餐／小吃／早餐,,,v0.4-governance-20260912
EV-00217,,TPI-019,LEGACY_EVIDENCE_LEDGER,historical,2020,55,43848,B,A,Matched,,https://www.4freeapp.com/2019/08/2019_11.html,同名同規格；2020與2026公開菜單。,Source_Ledger_v02,TPI-019|historical,正餐／小吃／早餐,,,v0.4-governance-20260912
EV-00218,,TPI-019,LEGACY_EVIDENCE_LEDGER,2026,2026,70,46271,B,A,Matched,,https://dailydietitian.com.tw/%E5%85%AB%E6%96%B9%E9%9B%B2%E9%9B%86%E6%9C%80%E6%96%B0%E8%8F%9C%E5%96%AE%E5%83%B9%E6%A0%BC/,同名同規格；2020與2026公開菜單。,Source_Ledger_v02,TPI-019|2026,正餐／小吃／早餐,,,v0.4-governance-20260912
EV-00219,LEG-EC-254,TPI-020,LEGACY_EVIDENCE_LEDGER,historical,2020,69,43848,B,A,Matched,,https://www.4freeapp.com/2019/08/2019_11.html,同名同規格；2020與2026公開菜單。,Source_Ledger_v02,TPI-020|historical,正餐／小吃／早餐,,,v0.4-governance-20260912
EV-00220,LEG-EC-254,TPI-020,LEGACY_EVIDENCE_LEDGER,2026,2026,80,46271,B,A,Matched,,https://dailydietitian.com.tw/%E5%85%AB%E6%96%B9%E9%9B%B2%E9%9B%86%E6%9C%80%E6%96%B0%E8%8F%9C%E5%96%AE%E5%83%B9%E6%A0%BC/,同名同規格；2020與2026公開菜單。,Source_Ledger_v02,TPI-020|2026,正餐／小吃／早餐,,,v0.4-governance-20260912
EV-00221,,TPI-021,LEGACY_EVIDENCE_LEDGER,historical,2020,69,43848,B,A,Matched,,https://www.4freeapp.com/2019/08/2019_11.html,同名同規格；2020與2026公開菜單。,Source_Ledger_v02,TPI-021|historical,正餐／小吃／早餐,,,v0.4-governance-20260912
EV-00222,,TPI-021,LEGACY_EVIDENCE_LEDGER,2026,2026,80,46271,B,A,Matched,,https://dailydietitian.com.tw/%E5%85%AB%E6%96%B9%E9%9B%B2%E9%9B%86%E6%9C%80%E6%96%B0%E8%8F%9C%E5%96%AE%E5%83%B9%E6%A0%BC/,同名同規格；2020與2026公開菜單。,Source_Ledger_v02,TPI-021|2026,正餐／小吃／早餐,,,v0.4-governance-20260912
EV-00223,,TPI-022,LEGACY_EVIDENCE_LEDGER,historical,2020,69,43848,B,A,Matched,,https://www.4freeapp.com/2019/08/2019_11.html,同名同規格；2020與2026公開菜單。,Source_Ledger_v02,TPI-022|historical,正餐／小吃／早餐,,,v0.4-governance-20260912
EV-00224,,TPI-022,LEGACY_EVIDENCE_LEDGER,2026,2026,80,46271,B,A,Matched,,https://dailydietitian.com.tw/%E5%85%AB%E6%96%B9%E9%9B%B2%E9%9B%86%E6%9C%80%E6%96%B0%E8%8F%9C%E5%96%AE%E5%83%B9%E6%A0%BC/,同名同規格；2020與2026公開菜單。,Source_Ledger_v02,TPI-022|2026,正餐／小吃／早餐,,,v0.4-governance-20260912
EV-00225,,TPI-023,LEGACY_EVIDENCE_LEDGER,historical,2020,79,43848,B,A,Matched,,https://www.4freeapp.com/2019/08/2019_11.html,同名同規格；2020與2026公開菜單。,Source_Ledger_v02,TPI-023|historical,正餐／小吃／早餐,,,v0.4-governance-20260912
EV-00226,,TPI-023,LEGACY_EVIDENCE_LEDGER,2026,2026,90,46271,B,A,Matched,,https://dailydietitian.com.tw/%E5%85%AB%E6%96%B9%E9%9B%B2%E9%9B%86%E6%9C%80%E6%96%B0%E8%8F%9C%E5%96%AE%E5%83%B9%E6%A0%BC/,同名同規格；2020與2026公開菜單。,Source_Ledger_v02,TPI-023|2026,正餐／小吃／早餐,,,v0.4-governance-20260912
EV-00227,LEG-EC-109,TPI-024,LEGACY_EVIDENCE_LEDGER,historical,2020,25,44122,C,B,Matched,,https://shulong888.pixnet.net/blog/posts/10353087695,2020-10-18具日期50嵐菜單；2026採中區菜單。2020來源未明確標示區域，R=B。,Source_Ledger_v02,TPI-024|historical,咖啡／手搖飲,,,v0.4-governance-20260912
EV-00228,LEG-EC-109,TPI-024,LEGACY_EVIDENCE_LEDGER,2026,2026,30,46254,B,B,Matched,,https://dailydietitian.com.tw/50%E5%B5%90%E5%8C%97%E4%B8%AD%E5%8D%97%E8%8F%9C%E5%96%AE%E5%83%B9%E6%A0%BC-%E6%96%B0%E5%93%81%E6%83%85%E5%A0%B1-%E5%84%AA%E6%83%A0%E5%BF%AB%E8%A8%8A/,2020-10-18具日期50嵐菜單；2026採中區菜單。2020來源未明確標示區域，R=B。,Source_Ledger_v02,TPI-024|2026,咖啡／手搖飲,,,v0.4-governance-20260912
EV-00229,LEG-EC-108,TPI-025,LEGACY_EVIDENCE_LEDGER,historical,2020,30,44122,C,B,Matched,,https://shulong888.pixnet.net/blog/posts/10353087695,2020-10-18具日期50嵐菜單；2026採中區菜單。2020來源未明確標示區域，R=B。,Source_Ledger_v02,TPI-025|historical,咖啡／手搖飲,,,v0.4-governance-20260912
EV-00230,LEG-EC-108,TPI-025,LEGACY_EVIDENCE_LEDGER,2026,2026,35,46254,B,B,Matched,,https://dailydietitian.com.tw/50%E5%B5%90%E5%8C%97%E4%B8%AD%E5%8D%97%E8%8F%9C%E5%96%AE%E5%83%B9%E6%A0%BC-%E6%96%B0%E5%93%81%E6%83%85%E5%A0%B1-%E5%84%AA%E6%83%A0%E5%BF%AB%E8%A8%8A/,2020-10-18具日期50嵐菜單；2026採中區菜單。2020來源未明確標示區域，R=B。,Source_Ledger_v02,TPI-025|2026,咖啡／手搖飲,,,v0.4-governance-20260912
EV-00231,LEG-EC-113,TPI-026,LEGACY_EVIDENCE_LEDGER,historical,2020,25,44122,C,B,Matched,,https://shulong888.pixnet.net/blog/posts/10353087695,2020-10-18具日期50嵐菜單；2026採中區菜單。2020來源未明確標示區域，R=B。,Source_Ledger_v02,TPI-026|historical,咖啡／手搖飲,,,v0.4-governance-20260912
EV-00232,LEG-EC-113,TPI-026,LEGACY_EVIDENCE_LEDGER,2026,2026,30,46254,B,B,Matched,,https://dailydietitian.com.tw/50%E5%B5%90%E5%8C%97%E4%B8%AD%E5%8D%97%E8%8F%9C%E5%96%AE%E5%83%B9%E6%A0%BC-%E6%96%B0%E5%93%81%E6%83%85%E5%A0%B1-%E5%84%AA%E6%83%A0%E5%BF%AB%E8%A8%8A/,2020-10-18具日期50嵐菜單；2026採中區菜單。2020來源未明確標示區域，R=B。,Source_Ledger_v02,TPI-026|2026,咖啡／手搖飲,,,v0.4-governance-20260912
EV-00233,LEG-EC-112,TPI-027,LEGACY_EVIDENCE_LEDGER,historical,2020,30,44122,C,B,Matched,,https://shulong888.pixnet.net/blog/posts/10353087695,2020-10-18具日期50嵐菜單；2026採中區菜單。2020來源未明確標示區域，R=B。,Source_Ledger_v02,TPI-027|historical,咖啡／手搖飲,,,v0.4-governance-20260912
EV-00234,LEG-EC-112,TPI-027,LEGACY_EVIDENCE_LEDGER,2026,2026,35,46254,B,B,Matched,,https://dailydietitian.com.tw/50%E5%B5%90%E5%8C%97%E4%B8%AD%E5%8D%97%E8%8F%9C%E5%96%AE%E5%83%B9%E6%A0%BC-%E6%96%B0%E5%93%81%E6%83%85%E5%A0%B1-%E5%84%AA%E6%83%A0%E5%BF%AB%E8%A8%8A/,2020-10-18具日期50嵐菜單；2026採中區菜單。2020來源未明確標示區域，R=B。,Source_Ledger_v02,TPI-027|2026,咖啡／手搖飲,,,v0.4-governance-20260912
EV-00235,LEG-EC-084,TPI-028,LEGACY_EVIDENCE_LEDGER,historical,2020,25,44122,C,B,Matched,,https://shulong888.pixnet.net/blog/posts/10353087695,2020-10-18具日期50嵐菜單；2026採中區菜單。2020來源未明確標示區域，R=B。,Source_Ledger_v02,TPI-028|historical,咖啡／手搖飲,,,v0.4-governance-20260912
EV-00236,LEG-EC-084,TPI-028,LEGACY_EVIDENCE_LEDGER,2026,2026,30,46254,B,B,Matched,,https://dailydietitian.com.tw/50%E5%B5%90%E5%8C%97%E4%B8%AD%E5%8D%97%E8%8F%9C%E5%96%AE%E5%83%B9%E6%A0%BC-%E6%96%B0%E5%93%81%E6%83%85%E5%A0%B1-%E5%84%AA%E6%83%A0%E5%BF%AB%E8%A8%8A/,2020-10-18具日期50嵐菜單；2026採中區菜單。2020來源未明確標示區域，R=B。,Source_Ledger_v02,TPI-028|2026,咖啡／手搖飲,,,v0.4-governance-20260912
EV-00237,LEG-EC-083,TPI-029,LEGACY_EVIDENCE_LEDGER,historical,2020,30,44122,C,B,Matched,,https://shulong888.pixnet.net/blog/posts/10353087695,2020-10-18具日期50嵐菜單；2026採中區菜單。2020來源未明確標示區域，R=B。,Source_Ledger_v02,TPI-029|historical,咖啡／手搖飲,,,v0.4-governance-20260912
EV-00238,LEG-EC-083,TPI-029,LEGACY_EVIDENCE_LEDGER,2026,2026,35,46254,B,B,Matched,,https://dailydietitian.com.tw/50%E5%B5%90%E5%8C%97%E4%B8%AD%E5%8D%97%E8%8F%9C%E5%96%AE%E5%83%B9%E6%A0%BC-%E6%96%B0%E5%93%81%E6%83%85%E5%A0%B1-%E5%84%AA%E6%83%A0%E5%BF%AB%E8%A8%8A/,2020-10-18具日期50嵐菜單；2026採中區菜單。2020來源未明確標示區域，R=B。,Source_Ledger_v02,TPI-029|2026,咖啡／手搖飲,,,v0.4-governance-20260912
EV-00239,LEG-EC-115,TPI-030,LEGACY_EVIDENCE_LEDGER,historical,2020,25,44122,C,B,Matched,,https://shulong888.pixnet.net/blog/posts/10353087695,2020-10-18具日期50嵐菜單；2026採中區菜單。2020來源未明確標示區域，R=B。,Source_Ledger_v02,TPI-030|historical,咖啡／手搖飲,,,v0.4-governance-20260912
EV-00240,LEG-EC-115,TPI-030,LEGACY_EVIDENCE_LEDGER,2026,2026,30,46254,B,B,Matched,,https://dailydietitian.com.tw/50%E5%B5%90%E5%8C%97%E4%B8%AD%E5%8D%97%E8%8F%9C%E5%96%AE%E5%83%B9%E6%A0%BC-%E6%96%B0%E5%93%81%E6%83%85%E5%A0%B1-%E5%84%AA%E6%83%A0%E5%BF%AB%E8%A8%8A/,2020-10-18具日期50嵐菜單；2026採中區菜單。2020來源未明確標示區域，R=B。,Source_Ledger_v02,TPI-030|2026,咖啡／手搖飲,,,v0.4-governance-20260912
EV-00241,LEG-EC-114,TPI-031,LEGACY_EVIDENCE_LEDGER,historical,2020,40,44122,C,B,Matched,,https://shulong888.pixnet.net/blog/posts/10353087695,2020-10-18具日期50嵐菜單；2026採中區菜單。2020來源未明確標示區域，R=B。,Source_Ledger_v02,TPI-031|historical,咖啡／手搖飲,,,v0.4-governance-20260912
EV-00242,LEG-EC-114,TPI-031,LEGACY_EVIDENCE_LEDGER,2026,2026,35,46254,B,B,Matched,,https://dailydietitian.com.tw/50%E5%B5%90%E5%8C%97%E4%B8%AD%E5%8D%97%E8%8F%9C%E5%96%AE%E5%83%B9%E6%A0%BC-%E6%96%B0%E5%93%81%E6%83%85%E5%A0%B1-%E5%84%AA%E6%83%A0%E5%BF%AB%E8%A8%8A/,2020-10-18具日期50嵐菜單；2026採中區菜單。2020來源未明確標示區域，R=B。,Source_Ledger_v02,TPI-031|2026,咖啡／手搖飲,,,v0.4-governance-20260912
EV-00243,LEG-EC-095,TPI-032,LEGACY_EVIDENCE_LEDGER,historical,2020,35,44122,C,B,Matched,,https://shulong888.pixnet.net/blog/posts/10353087695,2020-10-18具日期50嵐菜單；2026採中區菜單。2020來源未明確標示區域，R=B。,Source_Ledger_v02,TPI-032|historical,咖啡／手搖飲,,,v0.4-governance-20260912
EV-00244,LEG-EC-095,TPI-032,LEGACY_EVIDENCE_LEDGER,2026,2026,40,46254,B,B,Matched,,https://dailydietitian.com.tw/50%E5%B5%90%E5%8C%97%E4%B8%AD%E5%8D%97%E8%8F%9C%E5%96%AE%E5%83%B9%E6%A0%BC-%E6%96%B0%E5%93%81%E6%83%85%E5%A0%B1-%E5%84%AA%E6%83%A0%E5%BF%AB%E8%A8%8A/,2020-10-18具日期50嵐菜單；2026採中區菜單。2020來源未明確標示區域，R=B。,Source_Ledger_v02,TPI-032|2026,咖啡／手搖飲,,,v0.4-governance-20260912
EV-00245,LEG-EC-094,TPI-033,LEGACY_EVIDENCE_LEDGER,historical,2020,50,44122,C,B,Matched,,https://shulong888.pixnet.net/blog/posts/10353087695,2020-10-18具日期50嵐菜單；2026採中區菜單。2020來源未明確標示區域，R=B。,Source_Ledger_v02,TPI-033|historical,咖啡／手搖飲,,,v0.4-governance-20260912
EV-00246,LEG-EC-094,TPI-033,LEGACY_EVIDENCE_LEDGER,2026,2026,55,46254,B,B,Matched,,https://dailydietitian.com.tw/50%E5%B5%90%E5%8C%97%E4%B8%AD%E5%8D%97%E8%8F%9C%E5%96%AE%E5%83%B9%E6%A0%BC-%E6%96%B0%E5%93%81%E6%83%85%E5%A0%B1-%E5%84%AA%E6%83%A0%E5%BF%AB%E8%A8%8A/,2020-10-18具日期50嵐菜單；2026採中區菜單。2020來源未明確標示區域，R=B。,Source_Ledger_v02,TPI-033|2026,咖啡／手搖飲,,,v0.4-governance-20260912
EV-00247,LEG-EC-093,TPI-034,LEGACY_EVIDENCE_LEDGER,historical,2020,35,44122,C,B,Matched,,https://shulong888.pixnet.net/blog/posts/10353087695,2020-10-18具日期50嵐菜單；2026採中區菜單。2020來源未明確標示區域，R=B。,Source_Ledger_v02,TPI-034|historical,咖啡／手搖飲,,,v0.4-governance-20260912
EV-00248,LEG-EC-093,TPI-034,LEGACY_EVIDENCE_LEDGER,2026,2026,40,46254,B,B,Matched,,https://dailydietitian.com.tw/50%E5%B5%90%E5%8C%97%E4%B8%AD%E5%8D%97%E8%8F%9C%E5%96%AE%E5%83%B9%E6%A0%BC-%E6%96%B0%E5%93%81%E6%83%85%E5%A0%B1-%E5%84%AA%E6%83%A0%E5%BF%AB%E8%A8%8A/,2020-10-18具日期50嵐菜單；2026採中區菜單。2020來源未明確標示區域，R=B。,Source_Ledger_v02,TPI-034|2026,咖啡／手搖飲,,,v0.4-governance-20260912
EV-00249,LEG-EC-092,TPI-035,LEGACY_EVIDENCE_LEDGER,historical,2020,50,44122,C,B,Matched,,https://shulong888.pixnet.net/blog/posts/10353087695,2020-10-18具日期50嵐菜單；2026採中區菜單。2020來源未明確標示區域，R=B。,Source_Ledger_v02,TPI-035|historical,咖啡／手搖飲,,,v0.4-governance-20260912
EV-00250,LEG-EC-092,TPI-035,LEGACY_EVIDENCE_LEDGER,2026,2026,55,46254,B,B,Matched,,https://dailydietitian.com.tw/50%E5%B5%90%E5%8C%97%E4%B8%AD%E5%8D%97%E8%8F%9C%E5%96%AE%E5%83%B9%E6%A0%BC-%E6%96%B0%E5%93%81%E6%83%85%E5%A0%B1-%E5%84%AA%E6%83%A0%E5%BF%AB%E8%A8%8A/,2020-10-18具日期50嵐菜單；2026採中區菜單。2020來源未明確標示區域，R=B。,Source_Ledger_v02,TPI-035|2026,咖啡／手搖飲,,,v0.4-governance-20260912
EV-00251,LEG-EC-078,TPI-036,LEGACY_EVIDENCE_LEDGER,historical,2020,35,44122,C,B,Matched,,https://shulong888.pixnet.net/blog/posts/10353087695,2020-10-18具日期50嵐菜單；2026採中區菜單。2020來源未明確標示區域，R=B。,Source_Ledger_v02,TPI-036|historical,咖啡／手搖飲,,,v0.4-governance-20260912
EV-00252,LEG-EC-078,TPI-036,LEGACY_EVIDENCE_LEDGER,2026,2026,40,46254,B,B,Matched,,https://dailydietitian.com.tw/50%E5%B5%90%E5%8C%97%E4%B8%AD%E5%8D%97%E8%8F%9C%E5%96%AE%E5%83%B9%E6%A0%BC-%E6%96%B0%E5%93%81%E6%83%85%E5%A0%B1-%E5%84%AA%E6%83%A0%E5%BF%AB%E8%A8%8A/,2020-10-18具日期50嵐菜單；2026採中區菜單。2020來源未明確標示區域，R=B。,Source_Ledger_v02,TPI-036|2026,咖啡／手搖飲,,,v0.4-governance-20260912
EV-00253,LEG-EC-077,TPI-037,LEGACY_EVIDENCE_LEDGER,historical,2020,50,44122,C,B,Matched,,https://shulong888.pixnet.net/blog/posts/10353087695,2020-10-18具日期50嵐菜單；2026採中區菜單。2020來源未明確標示區域，R=B。,Source_Ledger_v02,TPI-037|historical,咖啡／手搖飲,,,v0.4-governance-20260912
EV-00254,LEG-EC-077,TPI-037,LEGACY_EVIDENCE_LEDGER,2026,2026,55,46254,B,B,Matched,,https://dailydietitian.com.tw/50%E5%B5%90%E5%8C%97%E4%B8%AD%E5%8D%97%E8%8F%9C%E5%96%AE%E5%83%B9%E6%A0%BC-%E6%96%B0%E5%93%81%E6%83%85%E5%A0%B1-%E5%84%AA%E6%83%A0%E5%BF%AB%E8%A8%8A/,2020-10-18具日期50嵐菜單；2026採中區菜單。2020來源未明確標示區域，R=B。,Source_Ledger_v02,TPI-037|2026,咖啡／手搖飲,,,v0.4-governance-20260912
EV-00255,LEG-EC-080,TPI-038,LEGACY_EVIDENCE_LEDGER,historical,2020,35,44122,C,B,Matched,,https://shulong888.pixnet.net/blog/posts/10353087695,2020-10-18具日期50嵐菜單；2026採中區菜單。2020來源未明確標示區域，R=B。,Source_Ledger_v02,TPI-038|historical,咖啡／手搖飲,,,v0.4-governance-20260912
EV-00256,LEG-EC-080,TPI-038,LEGACY_EVIDENCE_LEDGER,2026,2026,40,46254,B,B,Matched,,https://dailydietitian.com.tw/50%E5%B5%90%E5%8C%97%E4%B8%AD%E5%8D%97%E8%8F%9C%E5%96%AE%E5%83%B9%E6%A0%BC-%E6%96%B0%E5%93%81%E6%83%85%E5%A0%B1-%E5%84%AA%E6%83%A0%E5%BF%AB%E8%A8%8A/,2020-10-18具日期50嵐菜單；2026採中區菜單。2020來源未明確標示區域，R=B。,Source_Ledger_v02,TPI-038|2026,咖啡／手搖飲,,,v0.4-governance-20260912
EV-00257,LEG-EC-079,TPI-039,LEGACY_EVIDENCE_LEDGER,historical,2020,50,44122,C,B,Matched,,https://shulong888.pixnet.net/blog/posts/10353087695,2020-10-18具日期50嵐菜單；2026採中區菜單。2020來源未明確標示區域，R=B。,Source_Ledger_v02,TPI-039|historical,咖啡／手搖飲,,,v0.4-governance-20260912
EV-00258,LEG-EC-079,TPI-039,LEGACY_EVIDENCE_LEDGER,2026,2026,55,46254,B,B,Matched,,https://dailydietitian.com.tw/50%E5%B5%90%E5%8C%97%E4%B8%AD%E5%8D%97%E8%8F%9C%E5%96%AE%E5%83%B9%E6%A0%BC-%E6%96%B0%E5%93%81%E6%83%85%E5%A0%B1-%E5%84%AA%E6%83%A0%E5%BF%AB%E8%A8%8A/,2020-10-18具日期50嵐菜單；2026採中區菜單。2020來源未明確標示區域，R=B。,Source_Ledger_v02,TPI-039|2026,咖啡／手搖飲,,,v0.4-governance-20260912
EV-00259,LEG-EC-088,TPI-040,LEGACY_EVIDENCE_LEDGER,historical,2020,35,44122,C,B,Matched,,https://shulong888.pixnet.net/blog/posts/10353087695,2020-10-18具日期50嵐菜單；2026採中區菜單。2020來源未明確標示區域，R=B。,Source_Ledger_v02,TPI-040|historical,咖啡／手搖飲,,,v0.4-governance-20260912
EV-00260,LEG-EC-088,TPI-040,LEGACY_EVIDENCE_LEDGER,2026,2026,40,46254,B,B,Matched,,https://dailydietitian.com.tw/50%E5%B5%90%E5%8C%97%E4%B8%AD%E5%8D%97%E8%8F%9C%E5%96%AE%E5%83%B9%E6%A0%BC-%E6%96%B0%E5%93%81%E6%83%85%E5%A0%B1-%E5%84%AA%E6%83%A0%E5%BF%AB%E8%A8%8A/,2020-10-18具日期50嵐菜單；2026採中區菜單。2020來源未明確標示區域，R=B。,Source_Ledger_v02,TPI-040|2026,咖啡／手搖飲,,,v0.4-governance-20260912
EV-00261,LEG-EC-087,TPI-041,LEGACY_EVIDENCE_LEDGER,historical,2020,50,44122,C,B,Matched,,https://shulong888.pixnet.net/blog/posts/10353087695,2020-10-18具日期50嵐菜單；2026採中區菜單。2020來源未明確標示區域，R=B。,Source_Ledger_v02,TPI-041|historical,咖啡／手搖飲,,,v0.4-governance-20260912
EV-00262,LEG-EC-087,TPI-041,LEGACY_EVIDENCE_LEDGER,2026,2026,55,46254,B,B,Matched,,https://dailydietitian.com.tw/50%E5%B5%90%E5%8C%97%E4%B8%AD%E5%8D%97%E8%8F%9C%E5%96%AE%E5%83%B9%E6%A0%BC-%E6%96%B0%E5%93%81%E6%83%85%E5%A0%B1-%E5%84%AA%E6%83%A0%E5%BF%AB%E8%A8%8A/,2020-10-18具日期50嵐菜單；2026採中區菜單。2020來源未明確標示區域，R=B。,Source_Ledger_v02,TPI-041|2026,咖啡／手搖飲,,,v0.4-governance-20260912
EV-00263,LEG-EC-086,TPI-042,LEGACY_EVIDENCE_LEDGER,historical,2020,35,44122,C,B,Matched,,https://shulong888.pixnet.net/blog/posts/10353087695,2020-10-18具日期50嵐菜單；2026採中區菜單。2020來源未明確標示區域，R=B。,Source_Ledger_v02,TPI-042|historical,咖啡／手搖飲,,,v0.4-governance-20260912
EV-00264,LEG-EC-086,TPI-042,LEGACY_EVIDENCE_LEDGER,2026,2026,40,46254,B,B,Matched,,https://dailydietitian.com.tw/50%E5%B5%90%E5%8C%97%E4%B8%AD%E5%8D%97%E8%8F%9C%E5%96%AE%E5%83%B9%E6%A0%BC-%E6%96%B0%E5%93%81%E6%83%85%E5%A0%B1-%E5%84%AA%E6%83%A0%E5%BF%AB%E8%A8%8A/,2020-10-18具日期50嵐菜單；2026採中區菜單。2020來源未明確標示區域，R=B。,Source_Ledger_v02,TPI-042|2026,咖啡／手搖飲,,,v0.4-governance-20260912
EV-00265,LEG-EC-085,TPI-043,LEGACY_EVIDENCE_LEDGER,historical,2020,50,44122,C,B,Matched,,https://shulong888.pixnet.net/blog/posts/10353087695,2020-10-18具日期50嵐菜單；2026採中區菜單。2020來源未明確標示區域，R=B。,Source_Ledger_v02,TPI-043|historical,咖啡／手搖飲,,,v0.4-governance-20260912
EV-00266,LEG-EC-085,TPI-043,LEGACY_EVIDENCE_LEDGER,2026,2026,55,46254,B,B,Matched,,https://dailydietitian.com.tw/50%E5%B5%90%E5%8C%97%E4%B8%AD%E5%8D%97%E8%8F%9C%E5%96%AE%E5%83%B9%E6%A0%BC-%E6%96%B0%E5%93%81%E6%83%85%E5%A0%B1-%E5%84%AA%E6%83%A0%E5%BF%AB%E8%A8%8A/,2020-10-18具日期50嵐菜單；2026採中區菜單。2020來源未明確標示區域，R=B。,Source_Ledger_v02,TPI-043|2026,咖啡／手搖飲,,,v0.4-governance-20260912
EV-00267,LEG-EC-100,TPI-044,LEGACY_EVIDENCE_LEDGER,historical,2020,35,44122,C,B,Matched,,https://shulong888.pixnet.net/blog/posts/10353087695,2020-10-18具日期50嵐菜單；2026採中區菜單。2020來源未明確標示區域，R=B。,Source_Ledger_v02,TPI-044|historical,咖啡／手搖飲,,,v0.4-governance-20260912
EV-00268,LEG-EC-100,TPI-044,LEGACY_EVIDENCE_LEDGER,2026,2026,40,46254,B,B,Matched,,https://dailydietitian.com.tw/50%E5%B5%90%E5%8C%97%E4%B8%AD%E5%8D%97%E8%8F%9C%E5%96%AE%E5%83%B9%E6%A0%BC-%E6%96%B0%E5%93%81%E6%83%85%E5%A0%B1-%E5%84%AA%E6%83%A0%E5%BF%AB%E8%A8%8A/,2020-10-18具日期50嵐菜單；2026採中區菜單。2020來源未明確標示區域，R=B。,Source_Ledger_v02,TPI-044|2026,咖啡／手搖飲,,,v0.4-governance-20260912
EV-00269,LEG-EC-099,TPI-045,LEGACY_EVIDENCE_LEDGER,historical,2020,50,44122,C,B,Matched,,https://shulong888.pixnet.net/blog/posts/10353087695,2020-10-18具日期50嵐菜單；2026採中區菜單。2020來源未明確標示區域，R=B。,Source_Ledger_v02,TPI-045|historical,咖啡／手搖飲,,,v0.4-governance-20260912
EV-00270,LEG-EC-099,TPI-045,LEGACY_EVIDENCE_LEDGER,2026,2026,55,46254,B,B,Matched,,https://dailydietitian.com.tw/50%E5%B5%90%E5%8C%97%E4%B8%AD%E5%8D%97%E8%8F%9C%E5%96%AE%E5%83%B9%E6%A0%BC-%E6%96%B0%E5%93%81%E6%83%85%E5%A0%B1-%E5%84%AA%E6%83%A0%E5%BF%AB%E8%A8%8A/,2020-10-18具日期50嵐菜單；2026採中區菜單。2020來源未明確標示區域，R=B。,Source_Ledger_v02,TPI-045|2026,咖啡／手搖飲,,,v0.4-governance-20260912
EV-00271,LEG-EC-098,TPI-046,LEGACY_EVIDENCE_LEDGER,historical,2020,35,44122,C,B,Matched,,https://shulong888.pixnet.net/blog/posts/10353087695,2020-10-18具日期50嵐菜單；2026採中區菜單。2020來源未明確標示區域，R=B。,Source_Ledger_v02,TPI-046|historical,咖啡／手搖飲,,,v0.4-governance-20260912
EV-00272,LEG-EC-098,TPI-046,LEGACY_EVIDENCE_LEDGER,2026,2026,40,46254,B,B,Matched,,https://dailydietitian.com.tw/50%E5%B5%90%E5%8C%97%E4%B8%AD%E5%8D%97%E8%8F%9C%E5%96%AE%E5%83%B9%E6%A0%BC-%E6%96%B0%E5%93%81%E6%83%85%E5%A0%B1-%E5%84%AA%E6%83%A0%E5%BF%AB%E8%A8%8A/,2020-10-18具日期50嵐菜單；2026採中區菜單。2020來源未明確標示區域，R=B。,Source_Ledger_v02,TPI-046|2026,咖啡／手搖飲,,,v0.4-governance-20260912
EV-00273,LEG-EC-097,TPI-047,LEGACY_EVIDENCE_LEDGER,historical,2020,50,44122,C,B,Matched,,https://shulong888.pixnet.net/blog/posts/10353087695,2020-10-18具日期50嵐菜單；2026採中區菜單。2020來源未明確標示區域，R=B。,Source_Ledger_v02,TPI-047|historical,咖啡／手搖飲,,,v0.4-governance-20260912
EV-00274,LEG-EC-097,TPI-047,LEGACY_EVIDENCE_LEDGER,2026,2026,55,46254,B,B,Matched,,https://dailydietitian.com.tw/50%E5%B5%90%E5%8C%97%E4%B8%AD%E5%8D%97%E8%8F%9C%E5%96%AE%E5%83%B9%E6%A0%BC-%E6%96%B0%E5%93%81%E6%83%85%E5%A0%B1-%E5%84%AA%E6%83%A0%E5%BF%AB%E8%A8%8A/,2020-10-18具日期50嵐菜單；2026採中區菜單。2020來源未明確標示區域，R=B。,Source_Ledger_v02,TPI-047|2026,咖啡／手搖飲,,,v0.4-governance-20260912
EV-00275,LEG-EC-230,TPI-048,LEGACY_EVIDENCE_LEDGER,historical,2019,70,43488,C,B,Matched,,https://yoti.life/mos-menu/,舊頁標題含2020但內文註明常態價源自2018；不列Exact-2020。,Source_Ledger_v02,TPI-048|historical,正餐／小吃／早餐,,,v0.4-governance-20260912
EV-00276,LEG-EC-230,TPI-048,LEGACY_EVIDENCE_LEDGER,2026,2026,70,46274,A,B,Matched,,https://www.mos.com.tw/menu/set.aspx,舊頁標題含2020但內文註明常態價源自2018；不列Exact-2020。,Source_Ledger_v02,TPI-048|2026,正餐／小吃／早餐,,,v0.4-governance-20260912
EV-00277,,TPI-049,LEGACY_EVIDENCE_LEDGER,historical,2019,75,43488,C,B,Matched,,https://yoti.life/mos-menu/,舊頁標題含2020但內文註明常態價源自2018；不列Exact-2020。,Source_Ledger_v02,TPI-049|historical,正餐／小吃／早餐,,,v0.4-governance-20260912
EV-00278,,TPI-049,LEGACY_EVIDENCE_LEDGER,2026,2026,75,46274,A,B,Matched,,https://www.mos.com.tw/menu/set.aspx,舊頁標題含2020但內文註明常態價源自2018；不列Exact-2020。,Source_Ledger_v02,TPI-049|2026,正餐／小吃／早餐,,,v0.4-governance-20260912
EV-00279,LEG-EC-257,TPI-050,LEGACY_EVIDENCE_LEDGER,historical,2019,70,43488,C,B,Matched,,https://yoti.life/mos-menu/,舊頁標題含2020但內文註明常態價源自2018；不列Exact-2020。,Source_Ledger_v02,TPI-050|historical,正餐／小吃／早餐,,,v0.4-governance-20260912
EV-00280,LEG-EC-257,TPI-050,LEGACY_EVIDENCE_LEDGER,2026,2026,70,46274,A,B,Matched,,https://www.mos.com.tw/menu/set.aspx,舊頁標題含2020但內文註明常態價源自2018；不列Exact-2020。,Source_Ledger_v02,TPI-050|2026,正餐／小吃／早餐,,,v0.4-governance-20260912
EV-00281,,TPI-051,LEGACY_EVIDENCE_LEDGER,historical,2019,75,43488,C,B,Matched,,https://yoti.life/mos-menu/,舊頁標題含2020但內文註明常態價源自2018；不列Exact-2020。,Source_Ledger_v02,TPI-051|historical,正餐／小吃／早餐,,,v0.4-governance-20260912
EV-00282,,TPI-051,LEGACY_EVIDENCE_LEDGER,2026,2026,75,46274,A,B,Matched,,https://www.mos.com.tw/menu/set.aspx,舊頁標題含2020但內文註明常態價源自2018；不列Exact-2020。,Source_Ledger_v02,TPI-051|2026,正餐／小吃／早餐,,,v0.4-governance-20260912
EV-00283,,TPI-052,LEGACY_EVIDENCE_LEDGER,historical,2019,70,43488,C,B,Matched,,https://yoti.life/mos-menu/,舊頁標題含2020但內文註明常態價源自2018；不列Exact-2020。,Source_Ledger_v02,TPI-052|historical,正餐／小吃／早餐,,,v0.4-governance-20260912
EV-00284,,TPI-052,LEGACY_EVIDENCE_LEDGER,2026,2026,70,46274,A,B,Matched,,https://www.mos.com.tw/menu/set.aspx,舊頁標題含2020但內文註明常態價源自2018；不列Exact-2020。,Source_Ledger_v02,TPI-052|2026,正餐／小吃／早餐,,,v0.4-governance-20260912
EV-00285,,TPI-053,LEGACY_EVIDENCE_LEDGER,historical,2019,75,43488,C,B,Matched,,https://yoti.life/mos-menu/,舊頁標題含2020但內文註明常態價源自2018；不列Exact-2020。,Source_Ledger_v02,TPI-053|historical,正餐／小吃／早餐,,,v0.4-governance-20260912
EV-00286,,TPI-053,LEGACY_EVIDENCE_LEDGER,2026,2026,80,46274,A,B,Matched,,https://www.mos.com.tw/menu/set.aspx,舊頁標題含2020但內文註明常態價源自2018；不列Exact-2020。,Source_Ledger_v02,TPI-053|2026,正餐／小吃／早餐,,,v0.4-governance-20260912
EV-00287,,TPI-054,LEGACY_EVIDENCE_LEDGER,historical,2019,100,43488,C,B,Matched,,https://yoti.life/mos-menu/,舊頁標題含2020但內文註明常態價源自2018；不列Exact-2020。,Source_Ledger_v02,TPI-054|historical,正餐／小吃／早餐,,,v0.4-governance-20260912
EV-00288,,TPI-054,LEGACY_EVIDENCE_LEDGER,2026,2026,100,46274,A,B,Matched,,https://www.mos.com.tw/menu/set.aspx,舊頁標題含2020但內文註明常態價源自2018；不列Exact-2020。,Source_Ledger_v02,TPI-054|2026,正餐／小吃／早餐,,,v0.4-governance-20260912
EV-00289,,TPI-055,LEGACY_EVIDENCE_LEDGER,historical,2019,55,43488,C,B,Matched,,https://yoti.life/mos-menu/,舊頁標題含2020但內文註明常態價源自2018；不列Exact-2020。,Source_Ledger_v02,TPI-055|historical,正餐／小吃／早餐,,,v0.4-governance-20260912
EV-00290,,TPI-055,LEGACY_EVIDENCE_LEDGER,2026,2026,55,46274,A,B,Matched,,https://www.mos.com.tw/menu/set.aspx,舊頁標題含2020但內文註明常態價源自2018；不列Exact-2020。,Source_Ledger_v02,TPI-055|2026,正餐／小吃／早餐,,,v0.4-governance-20260912
EV-00291,,TPI-056,LEGACY_EVIDENCE_LEDGER,historical,2019,70,43488,C,B,Matched,,https://yoti.life/mos-menu/,舊頁標題含2020但內文註明常態價源自2018；不列Exact-2020。,Source_Ledger_v02,TPI-056|historical,正餐／小吃／早餐,,,v0.4-governance-20260912
EV-00292,,TPI-056,LEGACY_EVIDENCE_LEDGER,2026,2026,75,46274,A,B,Matched,,https://www.mos.com.tw/menu/set.aspx,舊頁標題含2020但內文註明常態價源自2018；不列Exact-2020。,Source_Ledger_v02,TPI-056|2026,正餐／小吃／早餐,,,v0.4-governance-20260912
EV-00293,LEG-EC-255,TPI-057,LEGACY_EVIDENCE_LEDGER,historical,2019,65,43488,C,B,Matched,,https://yoti.life/mos-menu/,舊頁標題含2020但內文註明常態價源自2018；不列Exact-2020。,Source_Ledger_v02,TPI-057|historical,正餐／小吃／早餐,,,v0.4-governance-20260912
EV-00294,LEG-EC-255,TPI-057,LEGACY_EVIDENCE_LEDGER,2026,2026,70,46274,A,B,Matched,,https://www.mos.com.tw/menu/set.aspx,舊頁標題含2020但內文註明常態價源自2018；不列Exact-2020。,Source_Ledger_v02,TPI-057|2026,正餐／小吃／早餐,,,v0.4-governance-20260912
EV-00295,,TPI-058,LEGACY_EVIDENCE_LEDGER,historical,2019,75,43488,C,B,Matched,,https://yoti.life/mos-menu/,舊頁標題含2020但內文註明常態價源自2018；不列Exact-2020。,Source_Ledger_v02,TPI-058|historical,正餐／小吃／早餐,,,v0.4-governance-20260912
EV-00296,,TPI-058,LEGACY_EVIDENCE_LEDGER,2026,2026,80,46274,A,B,Matched,,https://www.mos.com.tw/menu/set.aspx,舊頁標題含2020但內文註明常態價源自2018；不列Exact-2020。,Source_Ledger_v02,TPI-058|2026,正餐／小吃／早餐,,,v0.4-governance-20260912
EV-00297,,TPI-059,LEGACY_EVIDENCE_LEDGER,historical,2019,105,43488,C,B,Matched,,https://yoti.life/mos-menu/,舊頁標題含2020但內文註明常態價源自2018；不列Exact-2020。,Source_Ledger_v02,TPI-059|historical,正餐／小吃／早餐,,,v0.4-governance-20260912
EV-00298,,TPI-059,LEGACY_EVIDENCE_LEDGER,2026,2026,110,46274,A,B,Matched,,https://www.mos.com.tw/menu/set.aspx,舊頁標題含2020但內文註明常態價源自2018；不列Exact-2020。,Source_Ledger_v02,TPI-059|2026,正餐／小吃／早餐,,,v0.4-governance-20260912
EV-00299,,TPI-060,LEGACY_EVIDENCE_LEDGER,historical,2019,70,43488,C,B,Matched,,https://yoti.life/mos-menu/,舊頁標題含2020但內文註明常態價源自2018；不列Exact-2020。,Source_Ledger_v02,TPI-060|historical,正餐／小吃／早餐,,,v0.4-governance-20260912
EV-00300,,TPI-060,LEGACY_EVIDENCE_LEDGER,2026,2026,75,46274,A,B,Matched,,https://www.mos.com.tw/menu/set.aspx,舊頁標題含2020但內文註明常態價源自2018；不列Exact-2020。,Source_Ledger_v02,TPI-060|2026,正餐／小吃／早餐,,,v0.4-governance-20260912
EV-00301,LEG-EC-217,TPI-061,LEGACY_EVIDENCE_LEDGER,historical,2020,72,44013,C,A,Matched,,https://hackmd.io/%40tsungjung411/SyPx79npZe,同名單點品項；歷史價由私人整理頁，現價由民營媒體整理。,Source_Ledger_v02,TPI-061|historical,正餐／小吃／早餐,,,v0.4-governance-20260912
EV-00302,LEG-EC-217,TPI-061,LEGACY_EVIDENCE_LEDGER,2026,2026,78,46266,B,A,Matched,,https://www.money101.com.tw/blog/%E9%BA%A5%E7%95%B6%E5%8B%9E%E8%8F%9C%E5%96%AE-%E6%97%A9%E9%A4%90-%E8%B6%85%E5%80%BC%E5%85%A8%E9%A4%90-11-%E5%83%B9%E6%A0%BC-%E5%84%AA%E6%83%A0-%E4%BF%A1%E7%94%A8%E5%8D%A1%E6%8E%A8%E8%96%A6,同名單點品項；歷史價由私人整理頁，現價由民營媒體整理。,Source_Ledger_v02,TPI-061|2026,正餐／小吃／早餐,,,v0.4-governance-20260912
EV-00303,LEG-EC-266,TPI-062,LEGACY_EVIDENCE_LEDGER,historical,2020,62,44013,C,A,Matched,,https://hackmd.io/%40tsungjung411/SyPx79npZe,同名單點品項；歷史價由私人整理頁，現價由民營媒體整理。,Source_Ledger_v02,TPI-062|historical,正餐／小吃／早餐,,,v0.4-governance-20260912
EV-00304,LEG-EC-266,TPI-062,LEGACY_EVIDENCE_LEDGER,2026,2026,72,46266,B,A,Matched,,https://www.money101.com.tw/blog/%E9%BA%A5%E7%95%B6%E5%8B%9E%E8%8F%9C%E5%96%AE-%E6%97%A9%E9%A4%90-%E8%B6%85%E5%80%BC%E5%85%A8%E9%A4%90-11-%E5%83%B9%E6%A0%BC-%E5%84%AA%E6%83%A0-%E4%BF%A1%E7%94%A8%E5%8D%A1%E6%8E%A8%E8%96%A6,同名單點品項；歷史價由私人整理頁，現價由民營媒體整理。,Source_Ledger_v02,TPI-062|2026,正餐／小吃／早餐,,,v0.4-governance-20260912
EV-00305,LEG-EC-288,TPI-063,LEGACY_EVIDENCE_LEDGER,historical,2020,44,44013,C,A,Matched,,https://hackmd.io/%40tsungjung411/SyPx79npZe,同名單點品項；歷史價由私人整理頁，現價由民營媒體整理。,Source_Ledger_v02,TPI-063|historical,正餐／小吃／早餐,,,v0.4-governance-20260912
EV-00306,LEG-EC-288,TPI-063,LEGACY_EVIDENCE_LEDGER,2026,2026,48,46266,B,A,Matched,,https://www.money101.com.tw/blog/%E9%BA%A5%E7%95%B6%E5%8B%9E%E8%8F%9C%E5%96%AE-%E6%97%A9%E9%A4%90-%E8%B6%85%E5%80%BC%E5%85%A8%E9%A4%90-11-%E5%83%B9%E6%A0%BC-%E5%84%AA%E6%83%A0-%E4%BF%A1%E7%94%A8%E5%8D%A1%E6%8E%A8%E8%96%A6,同名單點品項；歷史價由私人整理頁，現價由民營媒體整理。,Source_Ledger_v02,TPI-063|2026,正餐／小吃／早餐,,,v0.4-governance-20260912
EV-00307,LEG-EC-286,TPI-064,LEGACY_EVIDENCE_LEDGER,historical,2020,60,44013,C,A,Matched,,https://hackmd.io/%40tsungjung411/SyPx79npZe,同名單點品項；歷史價由私人整理頁，現價由民營媒體整理。,Source_Ledger_v02,TPI-064|historical,正餐／小吃／早餐,,,v0.4-governance-20260912
EV-00308,LEG-EC-286,TPI-064,LEGACY_EVIDENCE_LEDGER,2026,2026,68,46266,B,A,Matched,,https://www.money101.com.tw/blog/%E9%BA%A5%E7%95%B6%E5%8B%9E%E8%8F%9C%E5%96%AE-%E6%97%A9%E9%A4%90-%E8%B6%85%E5%80%BC%E5%85%A8%E9%A4%90-11-%E5%83%B9%E6%A0%BC-%E5%84%AA%E6%83%A0-%E4%BF%A1%E7%94%A8%E5%8D%A1%E6%8E%A8%E8%96%A6,同名單點品項；歷史價由私人整理頁，現價由民營媒體整理。,Source_Ledger_v02,TPI-064|2026,正餐／小吃／早餐,,,v0.4-governance-20260912
EV-00309,LEG-EC-285,TPI-065,LEGACY_EVIDENCE_LEDGER,historical,2020,100,44013,C,A,Matched,,https://hackmd.io/%40tsungjung411/SyPx79npZe,同名單點品項；歷史價由私人整理頁，現價由民營媒體整理。,Source_Ledger_v02,TPI-065|historical,正餐／小吃／早餐,,,v0.4-governance-20260912
EV-00310,LEG-EC-285,TPI-065,LEGACY_EVIDENCE_LEDGER,2026,2026,109,46266,B,A,Matched,,https://www.money101.com.tw/blog/%E9%BA%A5%E7%95%B6%E5%8B%9E%E8%8F%9C%E5%96%AE-%E6%97%A9%E9%A4%90-%E8%B6%85%E5%80%BC%E5%85%A8%E9%A4%90-11-%E5%83%B9%E6%A0%BC-%E5%84%AA%E6%83%A0-%E4%BF%A1%E7%94%A8%E5%8D%A1%E6%8E%A8%E8%96%A6,同名單點品項；歷史價由私人整理頁，現價由民營媒體整理。,Source_Ledger_v02,TPI-065|2026,正餐／小吃／早餐,,,v0.4-governance-20260912
EV-00311,LEG-EC-199,TPI-066,LEGACY_EVIDENCE_LEDGER,historical,2020,72,44013,C,A,Matched,,https://hackmd.io/%40tsungjung411/SyPx79npZe,同名單點品項；歷史價由私人整理頁，現價由民營媒體整理。,Source_Ledger_v02,TPI-066|historical,正餐／小吃／早餐,,,v0.4-governance-20260912
EV-00312,LEG-EC-199,TPI-066,LEGACY_EVIDENCE_LEDGER,2026,2026,78,46266,B,A,Matched,,https://www.money101.com.tw/blog/%E9%BA%A5%E7%95%B6%E5%8B%9E%E8%8F%9C%E5%96%AE-%E6%97%A9%E9%A4%90-%E8%B6%85%E5%80%BC%E5%85%A8%E9%A4%90-11-%E5%83%B9%E6%A0%BC-%E5%84%AA%E6%83%A0-%E4%BF%A1%E7%94%A8%E5%8D%A1%E6%8E%A8%E8%96%A6,同名單點品項；歷史價由私人整理頁，現價由民營媒體整理。,Source_Ledger_v02,TPI-066|2026,正餐／小吃／早餐,,,v0.4-governance-20260912
EV-00313,LEG-EC-287,TPI-067,LEGACY_EVIDENCE_LEDGER,historical,2020,110,44013,C,A,Matched,,https://hackmd.io/%40tsungjung411/SyPx79npZe,同名單點品項；歷史價由私人整理頁，現價由民營媒體整理。,Source_Ledger_v02,TPI-067|historical,正餐／小吃／早餐,,,v0.4-governance-20260912
EV-00314,LEG-EC-287,TPI-067,LEGACY_EVIDENCE_LEDGER,2026,2026,126,46266,B,A,Matched,,https://www.money101.com.tw/blog/%E9%BA%A5%E7%95%B6%E5%8B%9E%E8%8F%9C%E5%96%AE-%E6%97%A9%E9%A4%90-%E8%B6%85%E5%80%BC%E5%85%A8%E9%A4%90-11-%E5%83%B9%E6%A0%BC-%E5%84%AA%E6%83%A0-%E4%BF%A1%E7%94%A8%E5%8D%A1%E6%8E%A8%E8%96%A6,同名單點品項；歷史價由私人整理頁，現價由民營媒體整理。,Source_Ledger_v02,TPI-067|2026,正餐／小吃／早餐,,,v0.4-governance-20260912
EV-00315,,TPI-068,LEGACY_EVIDENCE_LEDGER,historical,2020,44,44013,C,A,Matched,,https://hackmd.io/%40tsungjung411/SyPx79npZe,同名單點品項；歷史價由私人整理頁，現價由民營媒體整理。,Source_Ledger_v02,TPI-068|historical,正餐／小吃／早餐,,,v0.4-governance-20260912
EV-00316,,TPI-068,LEGACY_EVIDENCE_LEDGER,2026,2026,52,46266,B,A,Matched,,https://www.money101.com.tw/blog/%E9%BA%A5%E7%95%B6%E5%8B%9E%E8%8F%9C%E5%96%AE-%E6%97%A9%E9%A4%90-%E8%B6%85%E5%80%BC%E5%85%A8%E9%A4%90-11-%E5%83%B9%E6%A0%BC-%E5%84%AA%E6%83%A0-%E4%BF%A1%E7%94%A8%E5%8D%A1%E6%8E%A8%E8%96%A6,同名單點品項；歷史價由私人整理頁，現價由民營媒體整理。,Source_Ledger_v02,TPI-068|2026,正餐／小吃／早餐,,,v0.4-governance-20260912
EV-00317,LEG-EC-359,TPI-069,LEGACY_EVIDENCE_LEDGER,historical,2020,360,43853,B,A,Matched,,https://www.vogue.com.tw/lifestyle/article/%E9%81%A0%E7%99%BE%E4%BF%A1%E7%BE%A9a13-%E5%A8%81%E7%A7%80-muvie,同一影城同票種。,Source_Ledger_v02,TPI-069|historical,電影／娛樂,,,v0.4-governance-20260912
EV-00318,LEG-EC-359,TPI-069,LEGACY_EVIDENCE_LEDGER,2026,2026,400,46274,A,A,Matched,,https://www.vscinemas.com.tw/theater/detail2.aspx?id=23,同一影城同票種。,Source_Ledger_v02,TPI-069|2026,電影／娛樂,,,v0.4-governance-20260912
EV-00319,LEG-EC-358,TPI-070,LEGACY_EVIDENCE_LEDGER,historical,2020,340,43853,B,A,Matched,,https://www.vogue.com.tw/lifestyle/article/%E9%81%A0%E7%99%BE%E4%BF%A1%E7%BE%A9a13-%E5%A8%81%E7%A7%80-muvie,同一影城同票種。,Source_Ledger_v02,TPI-070|historical,電影／娛樂,,,v0.4-governance-20260912
EV-00320,LEG-EC-358,TPI-070,LEGACY_EVIDENCE_LEDGER,2026,2026,380,46274,A,A,Matched,,https://www.vscinemas.com.tw/theater/detail2.aspx?id=23,同一影城同票種。,Source_Ledger_v02,TPI-070|2026,電影／娛樂,,,v0.4-governance-20260912
EV-00321,LEG-EC-360,TPI-071,LEGACY_EVIDENCE_LEDGER,historical,2020,180,43853,B,A,Matched,,https://www.vogue.com.tw/lifestyle/article/%E9%81%A0%E7%99%BE%E4%BF%A1%E7%BE%A9a13-%E5%A8%81%E7%A7%80-muvie,同一影城同票種。,Source_Ledger_v02,TPI-071|historical,電影／娛樂,,,v0.4-governance-20260912
EV-00322,LEG-EC-360,TPI-071,LEGACY_EVIDENCE_LEDGER,2026,2026,200,46274,A,A,Matched,,https://www.vscinemas.com.tw/theater/detail2.aspx?id=23,同一影城同票種。,Source_Ledger_v02,TPI-071|2026,電影／娛樂,,,v0.4-governance-20260912
EV-00323,LEG-EC-361,TPI-072,LEGACY_EVIDENCE_LEDGER,historical,2020,180,43853,B,A,Matched,,https://www.vogue.com.tw/lifestyle/article/%E9%81%A0%E7%99%BE%E4%BF%A1%E7%BE%A9a13-%E5%A8%81%E7%A7%80-muvie,同一影城同票種。,Source_Ledger_v02,TPI-072|historical,電影／娛樂,,,v0.4-governance-20260912
EV-00324,LEG-EC-361,TPI-072,LEGACY_EVIDENCE_LEDGER,2026,2026,200,46274,A,A,Matched,,https://www.vscinemas.com.tw/theater/detail2.aspx?id=23,同一影城同票種。,Source_Ledger_v02,TPI-072|2026,電影／娛樂,,,v0.4-governance-20260912
EV-00325,LEG-EC-362,TPI-073,LEGACY_EVIDENCE_LEDGER,historical,2020,300,43853,B,A,Matched,,https://www.vogue.com.tw/lifestyle/article/%E9%81%A0%E7%99%BE%E4%BF%A1%E7%BE%A9a13-%E5%A8%81%E7%A7%80-muvie,同一影城同票種。,Source_Ledger_v02,TPI-073|historical,電影／娛樂,,,v0.4-governance-20260912
EV-00326,LEG-EC-362,TPI-073,LEGACY_EVIDENCE_LEDGER,2026,2026,340,46274,A,A,Matched,,https://www.vscinemas.com.tw/theater/detail2.aspx?id=23,同一影城同票種。,Source_Ledger_v02,TPI-073|2026,電影／娛樂,,,v0.4-governance-20260912
EV-00327,LEG-EC-363,TPI-074,LEGACY_EVIDENCE_LEDGER,historical,2020,430,43853,B,A,Matched,,https://www.vogue.com.tw/lifestyle/article/%E9%81%A0%E7%99%BE%E4%BF%A1%E7%BE%A9a13-%E5%A8%81%E7%A7%80-muvie,同一影城同票種。,Source_Ledger_v02,TPI-074|historical,電影／娛樂,,,v0.4-governance-20260912
EV-00328,LEG-EC-363,TPI-074,LEGACY_EVIDENCE_LEDGER,2026,2026,470,46274,A,A,Matched,,https://www.vscinemas.com.tw/theater/detail2.aspx?id=23,同一影城同票種。,Source_Ledger_v02,TPI-074|2026,電影／娛樂,,,v0.4-governance-20260912
EV-00329,LEG-EC-364,TPI-075,LEGACY_EVIDENCE_LEDGER,historical,2020,215,43853,B,A,Matched,,https://www.vogue.com.tw/lifestyle/article/%E9%81%A0%E7%99%BE%E4%BF%A1%E7%BE%A9a13-%E5%A8%81%E7%A7%80-muvie,同一影城同票種。,Source_Ledger_v02,TPI-075|historical,電影／娛樂,,,v0.4-governance-20260912
EV-00330,LEG-EC-364,TPI-075,LEGACY_EVIDENCE_LEDGER,2026,2026,235,46274,A,A,Matched,,https://www.vscinemas.com.tw/theater/detail2.aspx?id=23,同一影城同票種。,Source_Ledger_v02,TPI-075|2026,電影／娛樂,,,v0.4-governance-20260912
EV-00331,LEG-EC-365,TPI-076,LEGACY_EVIDENCE_LEDGER,historical,2020,370,43853,B,A,Matched,,https://www.vogue.com.tw/lifestyle/article/%E9%81%A0%E7%99%BE%E4%BF%A1%E7%BE%A9a13-%E5%A8%81%E7%A7%80-muvie,同一影城同票種。,Source_Ledger_v02,TPI-076|historical,電影／娛樂,,,v0.4-governance-20260912
EV-00332,LEG-EC-365,TPI-076,LEGACY_EVIDENCE_LEDGER,2026,2026,410,46274,A,A,Matched,,https://www.vscinemas.com.tw/theater/detail2.aspx?id=23,同一影城同票種。,Source_Ledger_v02,TPI-076|2026,電影／娛樂,,,v0.4-governance-20260912
EV-00333,LEG-EC-357,TPI-077,LEGACY_EVIDENCE_LEDGER,historical,2020,380,43853,B,A,Matched,,https://www.vogue.com.tw/lifestyle/article/%E9%81%A0%E7%99%BE%E4%BF%A1%E7%BE%A9a13-%E5%A8%81%E7%A7%80-muvie,同一影城同票種。,Source_Ledger_v02,TPI-077|historical,電影／娛樂,,,v0.4-governance-20260912
EV-00334,LEG-EC-357,TPI-077,LEGACY_EVIDENCE_LEDGER,2026,2026,470,46274,A,A,Matched,,https://www.vscinemas.com.tw/theater/detail2.aspx?id=23,同一影城同票種。,Source_Ledger_v02,TPI-077|2026,電影／娛樂,,,v0.4-governance-20260912
EV-00335,LEG-EC-356,TPI-078,LEGACY_EVIDENCE_LEDGER,historical,2020,360,43853,B,A,Matched,,https://www.vogue.com.tw/lifestyle/article/%E9%81%A0%E7%99%BE%E4%BF%A1%E7%BE%A9a13-%E5%A8%81%E7%A7%80-muvie,同一影城同票種。,Source_Ledger_v02,TPI-078|historical,電影／娛樂,,,v0.4-governance-20260912
EV-00336,LEG-EC-356,TPI-078,LEGACY_EVIDENCE_LEDGER,2026,2026,450,46274,A,A,Matched,,https://www.vscinemas.com.tw/theater/detail2.aspx?id=23,同一影城同票種。,Source_Ledger_v02,TPI-078|2026,電影／娛樂,,,v0.4-governance-20260912
EV-00337,LEG-EC-297,TPI-079,LEGACY_EVIDENCE_LEDGER,historical,2021,300,44210,D,A,Matched,,https://www.ptt.cc/bbs/BigSanchung/M.1610624043.A.2B2.html,2021回報300元；2023官方公告稱十年未調價並調至350，現行官網400。,Source_Ledger_v02,TPI-079|historical,理髮／美容／洗衣,,,v0.4-governance-20260912
EV-00338,LEG-EC-297,TPI-079,LEGACY_EVIDENCE_LEDGER,2026,2026,400,46274,A,A,Matched,,https://www.qbhouse.com.tw/guidance,2021回報300元；2023官方公告稱十年未調價並調至350，現行官網400。,Source_Ledger_v02,TPI-079|2026,理髮／美容／洗衣,,,v0.4-governance-20260912
EV-00339,LEG-EC-023,TPI-080,LEGACY_EVIDENCE_LEDGER,historical,2020,30,43839,D,A,Matched,,https://www.ptt.cc/bbs/CVS/M.1578543613.A.23A.html,舊價PTT超商板；現價7-ELEVEN鮮食頁。,Source_Ledger_v02,TPI-080|historical,便利商店食品飲料,,,v0.4-governance-20260912
EV-00340,LEG-EC-023,TPI-080,LEGACY_EVIDENCE_LEDGER,2026,2026,30,46274,A,A,Matched,,https://www.7-11.com.tw/freshfoods/1_Ricerolls/,舊價PTT超商板；現價7-ELEVEN鮮食頁。,Source_Ledger_v02,TPI-080|2026,便利商店食品飲料,,,v0.4-governance-20260912
EV-00341,LEG-EC-204,TPI-081,LEGACY_EVIDENCE_LEDGER,historical,2020,115,44169,A,A,Matched,,https://www.3375.com.tw/Info/NewsDetail/fee5b3f899644a49b2543fa86726cf9b,2020官方活動公告列原價115；2026官方菜單185。,Source_Ledger_v02,TPI-081|historical,正餐／小吃／早餐,,,v0.4-governance-20260912
EV-00342,LEG-EC-204,TPI-081,LEGACY_EVIDENCE_LEDGER,2026,2026,185,46274,A,A,Matched,,https://www.3375.com.tw/Menu/FoodMenu,2020官方活動公告列原價115；2026官方菜單185。,Source_Ledger_v02,TPI-081|2026,正餐／小吃／早餐,,,v0.4-governance-20260912
EV-00343,LEG-EC-170,TPI-082,LEGACY_EVIDENCE_LEDGER,2026,2026,250,46084,A,A,2026 verified,,https://www.muji.tw/muji-journal/news/news/260224.html,2020同規格歷史價待回溯。,Source_Ledger_v02,TPI-082|2026,日用品／個人用品,,,v0.4-governance-20260912
EV-00344,LEG-EC-162,TPI-083,LEGACY_EVIDENCE_LEDGER,2026,2026,250,46084,A,A,2026 verified,,https://www.muji.tw/muji-journal/news/news/260224.html,2020同規格歷史價待回溯。,Source_Ledger_v02,TPI-083|2026,日用品／個人用品,,,v0.4-governance-20260912
EV-00345,LEG-EC-163,TPI-084,LEGACY_EVIDENCE_LEDGER,2026,2026,250,46084,A,A,2026 verified,,https://www.muji.tw/muji-journal/news/news/260224.html,2020同規格歷史價待回溯。,Source_Ledger_v02,TPI-084|2026,日用品／個人用品,,,v0.4-governance-20260912
EV-00346,LEG-EC-154,TPI-085,LEGACY_EVIDENCE_LEDGER,2026,2026,130,46084,A,A,2026 verified,,https://www.muji.tw/muji-journal/news/news/260224.html,2020同規格歷史價待回溯。,Source_Ledger_v02,TPI-085|2026,日用品／個人用品,,,v0.4-governance-20260912
EV-00347,LEG-EC-158,TPI-086,LEGACY_EVIDENCE_LEDGER,2026,2026,130,46084,A,A,2026 verified,,https://www.muji.tw/muji-journal/news/news/260224.html,2020同規格歷史價待回溯。,Source_Ledger_v02,TPI-086|2026,日用品／個人用品,,,v0.4-governance-20260912
EV-00348,LEG-EC-156,TPI-087,LEGACY_EVIDENCE_LEDGER,historical,2020,79,43834,C,A,Matched,,https://w5w110n.pixnet.net/blog/posts/15317322396,2020原色化妝棉180入79；2026官方110。,Source_Ledger_v02,TPI-087|historical,日用品／個人用品,,,v0.4-governance-20260912
EV-00349,LEG-EC-156,TPI-087,LEGACY_EVIDENCE_LEDGER,2026,2026,110,46084,A,A,Matched,,https://www.muji.tw/muji-journal/news/news/260224.html,2020原色化妝棉180入79；2026官方110。,Source_Ledger_v02,TPI-087|2026,日用品／個人用品,,,v0.4-governance-20260912
EV-00350,LEG-EC-157,TPI-088,LEGACY_EVIDENCE_LEDGER,2026,2026,130,46084,A,A,2026 verified,,https://www.muji.tw/muji-journal/news/news/260224.html,2020同規格歷史價待回溯。,Source_Ledger_v02,TPI-088|2026,日用品／個人用品,,,v0.4-governance-20260912
EV-00351,LEG-EC-161,TPI-089,LEGACY_EVIDENCE_LEDGER,historical,2020,79,43834,C,A,Matched,,https://w5w110n.pixnet.net/blog/posts/15317322396,2020壓邊化妝棉189入79；2026官方110。,Source_Ledger_v02,TPI-089|historical,日用品／個人用品,,,v0.4-governance-20260912
EV-00352,LEG-EC-161,TPI-089,LEGACY_EVIDENCE_LEDGER,2026,2026,110,46084,A,A,Matched,,https://www.muji.tw/muji-journal/news/news/260224.html,2020壓邊化妝棉189入79；2026官方110。,Source_Ledger_v02,TPI-089|2026,日用品／個人用品,,,v0.4-governance-20260912
EV-00353,LEG-EC-171,TPI-090,LEGACY_EVIDENCE_LEDGER,historical,2020,790,43869,C,B,Matched,,https://l2208ml.pixnet.net/blog/posts/14218148846,2020同名牛津布扣領長袖襯衫790；2026官方990。產品世代可能有輕微差異。,Source_Ledger_v02,TPI-090|historical,日用品／個人用品,,,v0.4-governance-20260912
EV-00354,LEG-EC-171,TPI-090,LEGACY_EVIDENCE_LEDGER,2026,2026,990,46245,A,B,Matched,,https://www.muji.tw/muji-journal/news/news/260805.html,2020同名牛津布扣領長袖襯衫790；2026官方990。產品世代可能有輕微差異。,Source_Ledger_v02,TPI-090|2026,日用品／個人用品,,,v0.4-governance-20260912
EV-00355,LEG-EC-172,TPI-091,LEGACY_EVIDENCE_LEDGER,2026,2026,990,46245,A,A,2026 verified,,https://www.muji.tw/muji-journal/news/news/260805.html,2020同規格歷史價待回溯。,Source_Ledger_v02,TPI-091|2026,日用品／個人用品,,,v0.4-governance-20260912
EV-00356,LEG-EC-153,TPI-092,LEGACY_EVIDENCE_LEDGER,2026,2026,59,46266,A,A,2026 verified,,https://www.muji.tw/muji-journal/news/news/260805.html,2020同規格歷史價待回溯。,Source_Ledger_v02,TPI-092|2026,日用品／個人用品,,,v0.4-governance-20260912
EV-00357,LEG-EC-152,TPI-093,LEGACY_EVIDENCE_LEDGER,2026,2026,59,46266,A,A,2026 verified,,https://www.muji.tw/muji-journal/news/news/260805.html,2020同規格歷史價待回溯。,Source_Ledger_v02,TPI-093|2026,日用品／個人用品,,,v0.4-governance-20260912
EV-00358,LEG-EC-151,TPI-094,LEGACY_EVIDENCE_LEDGER,2026,2026,59,46266,A,A,2026 verified,,https://www.muji.tw/muji-journal/news/news/260805.html,2020同規格歷史價待回溯。,Source_Ledger_v02,TPI-094|2026,日用品／個人用品,,,v0.4-governance-20260912
EV-00359,LEG-EC-104,TPI-095,LEGACY_EVIDENCE_LEDGER,historical,2020,35,43831,A,A,Matched,,https://www.icash.com.tw/Home/NewsDetail/9724,icash官方2020活動明列CITY CAFE中杯美式市價35；2026官方35。,Source_Ledger_v02,TPI-095|historical,咖啡／手搖飲,,,v0.4-governance-20260912
EV-00360,LEG-EC-104,TPI-095,LEGACY_EVIDENCE_LEDGER,2026,2026,35,46274,A,A,Matched,,https://www.citycafe.com.tw/price.aspx,icash官方2020活動明列CITY CAFE中杯美式市價35；2026官方35。,Source_Ledger_v02,TPI-095|2026,咖啡／手搖飲,,,v0.4-governance-20260912
EV-00361,LEG-EC-105,TPI-096,LEGACY_EVIDENCE_LEDGER,historical,2020,45,44091,C,A,Matched,,https://cpok.tw/577,2020優惠文明列大杯美式原價45；2026官方45。,Source_Ledger_v02,TPI-096|historical,咖啡／手搖飲,,,v0.4-governance-20260912
EV-00362,LEG-EC-105,TPI-096,LEGACY_EVIDENCE_LEDGER,2026,2026,45,46274,A,A,Matched,,https://www.citycafe.com.tw/price.aspx,2020優惠文明列大杯美式原價45；2026官方45。,Source_Ledger_v02,TPI-096|2026,咖啡／手搖飲,,,v0.4-governance-20260912
EV-00363,LEG-EC-106,TPI-097,LEGACY_EVIDENCE_LEDGER,historical,2020,60,44075,C,A,Matched,,https://cpok.tw/155,2020整理明列特大杯美式原價60；2026官方60。,Source_Ledger_v02,TPI-097|historical,咖啡／手搖飲,,,v0.4-governance-20260912
EV-00364,LEG-EC-106,TPI-097,LEGACY_EVIDENCE_LEDGER,2026,2026,60,46274,A,A,Matched,,https://www.citycafe.com.tw/price.aspx,2020整理明列特大杯美式原價60；2026官方60。,Source_Ledger_v02,TPI-097|2026,咖啡／手搖飲,,,v0.4-governance-20260912
EV-00365,LEG-EC-089,TPI-098,LEGACY_EVIDENCE_LEDGER,historical,2020,45,43994,D,A,Matched,,https://www.ptt.cc/man/e-coupon/D505/M.1591974561.A.213.html,2020寄杯券明列中杯拿鐵原價45；2026官方45。,Source_Ledger_v02,TPI-098|historical,咖啡／手搖飲,,,v0.4-governance-20260912
EV-00366,LEG-EC-089,TPI-098,LEGACY_EVIDENCE_LEDGER,2026,2026,45,46274,A,A,Matched,,https://www.citycafe.com.tw/price.aspx,2020寄杯券明列中杯拿鐵原價45；2026官方45。,Source_Ledger_v02,TPI-098|2026,咖啡／手搖飲,,,v0.4-governance-20260912
EV-00367,LEG-EC-090,TPI-099,LEGACY_EVIDENCE_LEDGER,historical,2020,55,44091,C,A,Matched,,https://cpok.tw/577,2020大杯拿鐵原價55；2026官方55。,Source_Ledger_v02,TPI-099|historical,咖啡／手搖飲,,,v0.4-governance-20260912
EV-00368,LEG-EC-090,TPI-099,LEGACY_EVIDENCE_LEDGER,2026,2026,55,46274,A,A,Matched,,https://www.citycafe.com.tw/price.aspx,2020大杯拿鐵原價55；2026官方55。,Source_Ledger_v02,TPI-099|2026,咖啡／手搖飲,,,v0.4-governance-20260912
EV-00369,LEG-EC-091,TPI-100,LEGACY_EVIDENCE_LEDGER,historical,2020,70,44075,C,A,Matched,,https://cpok.tw/155,2020特大杯拿鐵原價70；2026官方70。,Source_Ledger_v02,TPI-100|historical,咖啡／手搖飲,,,v0.4-governance-20260912
EV-00370,LEG-EC-091,TPI-100,LEGACY_EVIDENCE_LEDGER,2026,2026,70,46274,A,A,Matched,,https://www.citycafe.com.tw/price.aspx,2020特大杯拿鐵原價70；2026官方70。,Source_Ledger_v02,TPI-100|2026,咖啡／手搖飲,,,v0.4-governance-20260912
EV-00371,LEG-EC-311,TPI-110,LEGACY_EVIDENCE_LEDGER,2026,2026,88,46274,A,A,2026 verified,,https://shop.pxgo.com.tw/hourArrive/goods/254626-20533905-4710105010113,全聯小時達單件一般價；促銷另記，不取代核心。,Source_Ledger_v02,TPI-110|2026,超市／自煮食材,,,v0.4-governance-20260912
EV-00372,LEG-EC-336,TPI-113,LEGACY_EVIDENCE_LEDGER,2026,2026,85,46274,A,A,2026 verified,,https://shop.pxgo.com.tw/hourArrive/goods/253422-21210008-4710088432674,全聯小時達單件一般價；促銷另記，不取代核心。,Source_Ledger_v02,TPI-113|2026,超市／自煮食材,,,v0.4-governance-20260912
EV-00373,LEG-EC-344,TPI-116,LEGACY_EVIDENCE_LEDGER,2026,2026,45,46274,A,A,2026 verified,,https://shop.pxgo.com.tw/hourArrive/goods/254632-32020015-4710126206304,全聯小時達單件一般價；促銷另記，不取代核心。,Source_Ledger_v02,TPI-116|2026,超市／自煮食材,,,v0.4-governance-20260912
EV-00374,LEG-EC-344,TPI-117,LEGACY_EVIDENCE_LEDGER,2026,2026,54,46274,A,A,2026 verified,,https://online.carrefour.com.tw/zh/%E6%AA%94%E6%9C%9F%E4%BF%83%E9%8A%B7%28%E5%95%86%E5%93%81%E5%83%B9%E6%A0%BC%E5%8F%8A%E6%B4%BB%E5%8B%95%E7%94%9F%E6%95%88%E6%99%82%E9%96%93%E7%82%BA%E4%BF%83%E9%8A%B7%E8%B5%B7%E5%A7%8B%E6%97%A5%E6%97%A9%E4%B8%8A9%3A00%E8%B5%B7%29/0506-0519_%E5%8F%B0%E9%9F%93%E7%BE%8E%E9%A3%9F%E5%A4%A7%E8%B3%9E-20,一般54、活動45；核心取一般價54。,Source_Ledger_v02,TPI-117|2026,超市／自煮食材,,,v0.4-governance-20260912
EV-00375,LEG-EC-328,TPI-119,LEGACY_EVIDENCE_LEDGER,2026,2026,129,46274,A,A,2026 verified,,https://shop.pxgo.com.tw/hourArrive/goods/246556-20083109-4710043105124,全聯小時達單件一般價；促銷另記，不取代核心。,Source_Ledger_v02,TPI-119|2026,超市／自煮食材,,,v0.4-governance-20260912
EV-00376,LEG-EC-328,TPI-120,LEGACY_EVIDENCE_LEDGER,2026,2026,129,46274,A,A,2026 verified,,https://online.carrefour.com.tw/zh/%E6%AA%94%E6%9C%9F%E4%BF%83%E9%8A%B7%28%E5%95%86%E5%93%81%E5%83%B9%E6%A0%BC%E5%8F%8A%E6%B4%BB%E5%8B%95%E7%94%9F%E6%95%88%E6%99%82%E9%96%93%E7%82%BA%E4%BF%83%E9%8A%B7%E8%B5%B7%E5%A7%8B%E6%97%A5%E6%97%A9%E4%B8%8A9%3A00%E8%B5%B7%29/0225-0310_%E5%9C%A8%E5%AE%B6%E5%90%83%E6%97%A9%E9%A4%90/%E6%A1%82%E6%A0%BC%E5%A4%A7%E7%87%95%E9%BA%A5%E7%89%87%E7%B3%BB%E5%88%97,一般129、活動115；核心取一般價129。,Source_Ledger_v02,TPI-120|2026,超市／自煮食材,,,v0.4-governance-20260912
EV-00377,LEG-EC-337,TPI-122,LEGACY_EVIDENCE_LEDGER,2026,2026,69,46274,A,B,2026 verified / PACKAGE-CHANGE,,https://shop.pxgo.com.tw/hourArrive/activity/218,現行75g×5、69元；歷史配對需先確認規格。,Source_Ledger_v02,TPI-122|2026,超市／自煮食材,,,v0.4-governance-20260912
EV-00378,LEG-EC-337,TPI-123,LEGACY_EVIDENCE_LEDGER,2026,2026,80,46274,A,A,2026 verified,,https://online.carrefour.com.tw/zh/%E6%98%A5%E5%AD%A3%E9%87%8E%E9%A4%90,家樂福2026頁列80元。,Source_Ledger_v02,TPI-123|2026,超市／自煮食材,,,v0.4-governance-20260912
EV-00379,LEG-EC-338,TPI-125,LEGACY_EVIDENCE_LEDGER,2026,2026,76,46274,A,A,2026 verified,,https://shop.pxgo.com.tw/hourArrive/goods/253503-20645800-4710199019146,全聯小時達單件一般價；促銷另記，不取代核心。,Source_Ledger_v02,TPI-125|2026,超市／自煮食材,,,v0.4-governance-20260912
EV-00380,LEG-EC-338,TPI-126,LEGACY_EVIDENCE_LEDGER,2026,2026,75,46274,A,A,2026 verified,,https://online.carrefour.com.tw/zh/%E5%A5%BD%E5%BA%B7%E4%B8%BB%E9%A1%8C/%E4%B8%AD%E5%85%83%E6%99%AE%E6%B8%A1/%E6%B3%A1%E9%BA%B5%E7%BD%90%E9%A0%AD/%E7%B1%B3%E7%B2%89%E9%BA%B5%E6%A2%9D/%E7%B1%B3%E7%B2%89%E5%8F%8A%E5%85%B6%E5%AE%83%E5%8F%A3%E5%91%B3,家樂福頁列5入75元。,Source_Ledger_v02,TPI-126|2026,超市／自煮食材,,,v0.4-governance-20260912
EV-00381,LEG-EC-317,TPI-128,LEGACY_EVIDENCE_LEDGER,2026,2026,76,46274,A,A,2026 verified,,https://shop.pxgo.com.tw/hourArrive/goods/246603-36110151-4710110510523,單件價76元。,Source_Ledger_v02,TPI-128|2026,超市／自煮食材,,,v0.4-governance-20260912
EV-00382,LEG-EC-317,TPI-129,LEGACY_EVIDENCE_LEDGER,2026,2026,76,46274,A,A,2026 verified,,https://online.carrefour.com.tw/zh/search/tagPage/?tags=%E5%91%B3%E5%91%B3A%2C%E6%8E%92%E9%AA%A8%E9%9B%9E%E9%BA%B5,家樂福2026頁列5入76元。,Source_Ledger_v02,TPI-129|2026,超市／自煮食材,,,v0.4-governance-20260912
EV-00383,LEG-EC-314,TPI-131,LEGACY_EVIDENCE_LEDGER,2026,2026,36,46274,A,A,2026 verified,,https://shop.pxgo.com.tw/hourArrive/goods/239027-20337713-4710311010211,全聯小時達單件一般價；促銷另記，不取代核心。,Source_Ledger_v02,TPI-131|2026,超市／自煮食材,,,v0.4-governance-20260912
EV-00384,LEG-EC-314,TPI-132,LEGACY_EVIDENCE_LEDGER,2026,2026,36,46274,A,A,2026 verified,,https://online.carrefour.com.tw/zh/%E8%AA%BF%E5%91%B3%E5%93%81-%E5%8D%97%E5%8C%97%E8%B2%A8,家樂福調味品頁列36元。,Source_Ledger_v02,TPI-132|2026,超市／自煮食材,,,v0.4-governance-20260912
EV-00385,LEG-EC-315,TPI-134,LEGACY_EVIDENCE_LEDGER,2026,2026,16,46274,A,A,2026 verified,,https://shop.pxgo.com.tw/hourArrive/goods/253620-51220002-4711271000014,單件價16元。,Source_Ledger_v02,TPI-134|2026,超市／自煮食材,,,v0.4-governance-20260912
EV-00386,LEG-EC-315,TPI-135,LEGACY_EVIDENCE_LEDGER,2026,2026,17,46274,A,A,2026 verified,,https://online.carrefour.com.tw/zh/%E5%93%81%E7%89%8C%E6%97%97%E8%89%A6%E9%A4%A8/%E5%BA%B7%E5%AF%B6%E5%93%81%E7%89%8C%E9%A4%A8/%E6%B3%B0%E5%BC%8F%E6%89%93%E6%8B%8B%E8%B1%AC,家樂福頁列17元。,Source_Ledger_v02,TPI-135|2026,超市／自煮食材,,,v0.4-governance-20260912
EV-00387,LEG-EC-349,TPI-140,LEGACY_EVIDENCE_LEDGER,2026,2026,69,46274,A,A,2026 verified,,https://shop.pxgo.com.tw/hourarrive/goods/237901-20133956-4710012129069,單件價69；多件促銷不取代。,Source_Ledger_v02,TPI-140|2026,超市／自煮食材,,,v0.4-governance-20260912
EV-00388,LEG-EC-324,TPI-146,LEGACY_EVIDENCE_LEDGER,2026,2026,230,46274,A,A,2026 verified,,https://shop.pxgo.com.tw/hourArrive/goods/237722-20120685-4710043552065,全聯小時達單件一般價；促銷另記，不取代核心。,Source_Ledger_v02,TPI-146|2026,超市／自煮食材,,,v0.4-governance-20260912
EV-00389,LEG-EC-330,TPI-150,LEGACY_EVIDENCE_LEDGER,2026,2026,234,46274,A,A,2026 verified,,https://online.carrefour.com.tw/zh/%E7%8E%84%E7%B1%B3%E6%B2%B9,一般價234；活動價另記。,Source_Ledger_v02,TPI-150|2026,超市／自煮食材,,,v0.4-governance-20260912
EV-00390,LEG-EC-325,TPI-152,LEGACY_EVIDENCE_LEDGER,2026,2026,36,46274,A,A,2026 verified,,https://shop.pxgo.com.tw/hourArrive/goods/239611-20312091-4710626111412,全聯小時達單件一般價；促銷另記，不取代核心。,Source_Ledger_v02,TPI-152|2026,超市／自煮食材,,,v0.4-governance-20260912
EV-00391,LEG-EC-326,TPI-155,LEGACY_EVIDENCE_LEDGER,2026,2026,48,46274,A,A,2026 verified,,https://shop.pxgo.com.tw/hourArrive/goods/249925-20282564-4710057500014,全聯小時達單件一般價；促銷另記，不取代核心。,Source_Ledger_v02,TPI-155|2026,超市／自煮食材,,,v0.4-governance-20260912
EV-00392,LEG-EC-316,TPI-159,LEGACY_EVIDENCE_LEDGER,2026,2026,39,46274,A,B,2026 verified / UNIT-NORMALIZED,,https://online.carrefour.com.tw/zh/%E6%B3%A1%E9%BA%B5%E7%BD%90%E9%A0%AD/%E6%B5%B7%E7%94%A2%E7%BD%90%E9%A0%AD/%E5%85%B6%E5%AE%83%E9%AD%9A%E9%A1%9E,3入117→每罐39；因由多入包裝單位化，Comparability=B。,Source_Ledger_v02,TPI-159|2026,超市／自煮食材,,,v0.4-governance-20260912
EV-00393,LEG-EC-320,TPI-161,LEGACY_EVIDENCE_LEDGER,2026,2026,28,46274,A,A,2026 verified,,https://shop.pxgo.com.tw/hourArrive/goods/238024-06120137-4710018028809,全聯小時達單件一般價；促銷另記，不取代核心。,Source_Ledger_v02,TPI-161|2026,超市／自煮食材,,,v0.4-governance-20260912
EV-00394,LEG-EC-320,TPI-162,LEGACY_EVIDENCE_LEDGER,2026,2026,30,46274,A,B,2026 verified / UNIT-NORMALIZED,,https://online.carrefour.com.tw/zh/%E6%AA%94%E6%9C%9F%E4%BF%83%E9%8A%B7%28%E5%95%86%E5%93%81%E5%83%B9%E6%A0%BC%E5%8F%8A%E6%B4%BB%E5%8B%95%E7%94%9F%E6%95%88%E6%99%82%E9%96%93%E7%82%BA%E4%BF%83%E9%8A%B7%E8%B5%B7%E5%A7%8B%E6%97%A5%E6%97%A9%E4%B8%8A9%3A00%E8%B5%B7%29/0325-0407_%E6%98%A5%E9%81%8A%E9%87%8E%E9%A4%90/%E5%8F%AF%E5%8F%A3%E5%8F%AF%E6%A8%82%2F%E9%9B%AA%E7%A2%A7%E7%B3%BB%E5%88%97,4入一般120→每瓶30；促銷價不採。,Source_Ledger_v02,TPI-162|2026,超市／自煮食材,,,v0.4-governance-20260912
EV-00395,LEG-EC-355,TPI-164,LEGACY_EVIDENCE_LEDGER,2026,2026,23,46274,A,A,2026 verified,,https://shop.pxgo.com.tw/hourArrive/goods/238816-20571583-4710154012144,全聯小時達單件一般價；促銷另記，不取代核心。,Source_Ledger_v02,TPI-164|2026,超市／自煮食材,,,v0.4-governance-20260912
EV-00396,LEG-EC-355,TPI-165,LEGACY_EVIDENCE_LEDGER,2026,2026,26.75,46274,A,B,2026 verified / UNIT-NORMALIZED,,https://online.carrefour.com.tw/zh/%E9%A3%B2%E6%96%99%E9%9B%B6%E9%A3%9F/%E6%B0%B4%E6%B1%BD%E6%B0%B4/%E6%B1%BD%E6%B0%B4/%E6%B2%99%E5%A3%AB,4入一般107→每瓶26.75。,Source_Ledger_v02,TPI-165|2026,超市／自煮食材,,,v0.4-governance-20260912
EV-00397,LEG-EC-342,TPI-167,LEGACY_EVIDENCE_LEDGER,2026,2026,33,46274,A,B,2026 verified / SHRINKFLATION,,https://shop.pxgo.com.tw/hourArrive/goods/242266-20467304-4710126021006,原171g已非現行規格；2026為65g、33元。,Source_Ledger_v02,TPI-167|2026,超市／自煮食材,,,v0.4-governance-20260912
EV-00398,LEG-EC-309,TPI-170,LEGACY_EVIDENCE_LEDGER,2026,2026,24,46274,A,A,2026 verified,,https://shop.pxgo.com.tw/hourArrive/goods/237826-20467216-4710015101284,單件價24元。,Source_Ledger_v02,TPI-170|2026,超市／自煮食材,,,v0.4-governance-20260912
EV-00399,LEG-EC-329,TPI-173,LEGACY_EVIDENCE_LEDGER,2026,2026,28,46274,A,B,2026 verified / SHRINKFLATION,,https://shop.pxgo.com.tw/hourArrive/goods/377120-27010427-4710543113049,2026為59.5g、28元；原master 72g不再視為直接同規格。,Source_Ledger_v02,TPI-173|2026,超市／自煮食材,,,v0.4-governance-20260912
EV-00400,LEG-EC-343,TPI-176,LEGACY_EVIDENCE_LEDGER,2026,2026,145,46274,A,A,2026 verified,,https://shop.pxgo.com.tw/hourArrive/goods/238224-21060004-4710126092822,全聯小時達單件一般價；促銷另記，不取代核心。,Source_Ledger_v02,TPI-176|2026,超市／自煮食材,,,v0.4-governance-20260912
EV-00401,LEG-EC-343,TPI-177,LEGACY_EVIDENCE_LEDGER,2026,2026,160,46274,A,B,2026 verified / PACKAGE-CHANGE,,https://online.carrefour.com.tw/zh/search/tagPage/?awoo_tags=&tags=%E7%BE%A9%E7%BE%8E%2C%E8%B1%AC%E8%82%89,家樂福現行規格936g、一般價160；歷史不得直接與1050g比。,Source_Ledger_v02,TPI-177|2026,超市／自煮食材,,,v0.4-governance-20260912
EV-00402,LEG-EC-327,TPI-179,LEGACY_EVIDENCE_LEDGER,2026,2026,49,46274,A,A,2026 verified,,https://shop.pxgo.com.tw/hourArrive/goods/251624-21630274-4710011402019,全聯小時達單件一般價；促銷另記，不取代核心。,Source_Ledger_v02,TPI-179|2026,超市／自煮食材,,,v0.4-governance-20260912
EV-00403,LEG-EC-327,TPI-180,LEGACY_EVIDENCE_LEDGER,2026,2026,60,46274,A,A,2026 verified,,https://online.carrefour.com.tw/zh/%E5%93%81%E7%89%8C%E6%97%97%E8%89%A6%E9%A4%A8/%E6%A1%82%E5%86%A0%E5%93%81%E7%89%8C%E9%A4%A8,一般60；活動46不採。,Source_Ledger_v02,TPI-180|2026,超市／自煮食材,,,v0.4-governance-20260912
EV-00404,LEG-EC-341,TPI-182,LEGACY_EVIDENCE_LEDGER,2026,2026,59,46274,A,A,2026 verified,,https://shop.pxgo.com.tw/hourArrive/goods/723086-13030170-4710126093829,單件價59元。,Source_Ledger_v02,TPI-182|2026,超市／自煮食材,,,v0.4-governance-20260912
EV-00405,LEG-EC-313,TPI-197,LEGACY_EVIDENCE_LEDGER,2026,2026,72,46274,A,A,2026 verified,,https://shop.pxgo.com.tw/hourArrive/activity/1724,一般價72元。,Source_Ledger_v02,TPI-197|2026,超市／自煮食材,,,v0.4-governance-20260912
EV-00406,LEG-EC-323,TPI-210,LEGACY_EVIDENCE_LEDGER,2026,2026,135,46274,A,A,2026 verified,,https://online.carrefour.com.tw/zh/%E5%93%81%E7%89%8C%E6%97%97%E8%89%A6%E9%A4%A8/%E5%AE%B6%E6%A8%82%E6%B0%8F%EF%BD%9C%E5%93%81%E5%AE%A2%E5%93%81%E7%89%8C%E9%A4%A8/%E3%80%90%E4%B8%BB%E6%89%93%E6%B4%BB%E5%8B%95%E3%80%91,家樂福品牌館一般價135元。,Source_Ledger_v02,TPI-210|2026,超市／自煮食材,,,v0.4-governance-20260912
EV-00407,LEG-EC-350,TPI-213,LEGACY_EVIDENCE_LEDGER,2026,2026,211,46274,A,B,2026 verified / PACKAGE-CHANGE,,https://online.carrefour.com.tw/zh/search/tagPage/?tags=%E6%B2%96%E6%B3%A1%E9%A3%B2%E5%93%81%2C%E7%BE%8E%E7%A5%BF,2026現行450g一般價211；跨年需單位標準化。,Source_Ledger_v02,TPI-213|2026,超市／自煮食材,,,v0.4-governance-20260912
EV-00408,LEG-EC-312,TPI-218,LEGACY_EVIDENCE_LEDGER,2026,2026,29,46274,A,A,2026 verified,,https://shop.pxgo.com.tw/hourArrive/activity/218,實體化為冠軍egg L10入，29元。,Source_Ledger_v02,TPI-218|2026,超市／自煮食材,,,v0.4-governance-20260912
EV-00409,LEG-EC-352,TPI-221,LEGACY_EVIDENCE_LEDGER,2026,2026,72,46274,A,A,2026 verified,,https://shop.pxgo.com.tw/hourArrive/activity/178,1000g 72元。,Source_Ledger_v02,TPI-221|2026,超市／自煮食材,,,v0.4-governance-20260912
EV-00410,LEG-EC-333,TPI-224,LEGACY_EVIDENCE_LEDGER,2026,2026,75,46274,A,A,2026 verified,,https://shop.pxgo.com.tw/hourArrive/activity/178,約1000g 75元。,Source_Ledger_v02,TPI-224|2026,超市／自煮食材,,,v0.4-governance-20260912
EV-00411,LEG-EC-348,TPI-227,LEGACY_EVIDENCE_LEDGER,2026,2026,45,46274,A,B,2026 verified,,https://shop.pxgo.com.tw/hourArrive/activity/142,450g、45元；跨年需unit-price normalization。,Source_Ledger_v02,TPI-227|2026,超市／自煮食材,,,v0.4-governance-20260912
EV-00412,LEG-EC-319,TPI-230,LEGACY_EVIDENCE_LEDGER,2026,2026,45,46274,A,B,2026 verified,,https://shop.pxgo.com.tw/hourArrive/activity/142,450g、45元。,Source_Ledger_v02,TPI-230|2026,超市／自煮食材,,,v0.4-governance-20260912
EV-00413,LEG-EC-347,TPI-233,LEGACY_EVIDENCE_LEDGER,2026,2026,118,46274,A,B,2026 verified,,https://shop.pxgo.com.tw/hourArrive/activity/142,約180g 118元。,Source_Ledger_v02,TPI-233|2026,超市／自煮食材,,,v0.4-governance-20260912
EV-00414,LEG-EC-354,TPI-236,LEGACY_EVIDENCE_LEDGER,2026,2026,99,46274,A,B,2026 verified,,https://shop.pxgo.com.tw/hourArrive/activity/142,300g 99元。,Source_Ledger_v02,TPI-236|2026,超市／自煮食材,,,v0.4-governance-20260912
EV-00415,LEG-EC-353,TPI-239,LEGACY_EVIDENCE_LEDGER,2026,2026,159,46274,A,B,2026 verified,,https://shop.pxgo.com.tw/hourArrive/activity/142,250g 159元。,Source_Ledger_v02,TPI-239|2026,超市／自煮食材,,,v0.4-governance-20260912
EV-00416,LEG-EC-339,TPI-242,LEGACY_EVIDENCE_LEDGER,2026,2026,21,46274,A,A,2026 verified,,https://shop.pxgo.com.tw/hourArrive/goods/242286-21040061-4710126095540,單件21元；促銷另記。,Source_Ledger_v02,TPI-242|2026,超市／自煮食材,,,v0.4-governance-20260912
EV-00417,LEG-EC-339,TPI-243,LEGACY_EVIDENCE_LEDGER,2026,2026,21,46274,A,A,2026 verified,,https://online.carrefour.com.tw/zh/%E7%94%9F%E9%AE%AE%E5%86%B7%E5%87%8D/%E7%81%AB%E7%83%A4%E6%96%99%E7%90%86,一般21；活動20不採。,Source_Ledger_v02,TPI-243|2026,超市／自煮食材,,,v0.4-governance-20260912
EV-00418,LEG-EC-351,TPI-245,LEGACY_EVIDENCE_LEDGER,2026,2026,38,46274,A,A,2026 verified,,https://shop.pxgo.com.tw/hourArrive/activity/142,250g 38元。,Source_Ledger_v02,TPI-245|2026,超市／自煮食材,,,v0.4-governance-20260912
EV-00419,LEG-EC-332,TPI-248,LEGACY_EVIDENCE_LEDGER,2026,2026,88,46274,A,B,2026 verified,,https://shop.pxgo.com.tw/hourArrive/activity/142,約300g 88元。,Source_Ledger_v02,TPI-248|2026,超市／自煮食材,,,v0.4-governance-20260912
EV-00420,LEG-EC-018,TPI-251,LEGACY_EVIDENCE_LEDGER,2026,2026,10,46274,A,A,2026 verified,,https://www.7-11.com.tw/Company/esg/news_detail.aspx?id=1132,7-ELEVEN官方2026資料明列茶葉蛋10元。2020年內有調價跡象，因此本輪不任取某月當2020代表價。,Source_Ledger_v02,TPI-251|2026,便利商店食品飲料,,,v0.4-governance-20260912
EV-00421,LEG-EC-017,TPI-252,LEGACY_EVIDENCE_LEDGER,2026,2026,28,46274,A,A,2026 verified,,https://www.7-11.com.tw/freshfoods/1_Ricerolls/,官方御飯糰頁現價28元。,Source_Ledger_v02,TPI-252|2026,便利商店食品飲料,,,v0.4-governance-20260912
EV-00422,LEG-EC-010,TPI-253,LEGACY_EVIDENCE_LEDGER,2026,2026,25,46274,A,A,2026 verified / DEDUPED,,https://www.7-11.com.tw/freshfoods/1_Ricerolls/,語意去重修正：原TPI-253與TPI-080皆為雙蔬鮪魚飯糰。改鎖官方現行櫸木燻雞飯糰25元；不沿用原品項歷史價。,Source_Ledger_v02,TPI-253|2026,便利商店食品飲料,,,v0.4-governance-20260912
EV-00423,LEG-EC-027,TPI-254,LEGACY_EVIDENCE_LEDGER,2026,2026,49,46274,A,A,2026 verified,,https://www.7-11.com.tw/freshfoods/2_Sandwich/index.aspx,7-ELEVEN官方三明治頁現價49元。,Source_Ledger_v02,TPI-254|2026,便利商店食品飲料,,,v0.4-governance-20260912
EV-00424,LEG-EC-009,TPI-255,LEGACY_EVIDENCE_LEDGER,2026,2026,119,46274,A,A,2026 verified,,https://www.7-11.com.tw/freshfoods/3_Cuisine/index.aspx?vid=53430,7-ELEVEN官方鮮食頁現價119元。,Source_Ledger_v02,TPI-255|2026,便利商店食品飲料,,,v0.4-governance-20260912
EV-00425,LEG-EC-021,TPI-256,LEGACY_EVIDENCE_LEDGER,2026,2026,15,46274,A,A,2026 verified,,https://www.7-11.com.tw/freshfoods/7_Oden/index.aspx,7-ELEVEN官方關東煮頁15元。,Source_Ledger_v02,TPI-256|2026,便利商店食品飲料,,,v0.4-governance-20260912
EV-00426,LEG-EC-022,TPI-257,LEGACY_EVIDENCE_LEDGER,2026,2026,15,46274,A,A,2026 verified,,https://www.7-11.com.tw/freshfoods/7_Oden/index.aspx,7-ELEVEN官方頁台灣黑輪15元。,Source_Ledger_v02,TPI-257|2026,便利商店食品飲料,,,v0.4-governance-20260912
EV-00427,LEG-EC-006,TPI-258,LEGACY_EVIDENCE_LEDGER,2026,2026,42,46274,A,A,2026 verified,,https://www.7-11.com.tw/event/bigbite/,官方頁麵包12＋原味熱狗30，固定組合42元。,Source_Ledger_v02,TPI-258|2026,便利商店食品飲料,,,v0.4-governance-20260912
EV-00428,LEG-EC-015,TPI-261,LEGACY_EVIDENCE_LEDGER,2026,2026,25,46274,A,A,2026 verified,,https://www.7-11.com.tw/event/26lovemom/index.aspx,官方2026商品表列售價25元。,Source_Ledger_v02,TPI-261|2026,便利商店食品飲料,,,v0.4-governance-20260912
EV-00429,LEG-EC-005,TPI-262,LEGACY_EVIDENCE_LEDGER,2026,2026,35,46274,B,A,2026 verified,,https://24h.pchome.com.tw/prod/DBCRQ4-A900JUXXW,有效7-ELEVEN隨行取單瓶35元；Evidence=B。,Source_Ledger_v02,TPI-262|2026,便利商店食品飲料,,,v0.4-governance-20260912
EV-00430,LEG-EC-003,TPI-264,LEGACY_EVIDENCE_LEDGER,2026,2026,89,46274,A,A,2026 verified,,https://www.7-11.com.tw/freshfoods/3_SimpleFit/index.aspx,7-ELEVEN官方Simple-Fit頁；固定具名SKU。,Source_Ledger_v02,TPI-264|2026,便利商店食品飲料,,,v0.4-governance-20260912
EV-00431,LEG-EC-004,TPI-265,LEGACY_EVIDENCE_LEDGER,2026,2026,69,46274,A,A,2026 verified,,https://www.7-11.com.tw/freshfoods/hot.aspx?trk=public_profile_project-title,7-ELEVEN官方鮮食頁現價69元。,Source_Ledger_v02,TPI-265|2026,便利商店食品飲料,,,v0.4-governance-20260912
EV-00432,LEG-EC-025,TPI-266,LEGACY_EVIDENCE_LEDGER,2026,2026,79,46274,A,A,2026 verified,,https://www.7-11.com.tw/7app/,7-ELEVEN官方鮮食頁現價79元；固定具名SKU。,Source_Ledger_v02,TPI-266|2026,便利商店食品飲料,,,v0.4-governance-20260912
EV-00433,LEG-EC-007,TPI-275,LEGACY_EVIDENCE_LEDGER,2026,2026,99,46274,A,A,2026 verified,,https://www.family.com.tw/Marketing/vi/FreshFood/Product,全家官方鮮食頁原價99元。,Source_Ledger_v02,TPI-275|2026,便利商店食品飲料,,,v0.4-governance-20260912
EV-00434,LEG-EC-019,TPI-276,LEGACY_EVIDENCE_LEDGER,2026,2026,79,46274,A,A,2026 verified,,https://www.family.com.tw/Marketing/vi/FreshFood/Product,全家官方鮮食頁原價79元。,Source_Ledger_v02,TPI-276|2026,便利商店食品飲料,,,v0.4-governance-20260912
EV-00435,LEG-EC-002,TPI-281,LEGACY_EVIDENCE_LEDGER,2026,2026,65,46274,A,A,2026 verified,,https://www.family.com.tw/Marketing/zh/FreshFood,全家官方鮮食資料鎖定具名SKU；一般價65元。,Source_Ledger_v02,TPI-281|2026,便利商店食品飲料,,,v0.4-governance-20260912
EV-00436,LEG-EC-024,TPI-282,LEGACY_EVIDENCE_LEDGER,2026,2026,65,46274,A,A,2026 verified,,https://www.family.com.tw/Marketing/vi/FreshFood/Product,全家官方鮮食頁原價65元。,Source_Ledger_v02,TPI-282|2026,便利商店食品飲料,,,v0.4-governance-20260912
EV-00437,LEG-EC-020,TPI-293,LEGACY_EVIDENCE_LEDGER,2026,2026,89,46274,A,A,2026 verified,,https://www.okmart.com.tw/hotProducts_purchaseDetail.aspx?ID=700,OKmart官方熱門商品頁售價89元。,Source_Ledger_v02,TPI-293|2026,便利商店食品飲料,,,v0.4-governance-20260912
EV-00438,LEG-EC-013,TPI-297,LEGACY_EVIDENCE_LEDGER,2026,2026,105,46274,A,A,2026 verified,,https://www.7-11.com.tw/event/26lovemom/index.aspx,2026年7-ELEVEN官方活動表列售價105元；不採點數回饋。,Source_Ledger_v02,TPI-297|2026,便利商店食品飲料,,,v0.4-governance-20260912
EV-00439,LEG-EC-208,TPI-299,LEGACY_EVIDENCE_LEDGER,historical,2020,61,43983,D,A,Matched,,https://www.dcard.tw/f/food/p/233454916,2020優惠券明列咔啦脆雞單塊原價61；2026一般價71。,Source_Ledger_v02,TPI-299|historical,正餐／小吃／早餐,,,v0.4-governance-20260912
EV-00440,LEG-EC-208,TPI-299,LEGACY_EVIDENCE_LEDGER,2026,2026,71,46274,B,A,Matched,,https://www.money101.com.tw/blog/%E6%9C%80%E6%96%B0%E8%82%AF%E5%BE%B7%E5%9F%BA%E8%8F%9C%E5%96%AE-%E6%97%A9%E9%A4%90-%E8%9B%8B%E5%A1%94%E5%85%A8%E5%AE%B6%E6%A1%B6%E5%83%B9%E9%8C%A2%E5%84%AA%E6%83%A0%E5%BD%99%E6%95%B4-%E4%BF%A1,2020優惠券明列咔啦脆雞單塊原價61；2026一般價71。,Source_Ledger_v02,TPI-299|2026,正餐／小吃／早餐,,,v0.4-governance-20260912
EV-00441,LEG-EC-202,TPI-300,LEGACY_EVIDENCE_LEDGER,historical,2020,35,43983,D,A,Matched,,https://www.dcard.tw/f/food/p/233454916,2020原味蛋撻單顆原價35；2026一般價47。,Source_Ledger_v02,TPI-300|historical,正餐／小吃／早餐,,,v0.4-governance-20260912
EV-00442,LEG-EC-202,TPI-300,LEGACY_EVIDENCE_LEDGER,2026,2026,47,46274,B,A,Matched,,https://www.money101.com.tw/blog/%E6%9C%80%E6%96%B0%E8%82%AF%E5%BE%B7%E5%9F%BA%E8%8F%9C%E5%96%AE-%E6%97%A9%E9%A4%90-%E8%9B%8B%E5%A1%94%E5%85%A8%E5%AE%B6%E6%A1%B6%E5%83%B9%E9%8C%A2%E5%84%AA%E6%83%A0%E5%BD%99%E6%95%B4-%E4%BF%A1,2020原味蛋撻單顆原價35；2026一般價47。,Source_Ledger_v02,TPI-300|2026,正餐／小吃／早餐,,,v0.4-governance-20260912
EV-00443,LEG-EC-209,TPI-301,LEGACY_EVIDENCE_LEDGER,2026,2026,95,46274,B,B,2026 verified,,https://www.money101.com.tw/blog/%E6%9C%80%E6%96%B0%E8%82%AF%E5%BE%B7%E5%9F%BA%E8%8F%9C%E5%96%AE-%E6%97%A9%E9%A4%90-%E8%9B%8B%E5%A1%94%E5%85%A8%E5%AE%B6%E6%A1%B6%E5%83%B9%E9%8C%A2%E5%84%AA%E6%83%A0%E5%BD%99%E6%95%B4-%E4%BF%A1,2026常態餐點參考95元起。,Source_Ledger_v02,TPI-301|2026,正餐／小吃／早餐,,,v0.4-governance-20260912
EV-00444,LEG-EC-193,TPI-302,LEGACY_EVIDENCE_LEDGER,historical,2020,45,43983,D,A,Matched,,https://www.dcard.tw/f/food/p/233454916,2020上校雞塊4塊原價45；2026同4塊49。,Source_Ledger_v02,TPI-302|historical,正餐／小吃／早餐,,,v0.4-governance-20260912
EV-00445,LEG-EC-193,TPI-302,LEGACY_EVIDENCE_LEDGER,2026,2026,49,46274,B,A,Matched,,https://www.money101.com.tw/blog/%E6%9C%80%E6%96%B0%E8%82%AF%E5%BE%B7%E5%9F%BA%E8%8F%9C%E5%96%AE-%E6%97%A9%E9%A4%90-%E8%9B%8B%E5%A1%94%E5%85%A8%E5%AE%B6%E6%A1%B6%E5%83%B9%E9%8C%A2%E5%84%AA%E6%83%A0%E5%BD%99%E6%95%B4-%E4%BF%A1,2020上校雞塊4塊原價45；2026同4塊49。,Source_Ledger_v02,TPI-302|2026,正餐／小吃／早餐,,,v0.4-governance-20260912
EV-00446,,TPI-305,LEGACY_EVIDENCE_LEDGER,historical,2020,89,43952,B,A,Matched,,https://supertaste.tvbs.com.tw/food/322144,2020小華堡原價89；2026官方119。,Source_Ledger_v02,TPI-305|historical,正餐／小吃／早餐,,,v0.4-governance-20260912
EV-00447,,TPI-305,LEGACY_EVIDENCE_LEDGER,2026,2026,119,46274,A,A,Matched,,https://www.burgerking.com.tw/category/3,2020小華堡原價89；2026官方119。,Source_Ledger_v02,TPI-305|2026,正餐／小吃／早餐,,,v0.4-governance-20260912
EV-00448,LEG-EC-196,TPI-306,LEGACY_EVIDENCE_LEDGER,2026,2026,59,46274,A,A,2026 verified,,https://www.burgerking.com.tw/category/5,漢堡王官方點心菜單中薯59元。,Source_Ledger_v02,TPI-306|2026,正餐／小吃／早餐,,,v0.4-governance-20260912
EV-00449,LEG-EC-203,TPI-310,LEGACY_EVIDENCE_LEDGER,historical,2020,25,44129,C,A,Matched,,https://loveruru1106.pixnet.net/blog/posts/9554217544,2020原味蛋餅25；2026仍25，0%控制組。,Source_Ledger_v02,TPI-310|historical,正餐／小吃／早餐,,,v0.4-governance-20260912
EV-00450,LEG-EC-203,TPI-310,LEGACY_EVIDENCE_LEDGER,2026,2026,25,46274,B,A,Matched,,https://baliman.tw/blog/post/q-burger-menu,2020原味蛋餅25；2026仍25，0%控制組。,Source_Ledger_v02,TPI-310|2026,正餐／小吃／早餐,,,v0.4-governance-20260912
EV-00451,LEG-EC-277,TPI-311,LEGACY_EVIDENCE_LEDGER,2026,2026,40,46274,B,A,2026 verified,,https://baliman.tw/blog/post/q-burger-menu,2026菜單整理列鮪魚蛋餅40元。,Source_Ledger_v02,TPI-311|2026,正餐／小吃／早餐,,,v0.4-governance-20260912
EV-00452,LEG-EC-264,TPI-312,LEGACY_EVIDENCE_LEDGER,2026,2026,50,46274,B,B,2026 verified / MENU-CHANGE,,https://baliman.tw/blog/post/q-burger-menu,2026菜單列里肌豬排吐司50；現行官方亦確認該SKU。因原master含蛋，不做舊品直接配對。,Source_Ledger_v02,TPI-312|2026,正餐／小吃／早餐,,,v0.4-governance-20260912
EV-00453,LEG-EC-277,TPI-314,LEGACY_EVIDENCE_LEDGER,2026,2026,50,46274,B,A,2026 verified,,https://food.codecity.com.tw/b/mwd,2026菜單整理並對照品牌菜單，鮪魚蛋餅50元。,Source_Ledger_v02,TPI-314|2026,正餐／小吃／早餐,,,v0.4-governance-20260912
EV-00454,LEG-EC-290,TPI-315,LEGACY_EVIDENCE_LEDGER,2026,2026,65,46274,B,B,2026 verified / ID-REFINED,,https://baliman.tw/blog/post/mwd-menu,2026具名SKU價格65元；與原泛稱近似但非完全同名，Comparability=B。,Source_Ledger_v02,TPI-315|2026,正餐／小吃／早餐,,,v0.4-governance-20260912
EV-00455,,TPI-316,LEGACY_EVIDENCE_LEDGER,2026,2026,35,46274,B,A,2026 verified / SIZE-LOCK,,https://baliman.tw/blog/post/mwd-menu,2026菜單奶茶L為35；原master『大杯』實體化為L，避免先前M/L混淆。,Source_Ledger_v02,TPI-316|2026,正餐／小吃／早餐,,,v0.4-governance-20260912
EV-00456,LEG-EC-224,TPI-320,LEGACY_EVIDENCE_LEDGER,2026,2026,29,46274,B,A,2026 verified,,https://supertaste.tvbs.com.tw/pack/360145,2026-06-22起每顆29元。,Source_Ledger_v02,TPI-320|2026,正餐／小吃／早餐,,,v0.4-governance-20260912
EV-00457,LEG-EC-258,TPI-321,LEGACY_EVIDENCE_LEDGER,2026,2026,320,46274,B,A,2026 verified,,https://supertaste.tvbs.com.tw/pack/360145,2026-06-22起320元。,Source_Ledger_v02,TPI-321|2026,正餐／小吃／早餐,,,v0.4-governance-20260912
EV-00458,LEG-EC-259,TPI-322,LEGACY_EVIDENCE_LEDGER,2026,2026,240,46274,B,A,2026 verified,,https://supertaste.tvbs.com.tw/pack/360145,2026-06-22起240元。,Source_Ledger_v02,TPI-322|2026,正餐／小吃／早餐,,,v0.4-governance-20260912
EV-00459,LEG-EC-248,TPI-323,LEGACY_EVIDENCE_LEDGER,2026,2026,130,46274,B,A,2026 verified,,https://supertaste.tvbs.com.tw/pack/360145,2026-06-22起130元。,Source_Ledger_v02,TPI-323|2026,正餐／小吃／早餐,,,v0.4-governance-20260912
EV-00460,LEG-EC-215,TPI-324,LEGACY_EVIDENCE_LEDGER,2026,2026,170,46274,C,A,2026 verified,,https://www.foodpanda.com.tw/restaurant/nki9/san-ma-chou-chou-guo-bu-xin-wen-hua-dian,頁面明確標示<店內價>170元。,Source_Ledger_v02,TPI-324|2026,正餐／小吃／早餐,,,v0.4-governance-20260912
EV-00461,LEG-EC-239,TPI-325,LEGACY_EVIDENCE_LEDGER,2026,2026,170,46274,C,A,2026 verified,,https://www.foodpanda.com.tw/restaurant/nki9/san-ma-chou-chou-guo-bu-xin-wen-hua-dian,頁面明確標示<店內價>170元。,Source_Ledger_v02,TPI-325|2026,正餐／小吃／早餐,,,v0.4-governance-20260912
EV-00462,LEG-EC-237,TPI-326,LEGACY_EVIDENCE_LEDGER,2026,2026,170,46274,C,A,2026 verified,,https://www.foodpanda.com.tw/restaurant/nki9/san-ma-chou-chou-guo-bu-xin-wen-hua-dian,頁面明確標示<店內價>170元。,Source_Ledger_v02,TPI-326|2026,正餐／小吃／早餐,,,v0.4-governance-20260912
EV-00463,LEG-EC-271,TPI-327,LEGACY_EVIDENCE_LEDGER,historical,2020,39,43922,C,A,Matched,,https://heidichao.pixnet.net/blog/posts/5068804735,2020魯肉飯小39；2026一般門市71。,Source_Ledger_v02,TPI-327|historical,正餐／小吃／早餐,,,v0.4-governance-20260912
EV-00464,LEG-EC-271,TPI-327,LEGACY_EVIDENCE_LEDGER,2026,2026,71,46274,B,A,Matched,,https://ec.ltn.com.tw/article/breakingnews/5306654,2020魯肉飯小39；2026一般門市71。,Source_Ledger_v02,TPI-327|2026,正餐／小吃／早餐,,,v0.4-governance-20260912
EV-00465,LEG-EC-268,TPI-328,LEGACY_EVIDENCE_LEDGER,2026,2026,39,46274,B,A,2026 verified,,https://saratrip.com/fmsc-handy-menu/,2026-03菜單整理雞肉飯小39；未採外送平台47。,Source_Ledger_v02,TPI-328|2026,正餐／小吃／早餐,,,v0.4-governance-20260912
EV-00466,LEG-EC-211,TPI-329,LEGACY_EVIDENCE_LEDGER,2026,2026,130,46274,B,A,2026 verified,,https://ec.ltn.com.tw/article/breakingnews/5306654,公告明列唐山里肌豬排便當130元。,Source_Ledger_v02,TPI-329|2026,正餐／小吃／早餐,,,v0.4-governance-20260912
EV-00467,LEG-EC-241,TPI-330,LEGACY_EVIDENCE_LEDGER,historical,2020,100,43964,D,A,Matched,,https://www.ptt.cc/bbs/Hsinchu/M.1589343168.A.B27.html,2020食記明列炸排骨飯100；2026店內125。,Source_Ledger_v02,TPI-330|historical,正餐／小吃／早餐,,,v0.4-governance-20260912
EV-00468,LEG-EC-241,TPI-330,LEGACY_EVIDENCE_LEDGER,2026,2026,125,46274,B,A,Matched,,https://baliman.tw/blog/post/liang-she-han-menu,2020食記明列炸排骨飯100；2026店內125。,Source_Ledger_v02,TPI-330|2026,正餐／小吃／早餐,,,v0.4-governance-20260912
EV-00469,LEG-EC-233,TPI-331,LEGACY_EVIDENCE_LEDGER,2026,2026,138,46274,B,A,2026 verified,,https://baliman.tw/blog/post/liang-she-han-menu,2026店內便當價138。,Source_Ledger_v02,TPI-331|2026,正餐／小吃／早餐,,,v0.4-governance-20260912
EV-00470,LEG-EC-206,TPI-332,LEGACY_EVIDENCE_LEDGER,2026,2026,35,46274,B,A,2026 verified,,https://baliman.tw/blog/post/liang-she-han-menu,2026菜單古早味燙青菜35元。,Source_Ledger_v02,TPI-332|2026,正餐／小吃／早餐,,,v0.4-governance-20260912
EV-00471,LEG-EC-228,TPI-336,LEGACY_EVIDENCE_LEDGER,historical,2020,6,43983,C,A,Matched,,https://tpe.twagoda.com/entry/103682852.html,2020菜單招牌鍋貼6；2026為7。,Source_Ledger_v02,TPI-336|historical,正餐／小吃／早餐,,,v0.4-governance-20260912
EV-00472,LEG-EC-228,TPI-336,LEGACY_EVIDENCE_LEDGER,2026,2026,7,46274,B,A,Matched,,https://dailydietitian.com.tw/%E5%9B%9B%E6%B5%B7%E9%81%8A%E9%BE%8D%E8%8F%9C%E5%96%AE-%E5%83%B9%E7%9B%AE%E8%A1%A8-%E7%86%B1%E9%87%8F/,2020菜單招牌鍋貼6；2026為7。,Source_Ledger_v02,TPI-336|2026,正餐／小吃／早餐,,,v0.4-governance-20260912
EV-00473,LEG-EC-270,TPI-337,LEGACY_EVIDENCE_LEDGER,historical,2020,6,43983,C,A,Matched,,https://tpe.twagoda.com/entry/103682852.html,2020韭菜水餃6；2026為7.5。,Source_Ledger_v02,TPI-337|historical,正餐／小吃／早餐,,,v0.4-governance-20260912
EV-00474,LEG-EC-270,TPI-337,LEGACY_EVIDENCE_LEDGER,2026,2026,7.5,46274,B,A,Matched,,https://dailydietitian.com.tw/%E5%9B%9B%E6%B5%B7%E9%81%8A%E9%BE%8D%E8%8F%9C%E5%96%AE-%E5%83%B9%E7%9B%AE%E8%A1%A8-%E7%86%B1%E9%87%8F/,2020韭菜水餃6；2026為7.5。,Source_Ledger_v02,TPI-337|2026,正餐／小吃／早餐,,,v0.4-governance-20260912
EV-00475,LEG-EC-250,TPI-338,LEGACY_EVIDENCE_LEDGER,2026,2026,170,46274,B,A,2026 verified,,https://dailydietitian.com.tw/%E5%9B%9B%E6%B5%B7%E9%81%8A%E9%BE%8D%E8%8F%9C%E5%96%AE-%E5%83%B9%E7%9B%AE%E8%A1%A8-%E7%86%B1%E9%87%8F/,原『牛肉麵』鎖為紅燒牛肉麵，2026價格170。,Source_Ledger_v02,TPI-338|2026,正餐／小吃／早餐,,,v0.4-governance-20260912
EV-00476,LEG-EC-278,TPI-339,LEGACY_EVIDENCE_LEDGER,historical,2020,30,43858,C,A,Matched,,https://judy0226kimo.pixnet.net/blog/posts/14218014602,2020一般握壽司均一30；鮭魚屬基本握壽司。2026官方40。,Source_Ledger_v02,TPI-339|historical,正餐／小吃／早餐,,,v0.4-governance-20260912
EV-00477,LEG-EC-278,TPI-339,LEGACY_EVIDENCE_LEDGER,2026,2026,40,46274,A,A,Matched,,https://www.sushiexpress.com.tw/sushi-express/Menu,2020一般握壽司均一30；鮭魚屬基本握壽司。2026官方40。,Source_Ledger_v02,TPI-339|2026,正餐／小吃／早餐,,,v0.4-governance-20260912
EV-00478,LEG-EC-282,TPI-340,LEGACY_EVIDENCE_LEDGER,historical,2020,30,43858,C,A,Matched,,https://judy0226kimo.pixnet.net/blog/posts/14218014602,2020鮮魚味噌湯30；2026官方30，0%控制組。,Source_Ledger_v02,TPI-340|historical,正餐／小吃／早餐,,,v0.4-governance-20260912
EV-00479,LEG-EC-282,TPI-340,LEGACY_EVIDENCE_LEDGER,2026,2026,30,46274,A,A,Matched,,https://www.sushiexpress.com.tw/sushi-express/Menu,2020鮮魚味噌湯30；2026官方30，0%控制組。,Source_Ledger_v02,TPI-340|2026,正餐／小吃／早餐,,,v0.4-governance-20260912
EV-00480,LEG-EC-223,TPI-341,LEGACY_EVIDENCE_LEDGER,historical,2020,30,43858,C,A,Matched,,https://judy0226kimo.pixnet.net/blog/posts/14218014602,2020扇貝茶碗蒸30；2026官方30，0%控制組。,Source_Ledger_v02,TPI-341|historical,正餐／小吃／早餐,,,v0.4-governance-20260912
EV-00481,LEG-EC-223,TPI-341,LEGACY_EVIDENCE_LEDGER,2026,2026,30,46274,A,A,Matched,,https://www.sushiexpress.com.tw/sushi-express/Menu,2020扇貝茶碗蒸30；2026官方30，0%控制組。,Source_Ledger_v02,TPI-341|2026,正餐／小吃／早餐,,,v0.4-governance-20260912
EV-00482,LEG-EC-279,TPI-342,LEGACY_EVIDENCE_LEDGER,historical,2020,40,43919,C,A,Matched,,https://www.walkerland.com.tw/article/view/257599,2020壽司郎基本40元帶鮭魚；2026同40元帶。,Source_Ledger_v02,TPI-342|historical,正餐／小吃／早餐,,,v0.4-governance-20260912
EV-00483,LEG-EC-279,TPI-342,LEGACY_EVIDENCE_LEDGER,2026,2026,40,46274,A,A,Matched,,https://www.sushiro.com.tw/Menu,2020壽司郎基本40元帶鮭魚；2026同40元帶。,Source_Ledger_v02,TPI-342|2026,正餐／小吃／早餐,,,v0.4-governance-20260912
EV-00484,LEG-EC-275,TPI-343,LEGACY_EVIDENCE_LEDGER,historical,2020,40,44178,C,A,Matched,,https://menutaiwan.com/tw/restaurants/pLO7U27Wih,2020藏壽司基本握壽司40；2026官方鮪魚40，0%控制組。,Source_Ledger_v02,TPI-343|historical,正餐／小吃／早餐,,,v0.4-governance-20260912
EV-00485,LEG-EC-275,TPI-343,LEGACY_EVIDENCE_LEDGER,2026,2026,40,46274,A,A,Matched,,https://www.kurasushi.tw/products,2020藏壽司基本握壽司40；2026官方鮪魚40，0%控制組。,Source_Ledger_v02,TPI-343|2026,正餐／小吃／早餐,,,v0.4-governance-20260912
EV-00486,LEG-EC-252,TPI-344,LEGACY_EVIDENCE_LEDGER,2026,2026,380,46274,B,A,2026 verified,,https://food.codecity.com.tw/b/chikan,2026-07依官方菜單查證最低完整鍋物套餐為美國牛五花中份380元。,Source_Ledger_v02,TPI-344|2026,正餐／小吃／早餐,,,v0.4-governance-20260912
EV-00487,LEG-EC-194,TPI-345,LEGACY_EVIDENCE_LEDGER,historical,2020,218,43979,C,A,Matched,,https://chengabby2011.pixnet.net/blog/posts/15324868971,2020上選豬肉石頭鍋218；2026同基本套餐248。,Source_Ledger_v02,TPI-345|historical,正餐／小吃／早餐,,,v0.4-governance-20260912
EV-00488,LEG-EC-194,TPI-345,LEGACY_EVIDENCE_LEDGER,2026,2026,248,46274,B,A,Matched,,https://baliman.tw/blog/post/12hotpot-menu,2020上選豬肉石頭鍋218；2026同基本套餐248。,Source_Ledger_v02,TPI-345|2026,正餐／小吃／早餐,,,v0.4-governance-20260912
EV-00489,LEG-EC-240,TPI-348,LEGACY_EVIDENCE_LEDGER,2026,2026,220,46274,B,A,2026 verified,,https://baliman.tw/blog/post/cocoichibanya-menu,2026菜單涮豬肉咖哩飯220；核心採未加服務費標價。,Source_Ledger_v02,TPI-348|2026,正餐／小吃／早餐,,,v0.4-governance-20260912
EV-00490,LEG-EC-203,TPI-349,LEGACY_EVIDENCE_LEDGER,2026,2026,35,46274,B,A,2026 verified,,https://baliman.tw/blog/post/morn-kitchen-menu,2026菜單原味蛋餅35元。,Source_Ledger_v02,TPI-349|2026,正餐／小吃／早餐,,,v0.4-governance-20260912
EV-00491,LEG-EC-203,TPI-351,LEGACY_EVIDENCE_LEDGER,historical,2020,20,43857,C,B,Matched,,https://blog.footinder.app/%E5%BD%B0%E5%8C%96%E7%B8%A3%E6%BA%AA%E5%B7%9E%E9%84%89-2/642b005da99b7dfe5fea8715/,固定彰化南州店：2020原味蛋餅20；2026一般菜單整理30。因品牌有地區差價，R=B。,Source_Ledger_v02,TPI-351|historical,正餐／小吃／早餐,,,v0.4-governance-20260912
EV-00492,LEG-EC-203,TPI-351,LEGACY_EVIDENCE_LEDGER,2026,2026,30,46274,B,B,Matched,,https://dailydietitian.com.tw/%E5%BC%98%E7%88%BA%E6%BC%A2%E5%A0%A1%E8%8F%9C%E5%96%AE/,固定彰化南州店：2020原味蛋餅20；2026一般菜單整理30。因品牌有地區差價，R=B。,Source_Ledger_v02,TPI-351|2026,正餐／小吃／早餐,,,v0.4-governance-20260912
EV-00493,LEG-EC-185,TPI-352,LEGACY_EVIDENCE_LEDGER,2026,2026,155,46274,A,A,2026 verified,,https://www.pec21c.com.tw/ContentDetail/%E3%80%90%E5%93%81%E7%89%8C%E6%B4%BB%E5%8B%95%E3%80%91%E9%80%A21%E5%88%B021%E5%90%83%E7%83%A4%E9%9B%9E-240102003-203,官方2026活動明列優惠89、原價155；核心採原價155。,Source_Ledger_v02,TPI-352|2026,正餐／小吃／早餐,,,v0.4-governance-20260912
EV-00494,LEG-EC-214,TPI-353,LEGACY_EVIDENCE_LEDGER,2026,2026,169,46274,B,A,2026 verified,,https://baliman.tw/blog/post/napoli-menu,2026-08民營菜單整理：經典小披薩外帶/內用169元；與外送價分開。,Source_Ledger_v02,TPI-353|2026,正餐／小吃／早餐,,,v0.4-governance-20260912
EV-00495,LEG-EC-198,TPI-354,LEGACY_EVIDENCE_LEDGER,2026,2026,95,46274,A,B,2026 verified / STARTING-PRICE,,https://www.pizzahut.com.tw/order/?mode=step_2&p_id=4968,官方列個人鬆厚95元起；因為起價，Comparability=B。,Source_Ledger_v02,TPI-354|2026,正餐／小吃／早餐,,,v0.4-governance-20260912
EV-00496,LEG-EC-212,TPI-355,LEGACY_EVIDENCE_LEDGER,2026,2026,99,46274,A,A,2026 verified / ID-REFINED,,https://www.dominos.com.tw/Menu/Flavor/NNDX-20240126,官方頁列在地食鮮總匯個人披薩99元；取代動態My box觀測。,Source_Ledger_v02,TPI-355|2026,正餐／小吃／早餐,,,v0.4-governance-20260912
EV-00497,LEG-EC-221,TPI-356,LEGACY_EVIDENCE_LEDGER,historical,2020,378,43863,C,A,Matched,,https://ifoodie.tw/post/5e366d0c22613917aa272af7,2020平日午餐雞豬方案378；2026最新最低豬雞方案490。兩期均未加10%服務費。,Source_Ledger_v02,TPI-356|historical,正餐／小吃／早餐,,,v0.4-governance-20260912
EV-00498,LEG-EC-221,TPI-356,LEGACY_EVIDENCE_LEDGER,2026,2026,490,46274,B,A,Matched,,https://baliman.tw/blog/post/shabuyo-menu,2020平日午餐雞豬方案378；2026最新最低豬雞方案490。兩期均未加10%服務費。,Source_Ledger_v02,TPI-356|2026,正餐／小吃／早餐,,,v0.4-governance-20260912
EV-00499,LEG-EC-220,TPI-357,LEGACY_EVIDENCE_LEDGER,2026,2026,469,46274,B,A,2026 verified,,https://baliman.tw/blog/post/momo-menu,2026菜單平日午餐單鍋469元。,Source_Ledger_v02,TPI-357|2026,正餐／小吃／早餐,,,v0.4-governance-20260912
EV-00500,LEG-EC-216,TPI-358,LEGACY_EVIDENCE_LEDGER,2026,2026,80,46274,B,A,2026 verified,,https://travelss.net/2026/05/04/ximending-day-trip-2026-2/,2026-05具日期文章菜單照：大碗80、小碗65。,Source_Ledger_v02,TPI-358|2026,正餐／小吃／早餐,,,v0.4-governance-20260912
EV-00501,LEG-EC-107,TPI-364,LEGACY_EVIDENCE_LEDGER,historical,2020,45,43997,C,A,Matched,,https://eatcooktw.blog.jp/archives/6351897.html,2020具日期私人菜單；2026路易莎官方菜單；同杯型同品項。,Source_Ledger_v02,TPI-364|historical,咖啡／手搖飲,,,v0.4-governance-20260912
EV-00502,LEG-EC-107,TPI-364,LEGACY_EVIDENCE_LEDGER,2026,2026,60,46274,A,A,Matched,,https://www.louisacoffee.co/products_list/8,2020具日期私人菜單；2026路易莎官方菜單；同杯型同品項。,Source_Ledger_v02,TPI-364|2026,咖啡／手搖飲,,,v0.4-governance-20260912
EV-00503,LEG-EC-082,TPI-365,LEGACY_EVIDENCE_LEDGER,historical,2020,65,43997,C,A,Matched,,https://eatcooktw.blog.jp/archives/6351897.html,2020具日期私人菜單；2026路易莎官方菜單；同杯型同品項。,Source_Ledger_v02,TPI-365|historical,咖啡／手搖飲,,,v0.4-governance-20260912
EV-00504,LEG-EC-082,TPI-365,LEGACY_EVIDENCE_LEDGER,2026,2026,80,46274,A,A,Matched,,https://www.louisacoffee.co/products_list/8,2020具日期私人菜單；2026路易莎官方菜單；同杯型同品項。,Source_Ledger_v02,TPI-365|2026,咖啡／手搖飲,,,v0.4-governance-20260912
EV-00505,LEG-EC-102,TPI-366,LEGACY_EVIDENCE_LEDGER,historical,2020,40,43997,C,A,Matched,,https://eatcooktw.blog.jp/archives/6351897.html,2020具日期私人菜單；2026路易莎官方茶飲菜單；同杯型同品項。,Source_Ledger_v02,TPI-366|historical,咖啡／手搖飲,,,v0.4-governance-20260912
EV-00506,LEG-EC-102,TPI-366,LEGACY_EVIDENCE_LEDGER,2026,2026,50,46274,A,A,Matched,,https://www.louisacoffee.co/products_list/12,2020具日期私人菜單；2026路易莎官方茶飲菜單；同杯型同品項。,Source_Ledger_v02,TPI-366|2026,咖啡／手搖飲,,,v0.4-governance-20260912
EV-00507,LEG-EC-110,TPI-367,LEGACY_EVIDENCE_LEDGER,2026,2026,70,46274,A,A,2026 verified,,https://www.louisacoffee.co/products_list/10,2026官方現價；2020同規格歷史價待回溯。,Source_Ledger_v02,TPI-367|2026,咖啡／手搖飲,,,v0.4-governance-20260912
EV-00508,LEG-EC-103,TPI-368,LEGACY_EVIDENCE_LEDGER,historical,2020,95,43834,C,A,Matched,,https://www.zi.media/%40www4freeappcom/post/bhSmXB,2020星巴克美式Tall 95；2026官方100。,Source_Ledger_v02,TPI-368|historical,咖啡／手搖飲,,,v0.4-governance-20260912
EV-00509,LEG-EC-103,TPI-368,LEGACY_EVIDENCE_LEDGER,2026,2026,100,46274,A,A,Matched,,https://www.starbucks.com.tw/products/drinks/product.jspx?id=693,2020星巴克美式Tall 95；2026官方100。,Source_Ledger_v02,TPI-368|2026,咖啡／手搖飲,,,v0.4-governance-20260912
EV-00510,LEG-EC-111,TPI-369,LEGACY_EVIDENCE_LEDGER,historical,2020,120,43834,C,A,Matched,,https://www.zi.media/%40www4freeappcom/post/bhSmXB,2020那堤Tall 120；2026官方125。,Source_Ledger_v02,TPI-369|historical,咖啡／手搖飲,,,v0.4-governance-20260912
EV-00511,LEG-EC-111,TPI-369,LEGACY_EVIDENCE_LEDGER,2026,2026,125,46274,A,A,Matched,,https://www.starbucks.com.tw/products/drinks/,2020那堤Tall 120；2026官方125。,Source_Ledger_v02,TPI-369|2026,咖啡／手搖飲,,,v0.4-governance-20260912
EV-00512,LEG-EC-081,TPI-370,LEGACY_EVIDENCE_LEDGER,historical,2020,140,43834,C,A,Matched,,https://www.zi.media/%40www4freeappcom/post/bhSmXB,2020焦糖瑪奇朵Tall 140；2026冰焦糖瑪奇朵Tall 145。,Source_Ledger_v02,TPI-370|historical,咖啡／手搖飲,,,v0.4-governance-20260912
EV-00513,LEG-EC-081,TPI-370,LEGACY_EVIDENCE_LEDGER,2026,2026,145,46274,A,A,Matched,,https://www.starbucks.com.tw/products/drinks/product.jspx?catId=117&id=703,2020焦糖瑪奇朵Tall 140；2026冰焦糖瑪奇朵Tall 145。,Source_Ledger_v02,TPI-370|2026,咖啡／手搖飲,,,v0.4-governance-20260912
EV-00514,LEG-EC-096,TPI-371,LEGACY_EVIDENCE_LEDGER,historical,2020,85,43834,C,A,Matched,,https://www.zi.media/%40www4freeappcom/post/bhSmXB,2020每日精選Tall 85；2026官方90。,Source_Ledger_v02,TPI-371|historical,咖啡／手搖飲,,,v0.4-governance-20260912
EV-00515,LEG-EC-096,TPI-371,LEGACY_EVIDENCE_LEDGER,2026,2026,90,46274,A,A,Matched,,https://www.starbucks.com.tw/products/drinks/product.jspx?id=710,2020每日精選Tall 85；2026官方90。,Source_Ledger_v02,TPI-371|2026,咖啡／手搖飲,,,v0.4-governance-20260912
EV-00516,LEG-EC-101,TPI-372,LEGACY_EVIDENCE_LEDGER,2026,2026,70,46274,B,A,2026 verified,,https://cpok.tw/60521,2026私人菜單來源；正式v1前仍應以門市/官方菜單再核對。,Source_Ledger_v02,TPI-372|2026,咖啡／手搖飲,,,v0.4-governance-20260912
EV-00517,LEG-EC-099,TPI-373,LEGACY_EVIDENCE_LEDGER,2026,2026,60,46274,B,A,2026 verified,,https://cpok.tw/60521,2026私人菜單來源；正式v1前仍應門市核對。,Source_Ledger_v02,TPI-373|2026,咖啡／手搖飲,,,v0.4-governance-20260912
EV-00518,LEG-EC-181,TPI-374,LEGACY_EVIDENCE_LEDGER,2026,2026,149,46274,A,A,2026 verified,,https://www.watsons.com.tw/,一般149、特價95；核心採一般價。,Source_Ledger_v02,TPI-374|2026,日用品／個人用品,,,v0.4-governance-20260912
EV-00519,LEG-EC-183,TPI-375,LEGACY_EVIDENCE_LEDGER,2026,2026,199,46274,A,A,2026 verified,,https://www.watsons.com.tw/,一般199、特價135；核心採一般價。,Source_Ledger_v02,TPI-375|2026,日用品／個人用品,,,v0.4-governance-20260912
EV-00520,LEG-EC-149,TPI-376,LEGACY_EVIDENCE_LEDGER,2026,2026,199,46274,A,A,2026 verified,,https://www.watsons.com.tw/promotion-tag/586,原價199；促銷折後不取代。,Source_Ledger_v02,TPI-376|2026,日用品／個人用品,,,v0.4-governance-20260912
EV-00521,LEG-EC-182,TPI-377,LEGACY_EVIDENCE_LEDGER,2026,2026,309,46274,A,B,2026 verified / PACKAGE-TRANSITION,,https://www.watsons.com.tw/%E6%B5%B7%E5%80%AB%E4%BB%99%E5%BA%A6%E7%B5%B2%E8%88%92%E7%B7%A9%E5%8E%BB%E5%B1%91%E6%B4%97%E9%AB%AE%E9%9C%B2-%E6%9C%9D%E6%9B%A6%E6%A9%99%E8%8A%B1680g-%E8%8C%89%E8%8E%89%E8%8A%B1%E9%A6%99750ml-%E9%9A%A8%E6%A9%9F%E5%87%BA%E8%B2%A8/p/BP_171886,原價309；頁面明載680g/750ml隨機出貨，Comparability=B。,Source_Ledger_v02,TPI-377|2026,日用品／個人用品,,,v0.4-governance-20260912
EV-00522,LEG-EC-168,TPI-379,LEGACY_EVIDENCE_LEDGER,2026,2026,499,46274,A,A,2026 verified,,https://www.watsons.com.tw/nivea-%E5%A6%AE%E7%B6%AD%E9%9B%85-%E5%A6%AE%E7%B6%AD%E9%9B%85%E6%A5%B5%E6%BD%A4%E4%BF%AE%E8%AD%B7%E4%B9%B3%E6%B6%B2400ml/p/BP_296149,原價499；促銷339不採。,Source_Ledger_v02,TPI-379|2026,日用品／個人用品,,,v0.4-governance-20260912
EV-00523,LEG-EC-180,TPI-380,LEGACY_EVIDENCE_LEDGER,2026,2026,239,46274,A,A,2026 verified,,https://shop.cosmed.com.tw/,一般239、特價199；核心採一般價。,Source_Ledger_v02,TPI-380|2026,日用品／個人用品,,,v0.4-governance-20260912
EV-00524,LEG-EC-183,TPI-381,LEGACY_EVIDENCE_LEDGER,2026,2026,297,46274,C,A,2026 verified,,https://www.foodpanda.com.tw/,外送頁呈現一般標價297、活動139；核心記一般標價。,Source_Ledger_v02,TPI-381|2026,日用品／個人用品,,,v0.4-governance-20260912
EV-00525,LEG-EC-164,TPI-383,LEGACY_EVIDENCE_LEDGER,2026,2026,149,46274,A,A,2026 verified,,https://www.poyabuy.com.tw/SalePage/Index/9950671?lang=zh-TW,寶雅官方零售頁現價149元。,Source_Ledger_v02,TPI-383|2026,日用品／個人用品,,,v0.4-governance-20260912
EV-00526,LEG-EC-143,TPI-386,LEGACY_EVIDENCE_LEDGER,historical,2020,29,43938,B,A,Matched,,https://www.elle.com/tw/life/style/g32182024/ikea-must-buy-top10/,2020 FRAKTA 29元；2026仍29元，0%控制組。,Source_Ledger_v02,TPI-386|historical,日用品／個人用品,,,v0.4-governance-20260912
EV-00527,LEG-EC-143,TPI-386,LEGACY_EVIDENCE_LEDGER,2026,2026,29,46274,A,A,Matched,,https://www.ikea.com.tw/,2020 FRAKTA 29元；2026仍29元，0%控制組。,Source_Ledger_v02,TPI-386|2026,日用品／個人用品,,,v0.4-governance-20260912
EV-00528,LEG-EC-146,TPI-387,LEGACY_EVIDENCE_LEDGER,2026,2026,379,46274,A,A,2026 verified,,https://www.ikea.com.tw/zh/products/sofa-tables/sofa-tables-and-side-tables/lack-art-10449909,IKEA台灣官方現價379元。,Source_Ledger_v02,TPI-387|2026,日用品／個人用品,,,v0.4-governance-20260912
EV-00529,LEG-EC-145,TPI-388,LEGACY_EVIDENCE_LEDGER,2026,2026,89,46274,A,A,2026 verified,,https://www.ikea.com.tw/zh/products/storing/food-containers/ikea-365%2B-art-10359201,IKEA台灣官方現價89元。,Source_Ledger_v02,TPI-388|2026,日用品／個人用品,,,v0.4-governance-20260912
EV-00530,LEG-EC-141,TPI-389,LEGACY_EVIDENCE_LEDGER,2026,2026,207,46274,A,A,2026 verified,,https://cdn.trplus.com.tw/TLW_Hardware_Tools/c/EC_20120508,一般207、限定優惠159；核心採一般價。,Source_Ledger_v02,TPI-389|2026,日用品／個人用品,,,v0.4-governance-20260912
EV-00531,LEG-EC-178,TPI-392,LEGACY_EVIDENCE_LEDGER,2026,2026,399,46274,A,A,2026 verified,,https://shop.muji.tw/muji-journal/pdf/pdf/25AW-storage.pdf,MUJI台灣25AW官方收納型錄列399元。,Source_Ledger_v02,TPI-392|2026,日用品／個人用品,,,v0.4-governance-20260912
EV-00532,LEG-EC-184,TPI-394,LEGACY_EVIDENCE_LEDGER,2026,2026,29,46274,A,A,2026 verified,,https://www.muji.tw/muji-journal/news/news/260825.html,MUJI 2026-08-25官方生活提案列29元。,Source_Ledger_v02,TPI-394|2026,日用品／個人用品,,,v0.4-governance-20260912
EV-00533,LEG-EC-175,TPI-396,LEGACY_EVIDENCE_LEDGER,2026,2026,559,46274,A,A,2026 verified,,https://www.costco.com.tw/,Costco台灣官方網路現價559元。,Source_Ledger_v02,TPI-396|2026,日用品／個人用品,,,v0.4-governance-20260912
EV-00534,LEG-EC-176,TPI-397,LEGACY_EVIDENCE_LEDGER,2026,2026,459,46274,A,A,2026 verified,,https://www.costco.com.tw/,Costco台灣官方網路現價459元。,Source_Ledger_v02,TPI-397|2026,日用品／個人用品,,,v0.4-governance-20260912
EV-00535,LEG-EC-160,TPI-398,LEGACY_EVIDENCE_LEDGER,2026,2026,509,46274,A,A,2026 verified,,https://www.costco.com.tw/c/Kirkland-Signature-Wastebasket-Liners-Trash-Bags-378-L-X-500-Count/p/87507,Costco台灣官方網路價509元；跨年固定網路通路。,Source_Ledger_v02,TPI-398|2026,日用品／個人用品,,,v0.4-governance-20260912
EV-00536,LEG-EC-165,TPI-399,LEGACY_EVIDENCE_LEDGER,2026,2026,155,46274,A,A,2026 verified,,https://www.poyabuy.com.tw/SalePage/Index/11809991?lang=zh-TW,官方零售頁同時列155/125；核心採一般原價155。,Source_Ledger_v02,TPI-399|2026,日用品／個人用品,,,v0.4-governance-20260912
EV-00537,LEG-EC-144,TPI-400,LEGACY_EVIDENCE_LEDGER,2026,2026,539,46274,A,A,2026 verified,,https://www.poyabuy.com.tw/,寶雅官方商品頁現價539元。,Source_Ledger_v02,TPI-400|2026,日用品／個人用品,,,v0.4-governance-20260912
EV-00538,LEG-EC-177,TPI-402,LEGACY_EVIDENCE_LEDGER,2026,2026,279,46274,A,A,2026 verified,,https://www.watsons.com.tw/%E6%9D%8E%E6%96%BD%E5%BE%B7%E9%9C%96-%E6%9D%8E%E6%96%BD%E5%BE%B7%E9%9C%96%E7%B6%93%E5%85%B8%E5%8E%9F%E5%91%B3%E6%BC%B1%E5%8F%A3%E6%B0%B4750ml/p/BP_375681,原價279；折價199不採。,Source_Ledger_v02,TPI-402|2026,日用品／個人用品,,,v0.4-governance-20260912
EV-00539,LEG-EC-148,TPI-403,LEGACY_EVIDENCE_LEDGER,2026,2026,89,46274,A,A,2026 verified,,https://www.ikea.com.tw/,IKEA台灣官方現價89元。,Source_Ledger_v02,TPI-403|2026,日用品／個人用品,,,v0.4-governance-20260912
EV-00540,LEG-EC-179,TPI-404,LEGACY_EVIDENCE_LEDGER,2026,2026,79,46274,A,A,2026 verified,,https://shop.muji.tw/SalePage/Index/8917993?lang=zh-TW,官方現價79元；將泛稱A5筆記本實體化。,Source_Ledger_v02,TPI-404|2026,日用品／個人用品,,,v0.4-governance-20260912
EV-00541,LEG-EC-291,TPI-405,LEGACY_EVIDENCE_LEDGER,2026,2026,280,46274,A,A,2026 verified,,https://page.line.me/byz9574p,曼都和平店LINE官方帳號價目表。,Source_Ledger_v02,TPI-405|2026,理髮／美容／洗衣,,,v0.4-governance-20260912
EV-00542,LEG-EC-294,TPI-406,LEGACY_EVIDENCE_LEDGER,2026,2026,600,46274,A,B,2026 verified,,https://page.line.me/byz9574p,官方列600up；屬起價。,Source_Ledger_v02,TPI-406|2026,理髮／美容／洗衣,,,v0.4-governance-20260912
EV-00543,LEG-EC-299,TPI-407,LEGACY_EVIDENCE_LEDGER,2026,2026,300,46274,B,A,2026 verified,,https://style-map.com/stylist/175690,StyleMap現行設計師服務頁列洗髮300。,Source_Ledger_v02,TPI-407|2026,理髮／美容／洗衣,,,v0.4-governance-20260912
EV-00544,LEG-EC-294,TPI-408,LEGACY_EVIDENCE_LEDGER,2026,2026,800,46274,B,A,2026 verified,,https://style-map.com/stylist/175690,StyleMap現行設計師服務頁列剪髮800。,Source_Ledger_v02,TPI-408|2026,理髮／美容／洗衣,,,v0.4-governance-20260912
EV-00545,LEG-EC-296,TPI-409,LEGACY_EVIDENCE_LEDGER,2026,2026,500,46274,A,A,2026 verified,,https://www.happyhair.com.tw/store/114/,HAPPYHAIR官方門市價目。,Source_Ledger_v02,TPI-409|2026,理髮／美容／洗衣,,,v0.4-governance-20260912
EV-00546,LEG-EC-305,TPI-410,LEGACY_EVIDENCE_LEDGER,2026,2026,1100,46274,A,B,2026 verified,,https://www.happyhair.com.tw/store/114/,官方列1100up；以起價觀測。,Source_Ledger_v02,TPI-410|2026,理髮／美容／洗衣,,,v0.4-governance-20260912
EV-00547,LEG-EC-299,TPI-411,LEGACY_EVIDENCE_LEDGER,2026,2026,300,46274,B,B,2026 verified,,https://style-map.com/stylist/179443,StyleMap列洗髮300–400；以下限作固定口徑。,Source_Ledger_v02,TPI-411|2026,理髮／美容／洗衣,,,v0.4-governance-20260912
EV-00548,LEG-EC-299,TPI-412,LEGACY_EVIDENCE_LEDGER,2026,2026,300,46274,A,B,2026 verified,,https://leader.com.tw/branch-detail/21,品牌官方門市頁列洗髮300UP。,Source_Ledger_v02,TPI-412|2026,理髮／美容／洗衣,,,v0.4-governance-20260912
EV-00549,LEG-EC-296,TPI-413,LEGACY_EVIDENCE_LEDGER,2026,2026,300,46274,A,A,2026 verified,,https://www.happyhair.com.tw/store/091/,HAPPYHAIR官方高雄陽明店價目。,Source_Ledger_v02,TPI-413|2026,理髮／美容／洗衣,,,v0.4-governance-20260912
EV-00550,LEG-EC-298,TPI-420,LEGACY_EVIDENCE_LEDGER,2026,2026,75,46274,A,A,2026 verified,,https://www.amplaun.com.tw/category/21821,店家官方價目75元。,Source_Ledger_v02,TPI-420|2026,理髮／美容／洗衣,,,v0.4-governance-20260912
EV-00551,LEG-EC-300,TPI-421,LEGACY_EVIDENCE_LEDGER,2026,2026,120,46274,A,A,2026 verified,,https://darwid.com/services/clothing/,店家官方價目男襯衫乾洗120元。,Source_Ledger_v02,TPI-421|2026,理髮／美容／洗衣,,,v0.4-governance-20260912
EV-00552,LEG-EC-304,TPI-422,LEGACY_EVIDENCE_LEDGER,2026,2026,120,46274,A,B,2026 verified,,https://acewash.com.tw/projects/,店家官方價目120元起。,Source_Ledger_v02,TPI-422|2026,理髮／美容／洗衣,,,v0.4-governance-20260912
EV-00553,LEG-EC-295,TPI-423,LEGACY_EVIDENCE_LEDGER,2026,2026,300,46274,B,B,2026 verified,,https://www.beautysoda.tw/place/hair-cut-only/,美容預約平台列單次剪髮300元起。,Source_Ledger_v02,TPI-423|2026,理髮／美容／洗衣,,,v0.4-governance-20260912
EV-00554,LEG-EC-038,TPI-432,LEGACY_EVIDENCE_LEDGER,2026,2026,50,46274,B,A,2026 verified,,https://tsa2026.tw/site/page.aspx?lang=en&pid=582&sid=1657,TSA2026周邊停車資訊列50元/時。,Source_Ledger_v02,TPI-432|2026,停車,,,v0.4-governance-20260912
EV-00555,LEG-EC-037,TPI-433,LEGACY_EVIDENCE_LEDGER,2026,2026,350,46274,B,A,2026 verified,,https://tsa2026.tw/site/page.aspx?lang=en&pid=582&sid=1657,TSA2026周邊停車資訊列當日當次最高350元。,Source_Ledger_v02,TPI-433|2026,停車,,,v0.4-governance-20260912
EV-00556,LEG-EC-040,TPI-434,LEGACY_EVIDENCE_LEDGER,2026,2026,50,46274,B,A,2026 verified,,https://www.findata.com.tw/iparking/lots/detail/DDHTPH017,私人停車資訊頁註明8/29起平日50元/時。,Source_Ledger_v02,TPI-434|2026,停車,,,v0.4-governance-20260912
EV-00557,LEG-EC-039,TPI-435,LEGACY_EVIDENCE_LEDGER,2026,2026,300,46274,B,A,2026 verified,,https://www.findata.com.tw/iparking/lots/detail/DDHTPH017,私人停車資訊頁註明8/29起平日最高300元。,Source_Ledger_v02,TPI-435|2026,停車,,,v0.4-governance-20260912
EV-00558,LEG-EC-042,TPI-436,LEGACY_EVIDENCE_LEDGER,2026,2026,50,46274,B,A,2026 verified,,https://wwwmt-thsrc.cdn.hinet.net/ArticleContent/3301e395-46b8-47aa-aa37-139e15708779,台灣高鐵企業站務頁列P1 50元/時。,Source_Ledger_v02,TPI-436|2026,停車,,,v0.4-governance-20260912
EV-00559,LEG-EC-041,TPI-437,LEGACY_EVIDENCE_LEDGER,2026,2026,350,46274,B,A,2026 verified,,https://wwwmt-thsrc.cdn.hinet.net/ArticleContent/3301e395-46b8-47aa-aa37-139e15708779,台灣高鐵企業站務頁列P1當日最高350元。,Source_Ledger_v02,TPI-437|2026,停車,,,v0.4-governance-20260912
EV-00560,LEG-EC-044,TPI-438,LEGACY_EVIDENCE_LEDGER,2026,2026,40,46274,B,A,2026 verified,,https://parkboss.tw/parking-space/khh-khb00217,ParkBoss 2026-09-09資料：20元/半小時；核心同站每小時40元。,Source_Ledger_v02,TPI-438|2026,停車,,,v0.4-governance-20260912
EV-00561,LEG-EC-043,TPI-439,LEGACY_EVIDENCE_LEDGER,2026,2026,400,46274,B,A,2026 verified,,https://parkboss.tw/parking-space/khh-khb00217,ParkBoss 2026-09-09資料列當日連續停放最高400元。,Source_Ledger_v02,TPI-439|2026,停車,,,v0.4-governance-20260912
EV-00562,LEG-EC-046,TPI-440,LEGACY_EVIDENCE_LEDGER,2026,2026,80,46274,C,A,2026 verified,,https://gotoformosa.com/,2026私人停車資訊來源列80元/時。,Source_Ledger_v02,TPI-440|2026,停車,,,v0.4-governance-20260912
EV-00563,LEG-EC-045,TPI-441,LEGACY_EVIDENCE_LEDGER,2026,2026,7200,46274,B,A,2026 verified,,https://parkboss.tw/parking-space/tpe-tpe0991,"ParkBoss 2026-09-09顯示全日月租7,200元/月。",Source_Ledger_v02,TPI-441|2026,停車,,,v0.4-governance-20260912
EV-00564,LEG-EC-048,TPI-442,LEGACY_EVIDENCE_LEDGER,2026,2026,30,46274,B,A,2026 verified,,https://gotoformosa.com/entry/92233284,私人頁明列15元/半小時，換算30元/時。,Source_Ledger_v02,TPI-442|2026,停車,,,v0.4-governance-20260912
EV-00565,LEG-EC-047,TPI-443,LEGACY_EVIDENCE_LEDGER,2026,2026,240,46274,B,A,2026 verified,,https://gotoformosa.com/entry/92233284,私人頁明列當日最高240元。,Source_Ledger_v02,TPI-443|2026,停車,,,v0.4-governance-20260912
EV-00566,LEG-EC-056,TPI-444,LEGACY_EVIDENCE_LEDGER,2026,2026,988,46274,A,A,2026 verified,,https://blog.worldgymtaiwan.com/dynamic-ch,World Gym官方線上入會頁列988元/月。,Source_Ledger_v02,TPI-444|2026,健身／運動,,,v0.4-governance-20260912
EV-00567,LEG-EC-057,TPI-445,LEGACY_EVIDENCE_LEDGER,2026,2026,588,46274,A,B,2026 verified,,https://blog.worldgymtaiwan.com/taipei-muzha,官方頁列每月588元起。,Source_Ledger_v02,TPI-445|2026,健身／運動,,,v0.4-governance-20260912
EV-00568,LEG-EC-058,TPI-446,LEGACY_EVIDENCE_LEDGER,2026,2026,588,46274,A,B,2026 verified,,https://blog.worldgymtaiwan.com/kaohsiung-nanzi-xingnan,官方頁列每月588元起。,Source_Ledger_v02,TPI-446|2026,健身／運動,,,v0.4-governance-20260912
EV-00569,LEG-EC-061,TPI-447,LEGACY_EVIDENCE_LEDGER,2026,2026,1288,46274,B,A,2026 verified,,https://www.gymnomadtw.com/article/fitness-factory-intro,私人健身專業站整理一般場館金卡1年約1288/月。,Source_Ledger_v02,TPI-447|2026,健身／運動,,,v0.4-governance-20260912
EV-00570,LEG-EC-052,TPI-448,LEGACY_EVIDENCE_LEDGER,2026,2026,600,46274,A,A,2026 verified,,https://www.fitnessfactory.com.tw/public/tw/question?bookmark=member,官方FAQ明列單日600元。,Source_Ledger_v02,TPI-448|2026,健身／運動,,,v0.4-governance-20260912
EV-00571,LEG-EC-050,TPI-449,LEGACY_EVIDENCE_LEDGER,2026,2026,1388,46274,B,B,2026 verified,,https://thefashionmuscles.com/select-gym-for-you/,私人整理約1388/月；館別/活動差異。,Source_Ledger_v02,TPI-449|2026,健身／運動,,,v0.4-governance-20260912
EV-00572,LEG-EC-063,TPI-450,LEGACY_EVIDENCE_LEDGER,2026,2026,2758,46274,B,B,2026 verified / COMPOSITE,,https://thefashionmuscles.com/select-gym-for-you/,同一來源列磁卡1758＋入會費1000，合計2758。,Source_Ledger_v02,TPI-450|2026,健身／運動,,,v0.4-governance-20260912
EV-00573,LEG-EC-059,TPI-451,LEGACY_EVIDENCE_LEDGER,2026,2026,1900,46274,A,A,2026 verified,,https://curves.com.tw/news-post/Bi9kQ9aFpKoc1ZfX,Curves官方2026活動頁明列月費原價1900。,Source_Ledger_v02,TPI-451|2026,健身／運動,,,v0.4-governance-20260912
EV-00574,LEG-EC-055,TPI-452,LEGACY_EVIDENCE_LEDGER,2026,2026,150,46274,A,A,2026 verified,,https://www.beingfit.com.tw/,官方首頁明列單次150元。,Source_Ledger_v02,TPI-452|2026,健身／運動,,,v0.4-governance-20260912
EV-00575,LEG-EC-049,TPI-453,LEGACY_EVIDENCE_LEDGER,2026,2026,1288,46274,B,A,2026 verified,,https://www.gymnomadtw.com/gym/soulfit-Daan,"場館頁列一個月1,288元。",Source_Ledger_v02,TPI-453|2026,健身／運動,,,v0.4-governance-20260912
EV-00576,LEG-EC-051,TPI-454,LEGACY_EVIDENCE_LEDGER,2026,2026,15500,46274,B,A,2026 verified,,https://www.pro360.com.tw/price/gym_cost,"價格整理列一年15,500元。",Source_Ledger_v02,TPI-454|2026,健身／運動,,,v0.4-governance-20260912
EV-00577,LEG-EC-054,TPI-455,LEGACY_EVIDENCE_LEDGER,2026,2026,200,46274,A,A,2026 verified,,https://www.refinefitness.com.tw/faq/price/124,官方FAQ列200元/次。,Source_Ledger_v02,TPI-455|2026,健身／運動,,,v0.4-governance-20260912
EV-00578,LEG-EC-053,TPI-456,LEGACY_EVIDENCE_LEDGER,2026,2026,250,46274,A,A,2026 verified,,https://www.ultrafitness.com.tw/,官方方案列單次250元。,Source_Ledger_v02,TPI-456|2026,健身／運動,,,v0.4-governance-20260912
EV-00579,LEG-EC-062,TPI-457,LEGACY_EVIDENCE_LEDGER,2026,2026,200,46274,A,A,2026 verified,,https://cityfitness.tw/,官方網站列非會員單次200元。,Source_Ledger_v02,TPI-457|2026,健身／運動,,,v0.4-governance-20260912
EV-00580,LEG-EC-060,TPI-458,LEGACY_EVIDENCE_LEDGER,2026,2026,2200,46274,A,A,2026 verified,,https://www.tmma.com.tw/prices/private-coaching,TMMA官方價目：教練單堂2200，60分鐘。,Source_Ledger_v02,TPI-458|2026,健身／運動,,,v0.4-governance-20260912
EV-00581,LEG-EC-117,TPI-459,LEGACY_EVIDENCE_LEDGER,historical,2020,632,43995,C,A,Matched,,https://moonracer488111.pixnet.net/blog/posts/9482232161,2020 ROYAL F32 2KG網路價632；2026同F32 2kg一般原價1060。,Source_Ledger_v02,TPI-459|historical,寵物食品／用品,,,v0.4-governance-20260912
EV-00582,LEG-EC-117,TPI-459,LEGACY_EVIDENCE_LEDGER,2026,2026,1060,46274,A,A,Matched,,https://petpetgo.com/product/3048,2020 ROYAL F32 2KG網路價632；2026同F32 2kg一般原價1060。,Source_Ledger_v02,TPI-459|2026,寵物食品／用品,,,v0.4-governance-20260912
EV-00583,LEG-EC-118,TPI-460,LEGACY_EVIDENCE_LEDGER,2026,2026,1080,46274,A,A,2026 verified,,https://petpetgo.com/product/3042,"原價1,080、折扣890；核心採一般原價。",Source_Ledger_v02,TPI-460|2026,寵物食品／用品,,,v0.4-governance-20260912
EV-00584,LEG-EC-123,TPI-461,LEGACY_EVIDENCE_LEDGER,2026,2026,1085,46274,B,A,2026 verified,,https://24h.pchome.com.tw/search/?q=hill%27s+%E5%B8%8C%E7%88%BE%E6%80%9D+%E8%99%95%E6%96%B9%E9%A3%BC%E6%96%99,"頁列922/1,085；核心採一般價1,085。",Source_Ledger_v02,TPI-461|2026,寵物食品／用品,,,v0.4-governance-20260912
EV-00585,LEG-EC-126,TPI-462,LEGACY_EVIDENCE_LEDGER,2026,2026,1010,46274,B,A,2026 verified,,https://24h.pchome.com.tw/search/?q=hill%27s+%E5%B8%8C%E7%88%BE%E6%80%9D+%E6%88%90%E7%8A%AC+%E5%B0%8F%E9%A1%86%E7%B2%92,"核心採一般價1,010。",Source_Ledger_v02,TPI-462|2026,寵物食品／用品,,,v0.4-governance-20260912
EV-00586,LEG-EC-131,TPI-464,LEGACY_EVIDENCE_LEDGER,2026,2026,277,46274,B,A,2026 verified,,https://www.momoshop.com.tw/product/12483911,市售277、促銷248；核心採市售價。,Source_Ledger_v02,TPI-464|2026,寵物食品／用品,,,v0.4-governance-20260912
EV-00587,LEG-EC-138,TPI-465,LEGACY_EVIDENCE_LEDGER,2026,2026,229,46274,B,A,2026 verified,,https://www.momoshop.com.tw/product/11914015,市售229、促銷219；核心採一般價。,Source_Ledger_v02,TPI-465|2026,寵物食品／用品,,,v0.4-governance-20260912
EV-00588,LEG-EC-122,TPI-466,LEGACY_EVIDENCE_LEDGER,2026,2026,55,46274,B,A,2026 verified,,https://www.momoshop.com.tw/product/15063943,市售55、促銷39；核心採一般價。,Source_Ledger_v02,TPI-466|2026,寵物食品／用品,,,v0.4-governance-20260912
EV-00589,LEG-EC-134,TPI-468,LEGACY_EVIDENCE_LEDGER,2026,2026,78,46274,B,A,2026 verified,,https://www.bonebone.com.tw/pages/litomon,品牌專區列單罐78元。,Source_Ledger_v02,TPI-468|2026,寵物食品／用品,,,v0.4-governance-20260912
EV-00590,LEG-EC-132,TPI-469,LEGACY_EVIDENCE_LEDGER,2026,2026,67,46274,A,A,2026 verified,,https://www.nu4pet.com/Shop/Product/Product/815,官方商城原價67、優惠49；核心採原價。,Source_Ledger_v02,TPI-469|2026,寵物食品／用品,,,v0.4-governance-20260912
EV-00591,LEG-EC-130,TPI-471,LEGACY_EVIDENCE_LEDGER,2026,2026,899,46274,A,A,2026 verified,,https://petpetgo.com/product/39390,原價899、折扣699；核心採一般原價。,Source_Ledger_v02,TPI-471|2026,寵物食品／用品,,,v0.4-governance-20260912
EV-00592,LEG-EC-135,TPI-472,LEGACY_EVIDENCE_LEDGER,2026,2026,479,46274,A,A,2026 verified,,https://app.decor99.com/SalePage/Index/10441987,品牌/通路官方商城現價479元。,Source_Ledger_v02,TPI-472|2026,寵物食品／用品,,,v0.4-governance-20260912
EV-00593,LEG-EC-125,TPI-473,LEGACY_EVIDENCE_LEDGER,2026,2026,350,46274,A,A,2026 verified,,https://shop.petpark.com.tw/20644987,一般350、特價239；核心採一般價。,Source_Ledger_v02,TPI-473|2026,寵物食品／用品,,,v0.4-governance-20260912
EV-00594,LEG-EC-124,TPI-474,LEGACY_EVIDENCE_LEDGER,2026,2026,165,46274,A,A,2026 verified,,https://shop.petpark.com.tw/wp006826,一般165、特價149；核心採一般價。,Source_Ledger_v02,TPI-474|2026,寵物食品／用品,,,v0.4-governance-20260912
EV-00595,LEG-EC-121,TPI-475,LEGACY_EVIDENCE_LEDGER,historical,2020,630,43981,C,A,Matched,,https://attitudeandjones.pixnet.net/blog/posts/9478750604,2020同Greenies原味2–7kg、43支/340g 630；2026同規格700。,Source_Ledger_v02,TPI-475|historical,寵物食品／用品,,,v0.4-governance-20260912
EV-00596,LEG-EC-121,TPI-475,LEGACY_EVIDENCE_LEDGER,2026,2026,700,46274,A,A,Matched,,https://shop.petpark.com.tw/20082703,2020同Greenies原味2–7kg、43支/340g 630；2026同規格700。,Source_Ledger_v02,TPI-475|2026,寵物食品／用品,,,v0.4-governance-20260912
EV-00597,LEG-EC-119,TPI-476,LEGACY_EVIDENCE_LEDGER,2026,2026,465,46274,B,B,2026 verified / PACKAGE-CHANGE,,https://24h.pchome.com.tw/prod/DXBG8B-A900G16K9,原master 2kg；現行小包1.5kg。頁面420/465，核心採非促銷參考465。,Source_Ledger_v02,TPI-476|2026,寵物食品／用品,,,v0.4-governance-20260912
EV-00598,LEG-EC-127,TPI-477,LEGACY_EVIDENCE_LEDGER,2026,2026,680,46274,A,A,2026 verified,,https://711go.7-11.com.tw/Product/230533,頁列499/680；核心採一般原價680。,Source_Ledger_v02,TPI-477|2026,寵物食品／用品,,,v0.4-governance-20260912
EV-00599,LEG-EC-139,TPI-478,LEGACY_EVIDENCE_LEDGER,2026,2026,2300,46274,B,A,2026 verified,,https://www.petfoodmarket.tw/,"促銷1,580、原價2,300；核心採原價。",Source_Ledger_v02,TPI-478|2026,寵物食品／用品,,,v0.4-governance-20260912
EV-00600,LEG-EC-140,TPI-479,LEGACY_EVIDENCE_LEDGER,2026,2026,1520,46274,B,A,2026 verified,,https://www.petfoodmarket.tw/,"促銷1,080、原價1,520；核心採原價。",Source_Ledger_v02,TPI-479|2026,寵物食品／用品,,,v0.4-governance-20260912
EV-00601,LEG-EC-129,TPI-481,LEGACY_EVIDENCE_LEDGER,2026,2026,700,46274,A,A,2026 verified,,https://www.lovepet248.com/paper/other_select_index.php?group_id=123&id=425&title_id=2502,店家官方價目表列短毛貓0–3kg洗澡700元。,Source_Ledger_v02,TPI-481|2026,寵物食品／用品,,,v0.4-governance-20260912
EV-00602,LEG-EC-136,TPI-482,LEGACY_EVIDENCE_LEDGER,2026,2026,500,46274,A,B,2026 verified,,https://www.dogsretreat.com.tw/grooming/beauty_price/,官方價目500 UP；固定最低起價口徑。,Source_Ledger_v02,TPI-482|2026,寵物食品／用品,,,v0.4-governance-20260912
EV-00603,LEG-EC-137,TPI-483,LEGACY_EVIDENCE_LEDGER,2026,2026,1200,46274,A,B,2026 verified,,https://www.dogsretreat.com.tw/grooming/beauty_price/,官方價目1200 UP；固定最低起價口徑。,Source_Ledger_v02,TPI-483|2026,寵物食品／用品,,,v0.4-governance-20260912
EV-00604,LEG-EC-074,TPI-484,LEGACY_EVIDENCE_LEDGER,historical,2020,330,43960,B,A,Matched,,https://www.moneysmart.tw/articles/%E6%9C%80%E9%AB%98-9-%E5%9B%9E%E9%A5%8B%EF%BC%812019-netflix-%E6%96%B9%E6%A1%88-x-%E7%8F%BE%E9%87%91%E5%9B%9E%E9%A5%8B%E4%BF%A1%E7%94%A8%E5%8D%A1%E6%8E%A8%E8%96%A6/,Netflix標準方案；2020民營媒體方案價，2026 Netflix官方。,Source_Ledger_v02,TPI-484|historical,其他民間服務／會員,,,v0.4-governance-20260912
EV-00605,LEG-EC-074,TPI-484,LEGACY_EVIDENCE_LEDGER,2026,2026,380,46274,A,A,Matched,,https://www.netflix.com/tw/title/80193549,Netflix標準方案；2020民營媒體方案價，2026 Netflix官方。,Source_Ledger_v02,TPI-484|2026,其他民間服務／會員,,,v0.4-governance-20260912
EV-00606,LEG-EC-076,TPI-485,LEGACY_EVIDENCE_LEDGER,historical,2020,390,43960,B,A,Matched,,https://www.moneysmart.tw/articles/%E6%9C%80%E9%AB%98-9-%E5%9B%9E%E9%A5%8B%EF%BC%812019-netflix-%E6%96%B9%E6%A1%88-x-%E7%8F%BE%E9%87%91%E5%9B%9E%E9%A5%8B%E4%BF%A1%E7%94%A8%E5%8D%A1%E6%8E%A8%E8%96%A6/,Netflix高級方案；2020民營媒體方案價，2026 Netflix官方。,Source_Ledger_v02,TPI-485|historical,其他民間服務／會員,,,v0.4-governance-20260912
EV-00607,LEG-EC-076,TPI-485,LEGACY_EVIDENCE_LEDGER,2026,2026,460,46274,A,A,Matched,,https://www.netflix.com/tw/title/80193549,Netflix高級方案；2020民營媒體方案價，2026 Netflix官方。,Source_Ledger_v02,TPI-485|2026,其他民間服務／會員,,,v0.4-governance-20260912
EV-00608,LEG-EC-067,TPI-486,LEGACY_EVIDENCE_LEDGER,historical,2020,149,44187,C,A,Matched,,https://cpok.tw/4893,Spotify Premium Individual；同個人方案月費。,Source_Ledger_v02,TPI-486|historical,其他民間服務／會員,,,v0.4-governance-20260912
EV-00609,LEG-EC-067,TPI-486,LEGACY_EVIDENCE_LEDGER,2026,2026,168,46274,A,A,Matched,,https://www.spotify.com/tw/premium/,Spotify Premium Individual；同個人方案月費。,Source_Ledger_v02,TPI-486|2026,其他民間服務／會員,,,v0.4-governance-20260912
EV-00610,LEG-EC-066,TPI-487,LEGACY_EVIDENCE_LEDGER,historical,2020,240,44187,C,A,Matched,,https://cpok.tw/4893,Spotify Premium Family；同家庭方案月費。,Source_Ledger_v02,TPI-487|historical,其他民間服務／會員,,,v0.4-governance-20260912
EV-00611,LEG-EC-066,TPI-487,LEGACY_EVIDENCE_LEDGER,2026,2026,298,46274,A,A,Matched,,https://www.spotify.com/tw/premium/,Spotify Premium Family；同家庭方案月費。,Source_Ledger_v02,TPI-487|2026,其他民間服務／會員,,,v0.4-governance-20260912
EV-00612,LEG-EC-070,TPI-488,LEGACY_EVIDENCE_LEDGER,historical,2019,179,43774,A,A,Matched,,https://blog.google/intl/zh-tw/products/explore-get-answers/2019_11_youtube-music-youtube-premiu/,2019台灣上市官方價作Closest-pre2020；未假裝為2020觀測。,Source_Ledger_v02,TPI-488|historical,其他民間服務／會員,,,v0.4-governance-20260912
EV-00613,LEG-EC-070,TPI-488,LEGACY_EVIDENCE_LEDGER,2026,2026,199,46274,A,A,Matched,,https://blog.google/intl/zh-tw/products/explore-get-answers/2025_07_youtube-premium-lite-taiwan/,2019台灣上市官方價作Closest-pre2020；未假裝為2020觀測。,Source_Ledger_v02,TPI-488|2026,其他民間服務／會員,,,v0.4-governance-20260912
EV-00614,LEG-EC-072,TPI-489,LEGACY_EVIDENCE_LEDGER,2026,2026,479,46274,B,A,2026 verified,,https://www.money101.com.tw/blog/youtube-premium-%E5%83%B9%E6%A0%BC-%E5%AE%B6%E5%BA%AD%E6%96%B9%E6%A1%88,2026第三方核對家庭方案Web/Android價；正式v1前再留存官方結帳證據。,Source_Ledger_v02,TPI-489|2026,其他民間服務／會員,,,v0.4-governance-20260912
EV-00615,LEG-EC-073,TPI-490,LEGACY_EVIDENCE_LEDGER,2026,2026,285,46274,A,A,2026 verified,,https://www.disneyplus.com/zh-tw,Disney+台灣2020尚無同服務基準；2026標準方案月費。,Source_Ledger_v02,TPI-490|2026,其他民間服務／會員,,,v0.4-governance-20260912
EV-00616,LEG-EC-070,TPI-491,LEGACY_EVIDENCE_LEDGER,historical,2020,150,44021,B,A,Matched,,https://www.inside.com.tw/article/20355-apple-music-taiwan-free-trial,Apple Music個人月費；2020民營科技媒體、2026 Apple官方。,Source_Ledger_v02,TPI-491|historical,其他民間服務／會員,,,v0.4-governance-20260912
EV-00617,LEG-EC-070,TPI-491,LEGACY_EVIDENCE_LEDGER,2026,2026,165,46274,A,A,Matched,,https://www.apple.com/tw/apple-music/,Apple Music個人月費；2020民營科技媒體、2026 Apple官方。,Source_Ledger_v02,TPI-491|2026,其他民間服務／會員,,,v0.4-governance-20260912
EV-00618,LEG-EC-068,TPI-493,LEGACY_EVIDENCE_LEDGER,2026,2026,199,46274,A,A,2026 verified,,https://www.uber.com/zh-TW/blog/uber-one-membership-price-update/,Uber One 2026/7/13調整後月費199；2020無同方案基準。,Source_Ledger_v02,TPI-493|2026,其他民間服務／會員,,,v0.4-governance-20260912
EV-00619,LEG-EC-064,TPI-494,LEGACY_EVIDENCE_LEDGER,historical,2020,90,43871,D,A,Matched,,https://www.ptt.cc/bbs/iOS/M.1581306485.A.6DC.html,iCloud+ 200GB；2020消費者回報與2026 Apple官方均90，保留0%控制組。,Source_Ledger_v02,TPI-494|historical,其他民間服務／會員,,,v0.4-governance-20260912
EV-00620,LEG-EC-064,TPI-494,LEGACY_EVIDENCE_LEDGER,2026,2026,90,46274,A,A,Matched,,https://support.apple.com/zh-tw/108047,iCloud+ 200GB；2020消費者回報與2026 Apple官方均90，保留0%控制組。,Source_Ledger_v02,TPI-494|2026,其他民間服務／會員,,,v0.4-governance-20260912
EV-00621,LEG-EC-064,TPI-495,LEGACY_EVIDENCE_LEDGER,historical,2020,90,43871,D,A,Matched,,https://www.ptt.cc/bbs/iOS/M.1581306485.A.6DC.html,Google One 200GB；2020消費者回報與2026 App Store列示均90，保留0%控制組。,Source_Ledger_v02,TPI-495|historical,其他民間服務／會員,,,v0.4-governance-20260912
EV-00622,LEG-EC-064,TPI-495,LEGACY_EVIDENCE_LEDGER,2026,2026,90,46274,B,A,Matched,,https://apps.apple.com/tw/app/google-one/id1451784328,Google One 200GB；2020消費者回報與2026 App Store列示均90，保留0%控制組。,Source_Ledger_v02,TPI-495|2026,其他民間服務／會員,,,v0.4-governance-20260912
EV-00623,LEG-EC-071,TPI-496,LEGACY_EVIDENCE_LEDGER,historical,2020,15,44183,B,B,Matched,,https://tw.news.yahoo.com/2020-wemo-unboxing-152923260.html,2020一般價15；2026同站租還頁18。營運模式/車種可能改變，Comparability=B。,Source_Ledger_v02,TPI-496|historical,其他民間服務／會員,,,v0.4-governance-20260912
EV-00624,LEG-EC-071,TPI-496,LEGACY_EVIDENCE_LEDGER,2026,2026,18,46274,A,B,Matched,,https://www.wemoscooter.com/newhourlyrent?lang=en,2020一般價15；2026同站租還頁18。營運模式/車種可能改變，Comparability=B。,Source_Ledger_v02,TPI-496|2026,其他民間服務／會員,,,v0.4-governance-20260912
EV-00625,LEG-EC-075,TPI-497,LEGACY_EVIDENCE_LEDGER,historical,2020,25,44074,B,A,Matched,,https://tw.news.yahoo.com/2020-goshare-unboxing-054311207.html,2020非VIVA一般車款前6分鐘25；2026白牌車前6分鐘30。,Source_Ledger_v02,TPI-497|historical,其他民間服務／會員,,,v0.4-governance-20260912
EV-00626,LEG-EC-075,TPI-497,LEGACY_EVIDENCE_LEDGER,2026,2026,30,46274,A,A,Matched,,https://www.event.ridegoshare.com/pause-fee,2020非VIVA一般車款前6分鐘25；2026白牌車前6分鐘30。,Source_Ledger_v02,TPI-497|2026,其他民間服務／會員,,,v0.4-governance-20260912
EV-00627,LEG-EC-065,TPI-498,LEGACY_EVIDENCE_LEDGER,2026,2026,1000,46274,A,A,2026 verified,,https://oneandco.tw/plans,官方方案現價；無可靠2020同方案基準。,Source_Ledger_v02,TPI-498|2026,其他民間服務／會員,,,v0.4-governance-20260912
EV-00628,LEG-EC-012,TPI-499,LEGACY_EVIDENCE_LEDGER,historical,2020,105,44019,D,A,Matched,,https://www.ptt.cc/bbs/CVS/M.1594134987.A.ECB.html,2020全家APP活動保存原價105；2026 900ml參考價110。促銷組合價均未採。,Source_Ledger_v02,TPI-499|historical,便利商店食品飲料,,,v0.4-governance-20260912
EV-00629,LEG-EC-012,TPI-499,LEGACY_EVIDENCE_LEDGER,2026,2026,110,46274,B,A,Matched,,https://www.nownews.com/news/6794509,2020全家APP活動保存原價105；2026 900ml參考價110。促銷組合價均未採。,Source_Ledger_v02,TPI-499|2026,便利商店食品飲料,,,v0.4-governance-20260912
EV-00630,LEG-EC-174,TPI-500,LEGACY_EVIDENCE_LEDGER,2026,2026,129,46274,A,A,2026 verified,,https://www.poyabuy.com.tw/SalePage/Index/9946731,官方零售頁同時列129/119；核心採一般原價129。,Source_Ledger_v02,TPI-500|2026,日用品／個人用品,,,v0.4-governance-20260912
EV-00631,LEG-EC-018,TPI-251,LEGACY_EVIDENCE_LEDGER,historical,2020,10,44155,B,A,Matched,,https://news.tvbs.com.tw/news/searchresult/7-11%E8%8C%B6%E8%91%89%E8%9B%8B/news,TVBS 2020-11-23報導指出7-ELEVEN自11/20起一般茶葉蛋8→10；基準採11/20調整後10元。,Source_Ledger_v02,TPI-251|historical,便利商店食品飲料,,,v0.4-governance-20260912
EV-00632,LEG-EC-015,TPI-261,LEGACY_EVIDENCE_LEDGER,historical,2020,25,44155,C,A,Matched,,https://www.tainanlohas.cc/2020/11/Unity-Lions-champion-Celebration.html,2020-11-20起活動商品表列純喫茶紅茶650ml一般價25；促銷機制不取代原價。,Source_Ledger_v02,TPI-261|historical,便利商店食品飲料,,,v0.4-governance-20260912
EV-00633,LEG-EC-013,TPI-297,LEGACY_EVIDENCE_LEDGER,historical,2020,105,44155,C,A,Matched,,https://www.tainanlohas.cc/2020/11/Unity-Lions-champion-Celebration.html,2020-11-20起活動商品表列瑞穗極制72度低溫殺菌鮮乳930ml一般價105。,Source_Ledger_v02,TPI-297|historical,便利商店食品飲料,,,v0.4-governance-20260912
EV-00634,LEG-EC-258,TPI-321,LEGACY_EVIDENCE_LEDGER,historical,2020,240,43961,C,A,Matched,,https://oxoxooxoxo.pixnet.net/blog/posts/14218643801,2020-05-10鼎泰豐高雄店食記明列蝦仁蛋炒飯240；2026同品項320。,Source_Ledger_v02,TPI-321|historical,正餐／小吃／早餐,,,v0.4-governance-20260912
EV-00635,LEG-EC-221,TPI-356,LEGACY_EVIDENCE_LEDGER,2026,2026,480,46274,B,A,CORRECTION,,https://www.wendyjourney.com/syabuyo/,更正先前ledger的490；2026一般門市平日午餐國產豬肉雞肉方案480，未加10%服務費。,Source_Ledger_v02,TPI-356|2026,正餐／小吃／早餐,,,v0.4-governance-20260912
EV-00636,LEG-EC-311,TPI-111,LEGACY_EVIDENCE_LEDGER,2026,2026,93,46274,A,A,2026 verified,,https://online.carrefour.com.tw/on/demandware.store/Sites-Carrefour-Site/default/Affiliate-Filter?pid=1501003300101&querystring=gclsrc%3Daw.ds%26,頁面促銷88、一般93；核心採一般價93。,Source_Ledger_v02,TPI-111|2026,超市／自煮食材,,,v0.4-governance-20260912
EV-00637,LEG-EC-169,TPI-378,LEGACY_EVIDENCE_LEDGER,2026,2026,298,46274,A,B,2026 verified / PACKAGE-CHANGE,,https://www.watsons.com.tw/dove-%E5%A4%9A%E8%8A%AC-%E5%A4%9A%E8%8A%AC%E6%BB%8B%E9%A4%8A%E6%9F%94%E8%86%9A%E6%B2%90%E6%B5%B4%E9%9C%B2-%E6%BB%8B%E9%A4%8A%E6%9F%94%E5%AB%A9-900g-2023/p/BP_268081,原1000ml世代已改版；現行900g一般價298，促銷價不採；僅作current replacement，不做跨代漲幅。,Source_Ledger_v02,TPI-378|2026,日用品／個人用品,,,v0.4-governance-20260912
EV-00638,LEG-EC-150,TPI-382,LEGACY_EVIDENCE_LEDGER,2026,2026,66.33333333333333,46274,A,B,2026 verified / UNIT-NORMALIZED / CHANNEL-REFINED,,https://www.watsons.com.tw/%E9%AB%98%E9%9C%B2%E6%BD%94colgate-%E9%AB%98%E9%9C%B2%E6%BD%94-%E4%B8%89%E9%87%8D%E5%8A%9F%E6%95%88%E7%89%99%E8%86%8F%E8%B6%85%E5%80%BC%E7%B5%84160g%2A3/p/BP_116526,原康是美觀測改由屈臣氏同品牌同規格3入一般價199驗證；核心單位化66.33/160g；Comparability=B。,Source_Ledger_v02,TPI-382|2026,日用品／個人用品,,,v0.4-governance-20260912
EV-00639,LEG-EC-147,TPI-384,LEGACY_EVIDENCE_LEDGER,2026,2026,148,46274,A,A,2026 verified / ID-REFINED,,https://www.poyabuy.com.tw/SalePage/Index/9932749?lang=zh-TW,將『標準條』實體化為Ora2me淨白無瑕130g；一般價148，促銷109/119不採。,Source_Ledger_v02,TPI-384|2026,日用品／個人用品,,,v0.4-governance-20260912
EV-00640,LEG-EC-142,TPI-391,LEGACY_EVIDENCE_LEDGER,2026,2026,179,46274,B,A,2026 verified,,https://shopee.tw/%E9%A3%9B%E5%88%A9%E6%B5%A6-9W-LED%E7%9C%9F%E5%BD%A9%E5%85%89%E7%90%83%E6%B3%A1%E7%87%88-%E7%87%88%E6%B3%A1%E8%89%B2-3000K-i.112813397.27711851405,特力屋旗艦店商城列169/179；核心採一般牌價179。,Source_Ledger_v02,TPI-391|2026,日用品／個人用品,,,v0.4-governance-20260912
EV-00641,LEG-EC-166,TPI-393,LEGACY_EVIDENCE_LEDGER,2026,2026,250,46274,A,B,2026 verified / PACKAGE-CHANGE,,https://shop.muji.tw/SalePage/Index/10713783?lang=zh-TW,原400ml已換代；官方現行300ml售250。保留replacement link，不直接計算400→300跨代漲幅。,Source_Ledger_v02,TPI-393|2026,日用品／個人用品,,,v0.4-governance-20260912
EV-00642,LEG-EC-167,TPI-395,LEGACY_EVIDENCE_LEDGER,2026,2026,1190,46274,B,A,2026 verified / ID-REFINED,,https://www.books.com.tw/products/N001798786?loc=P_0004_090,將泛稱單人棉天竺被套實體化；博客來MUJI商品頁定價1190。,Source_Ledger_v02,TPI-395|2026,日用品／個人用品,,,v0.4-governance-20260912
EV-00643,LEG-EC-159,TPI-401,LEGACY_EVIDENCE_LEDGER,2026,2026,399,46274,A,A,2026 verified,,https://shop.cosmed.com.tw/tagCategory/%E6%B0%B4%E5%87%9D%E4%B9%B3?lang=zh-TW,康是美商品分類頁列50g SKU一般價399；活動價不取代核心。,Source_Ledger_v02,TPI-401|2026,日用品／個人用品,,,v0.4-governance-20260912
EV-00644,LEG-EC-128,TPI-463,LEGACY_EVIDENCE_LEDGER,2026,2026,323,46274,A,A,2026 verified,,https://online.carrefour.com.tw/zh/%E5%93%81%E7%89%8C%E6%97%97%E8%89%A6%E9%A4%A8/%E7%91%AA%E6%B0%8F%E5%93%81%E7%89%8C%E9%A4%A8/pedigree-%E5%AF%B6%E8%B7%AF,家樂福頁列一般323、促銷299；核心採323。,Source_Ledger_v02,TPI-463|2026,寵物食品／用品,,,v0.4-governance-20260912
EV-00645,LEG-EC-133,TPI-467,LEGACY_EVIDENCE_LEDGER,2026,2026,300,46274,A,B,2026 verified / CHANNEL-REFINED,,https://shop.petpark.com.tw/wp010806,品牌官方頁確認80g但動態價格不適合取值；改以寵物公園官方商城同SKU一般300、特價240；核心採300。,Source_Ledger_v02,TPI-467|2026,寵物食品／用品,,,v0.4-governance-20260912
EV-00646,LEG-EC-116,TPI-470,LEGACY_EVIDENCE_LEDGER,2026,2026,71,46274,B,B,2026 verified / ID-REFINED,,https://www.bananapetshop.com/products/bananapet-ladyflavor-04,原泛稱『貓鮮食主食包』實體化為現行1+1原肉塊81g單罐；民營寵物店列71。,Source_Ledger_v02,TPI-470|2026,寵物食品／用品,,,v0.4-governance-20260912
EV-00647,LEG-EC-120,TPI-480,LEGACY_EVIDENCE_LEDGER,2026,2026,1443,46274,B,B,2026 verified / PACKAGE-REFINED,,https://www.momoshop.com.tw/product/6583147,原master泛稱2kg；現行4.5lbs/2.04kg具名SKU。市售價1443、促銷1155；核心採1443。,Source_Ledger_v02,TPI-480|2026,寵物食品／用品,,,v0.4-governance-20260912
EV-00648,LEG-EC-069,TPI-492,LEGACY_EVIDENCE_LEDGER,2026,2026,119,46274,B,B,2026 verified / THIRD-PARTY,,https://tzyday.com/zh-cn/articles/food/food-delivery-guide,民營整理列截至2026-07月費119；foodpanda公開頁未直接顯示個人月費，app最終價可能依帳號/活動不同，故Evidence=B、Comparability=B。,Source_Ledger_v02,TPI-492|2026,其他民間服務／會員,,,v0.4-governance-20260912
EV-00649,LEG-EC-264,TPI-312,LEGACY_EVIDENCE_LEDGER,2026-core-exclusion,2026,50,46274,B,B,EXCLUDED FROM CLEAN CORE CURRENT,,https://baliman.tw/blog/post/q-burger-menu,原2026 observation保留於ledger；因MENU/ID/SIZE/STARTING-PRICE transition尚未重新鎖定固定籃子身份，從Master clean-current coverage排除。,Source_Ledger_v02,TPI-312|2026-core-exclusion,正餐／小吃／早餐,,,v0.4-governance-20260912
EV-00650,LEG-EC-290,TPI-315,LEGACY_EVIDENCE_LEDGER,2026-core-exclusion,2026,65,46274,B,B,EXCLUDED FROM CLEAN CORE CURRENT,,https://baliman.tw/blog/post/mwd-menu,原2026 observation保留於ledger；因MENU/ID/SIZE/STARTING-PRICE transition尚未重新鎖定固定籃子身份，從Master clean-current coverage排除。,Source_Ledger_v02,TPI-315|2026-core-exclusion,正餐／小吃／早餐,,,v0.4-governance-20260912
EV-00651,,TPI-316,LEGACY_EVIDENCE_LEDGER,2026-core-exclusion,2026,35,46274,B,A,EXCLUDED FROM CLEAN CORE CURRENT,,https://baliman.tw/blog/post/mwd-menu,原2026 observation保留於ledger；因MENU/ID/SIZE/STARTING-PRICE transition尚未重新鎖定固定籃子身份，從Master clean-current coverage排除。,Source_Ledger_v02,TPI-316|2026-core-exclusion,正餐／小吃／早餐,,,v0.4-governance-20260912
EV-00652,LEG-EC-198,TPI-354,LEGACY_EVIDENCE_LEDGER,2026-core-exclusion,2026,95,46274,A,B,EXCLUDED FROM CLEAN CORE CURRENT,,https://www.pizzahut.com.tw/order/?mode=step_2&p_id=4968,原2026 observation保留於ledger；因MENU/ID/SIZE/STARTING-PRICE transition尚未重新鎖定固定籃子身份，從Master clean-current coverage排除。,Source_Ledger_v02,TPI-354|2026-core-exclusion,正餐／小吃／早餐,,,v0.4-governance-20260912
EV-00653,LEG-EC-212,TPI-355,LEGACY_EVIDENCE_LEDGER,2026-core-exclusion,2026,99,46274,A,A,EXCLUDED FROM CLEAN CORE CURRENT,,https://www.dominos.com.tw/Menu/Flavor/NNDX-20240126,原2026 observation保留於ledger；因MENU/ID/SIZE/STARTING-PRICE transition尚未重新鎖定固定籃子身份，從Master clean-current coverage排除。,Source_Ledger_v02,TPI-355|2026-core-exclusion,正餐／小吃／早餐,,,v0.4-governance-20260912
EV-00654,LEG-EC-325,TPI-153,LEGACY_EVIDENCE_LEDGER,2026,2026,36,46274,A,B,2026 verified / UNIT-NORMALIZED,,https://online.uni-prosperity.com.tw/zh/%E6%84%9B%E4%B9%8B%E5%91%B3/1484000600103.html,家樂福官方頁為170g×3罐；一般價108、當期促銷96不採。核心透明單位化為36元/170g；UNIT-NORMALIZED，故Comparability=B。,Source_Ledger_v02,TPI-153|2026,超市／自煮食材,,,v0.4-governance-20260912
EV-00655,LEG-EC-308,TPI-188,LEGACY_EVIDENCE_LEDGER,2026,2026,25,46274,A,B,2026 verified / PACKAGE-CHANGE,,https://shop.pxgo.com.tw/hourArrive/goods/248944-21040065-4710583900012,原固定規格300g；全聯官方現行同品項為345g、單盒25元。保留PACKAGE-CHANGE；可作2026 current coverage，但不得直接與300g歷史價計算漲幅。,Source_Ledger_v02,TPI-188|2026,超市／自煮食材,,,v0.4-governance-20260912
EV-00656,LEG-EC-321,TPI-192,LEGACY_EVIDENCE_LEDGER,2026,2026,121,46274,A,A,2026 verified,,https://online.uni-prosperity.com.tw/en/search/tagPage/?tags=%E5%AE%89%E4%BD%B3%2C%E8%B5%B7%E5%8F%B8%E7%89%87,家樂福官方線上購物列安佳原味乳酪12片（每包約250g）一般價121；頁面另見活動價時不取代核心一般價。,Source_Ledger_v02,TPI-192|2026,超市／自煮食材,,,v0.4-governance-20260912
EV-00657,LEG-EC-318,TPI-200,LEGACY_EVIDENCE_LEDGER,2026,2026,46,46274,A,A,2026 verified,,https://shop.pxgo.com.tw/haohaochi/article/RA011682,全聯官方『好好吃』商品清單列味好美白胡椒粉30g NT$46；同規格、單瓶價。,Source_Ledger_v02,TPI-200|2026,超市／自煮食材,,,v0.4-governance-20260912
EV-00658,LEG-EC-310,TPI-203,LEGACY_EVIDENCE_LEDGER,2026,2026,36,46274,A,B,2026 verified / PACKAGE-CHANGE,,https://shop.pxgo.com.tw/hourArrive/goods/251214-20651562-4710175567111,原固定規格320g；全聯官方現行五木關東麵條-粗為375g、單包36元；任2件68為促銷不採。保留PACKAGE-CHANGE，不直接跨規格算漲幅。,Source_Ledger_v02,TPI-203|2026,超市／自煮食材,,,v0.4-governance-20260912
EV-00659,LEG-EC-342,TPI-168,LEGACY_EVIDENCE_LEDGER,2026,2026,99,46274,A,A,2026 verified,,https://online.uni-prosperity.com.tw/zh/search/?attributes=%E9%A3%B2%E6%96%99%E9%9B%B6%E9%A3%9F+%3E+%E7%B2%BE%E9%81%B8%E9%A4%85%E4%B9%BE+%3E+%E7%94%9C%E9%A4%85%E4%B9%BE&q=%E7%BE%A9%E7%BE%8E,家樂福官方列表列[限量]義美巧克力小泡芙(三入)171g一般價99、活動價89；核心採一般價99。,Source_Ledger_v02,TPI-168|2026,超市／自煮食材,,,v0.4-governance-20260912
EV-00660,LEG-EC-329,TPI-174,LEGACY_EVIDENCE_LEDGER,2026,2026,40,46274,A,B,2026 verified / PACKAGE-CHANGE,,https://online.uni-prosperity.com.tw/zh/%E9%A3%B2%E6%96%99%E9%9B%B6%E9%A3%9F/%E4%BC%91%E9%96%92%E9%9B%B6%E9%A3%9F/%E6%B4%8B%E8%8A%8B%E7%89%87%E8%96%AF%E6%A2%9D/%E5%8E%9F%E5%91%B3,原固定為樂事原味洋芋片72g；家樂福官方現行標準『美國經典原味洋芋片』為85g、一般價40。保留PACKAGE-CHANGE，不跨規格計算漲幅。,Source_Ledger_v02,TPI-174|2026,超市／自煮食材,,,v0.4-governance-20260912
EV-00661,LEG-EC-341,TPI-183,LEGACY_EVIDENCE_LEDGER,2026,2026,72,46274,A,B,2026 verified / ID-REFINED,,https://online.uni-prosperity.com.tw/en/%E7%BE%A9%E7%BE%8E/1550005100101.html,固定籃子泛稱『義美蘿蔔糕600g』；家樂福官方現行具名SKU為『義美素菜頭粿600g』，一般價72、促銷59不採。以ID-REFINED保留，Comparability=B。,Source_Ledger_v02,TPI-183|2026,超市／自煮食材,,,v0.4-governance-20260912
EV-00662,LEG-EC-313,TPI-198,LEGACY_EVIDENCE_LEDGER,2026,2026,65,46274,A,B,2026 verified / PACKAGE-CHANGE,,https://online.uni-prosperity.com.tw/zh/1463005600101.html,原固定可果美蕃茄醬500g；家樂福官方現行具名SKU為340g，一般價65、促銷63不採。保留PACKAGE-CHANGE，不直接與500g歷史價格比較。,Source_Ledger_v02,TPI-198|2026,超市／自煮食材,,,v0.4-governance-20260912
EV-00663,LEG-EC-310,TPI-204,LEGACY_EVIDENCE_LEDGER,2026,2026,36,46274,A,B,2026 verified / PACKAGE-CHANGE,,https://online.uni-prosperity.com.tw/zh/search/tagPage/?tags=%E6%B7%B1%E5%A4%9C%E9%BB%9E%E5%BF%83%2C%E4%BA%94%E6%9C%A8,原固定五木關東麵320g；家樂福官方現行五木關東麵375g一般價36。保留PACKAGE-CHANGE，不跨規格計算漲幅。,Source_Ledger_v02,TPI-204|2026,超市／自煮食材,,,v0.4-governance-20260912
EV-00664,LEG-EC-350,TPI-212,LEGACY_EVIDENCE_LEDGER,2026,2026,179,46274,A,B,2026 verified / PACKAGE-CHANGE,,https://shop.pxgo.com.tw/hourArrive/goods/241900-15010007-8888082150767,原固定雀巢美祿500g；全聯官方現行同款經典原味巧克力麥芽飲品為450g、一般價179。保留PACKAGE-CHANGE，不跨規格計算漲幅。,Source_Ledger_v02,TPI-212|2026,超市／自煮食材,,,v0.4-governance-20260912
EV-00665,LEG-EC-311,TPI-111,LEGACY_EVIDENCE_LEDGER,2026,2026,93,46274,A,B,2026 successor-channel revalidation,,https://online.uni-prosperity.com.tw/zh/%E5%93%81%E7%89%8C%E6%97%97%E8%89%A6%E9%A4%A8/%E5%85%89%E6%B3%89%E5%93%81%E7%89%8C%E9%A4%A8/%E5%85%89%E6%B3%89%E9%AE%AE%E4%B9%B3-2,Successor-site revalidation confirms regular price 93; legacy core price unchanged. Fixed basket channel identity remains Carrefour; observation marked CHANNEL-REFINED.,Source_Ledger_v02,TPI-111|2026,超市／自煮食材,,,v0.4-governance-20260912
EV-00666,LEG-EC-344,TPI-117,LEGACY_EVIDENCE_LEDGER,2026,2026,54,46274,A,B,2026 successor-channel revalidation,,https://online.uni-prosperity.com.tw/zh/%E7%BE%A9%E7%BE%8E/1501408600101.html,Successor-site revalidation confirms regular price 54; legacy core price unchanged. Fixed basket channel identity remains Carrefour; observation marked CHANNEL-REFINED.,Source_Ledger_v02,TPI-117|2026,超市／自煮食材,,,v0.4-governance-20260912
EV-00667,LEG-EC-328,TPI-120,LEGACY_EVIDENCE_LEDGER,2026,2026,129,46274,A,B,2026 successor-channel revalidation,,https://online.uni-prosperity.com.tw/zh/%E6%A1%82%E6%A0%BC/1435304000101.html,Successor-site revalidation confirms regular price 129; legacy core price unchanged. Fixed basket channel identity remains Carrefour; observation marked CHANNEL-REFINED.,Source_Ledger_v02,TPI-120|2026,超市／自煮食材,,,v0.4-governance-20260912
EV-00668,LEG-EC-337,TPI-123,LEGACY_EVIDENCE_LEDGER,2026,2026,80,46274,A,B,2026 successor-channel revalidation,,https://online.uni-prosperity.com.tw/zh/%E7%B5%B1%E4%B8%80/1450200900105.html,Successor-site revalidation confirms regular price 80; legacy core price unchanged. Fixed basket channel identity remains Carrefour; observation marked CHANNEL-REFINED.,Source_Ledger_v02,TPI-123|2026,超市／自煮食材,,,v0.4-governance-20260912
EV-00669,LEG-EC-338,TPI-126,LEGACY_EVIDENCE_LEDGER,2026,2026,77,46274,A,B,2026 successor-channel revalidation,,https://online.uni-prosperity.com.tw/zh/%E7%B6%AD%E5%8A%9B/1450501300105.html,Legacy core price 75 superseded by successor-site regular price 77. Fixed basket channel identity remains Carrefour; observation marked CHANNEL-REFINED.,Source_Ledger_v02,TPI-126|2026,超市／自煮食材,,,v0.4-governance-20260912
EV-00670,LEG-EC-317,TPI-129,LEGACY_EVIDENCE_LEDGER,2026,2026,82,46274,A,B,2026 successor-channel revalidation,,https://online.uni-prosperity.com.tw/zh/%E5%91%B3%E4%B8%B9/1450000000105.html,Legacy core price 76 superseded by successor-site regular price 82. Fixed basket channel identity remains Carrefour; observation marked CHANNEL-REFINED.,Source_Ledger_v02,TPI-129|2026,超市／自煮食材,,,v0.4-governance-20260912
EV-00671,LEG-EC-314,TPI-132,LEGACY_EVIDENCE_LEDGER,2026,2026,36,46274,A,B,2026 successor-channel revalidation,,https://online.uni-prosperity.com.tw/zh/search/?attributes=%E7%B1%B3%E6%B2%B9%E6%B2%96%E6%B3%A1%20%3E%20%E8%AA%BF%E5%91%B3%EF%BC%8E%E7%BD%90%E9%A0%AD%E6%B9%AF%E5%93%81%EF%BC%8E%E5%8D%97%E5%8C%97%E8%B2%A8%20%3E%20%E8%AA%BF%E5%91%B3%E5%93%81%20%3E%20%E7%B3%96%E7%B2%89&q=%E5%8F%B0%E7%B3%96,Successor-site revalidation confirms regular price 36; legacy core price unchanged. Fixed basket channel identity remains Carrefour; observation marked CHANNEL-REFINED.,Source_Ledger_v02,TPI-132|2026,超市／自煮食材,,,v0.4-governance-20260912
EV-00672,LEG-EC-315,TPI-135,LEGACY_EVIDENCE_LEDGER,2026,2026,17,46274,A,B,2026 successor-channel revalidation,,https://online.uni-prosperity.com.tw/en/%E5%8F%B0%E9%B9%BD/1460000500101.html?categoryId=1752,Successor-site revalidation confirms regular price 17; legacy core price unchanged. Fixed basket channel identity remains Carrefour; observation marked CHANNEL-REFINED.,Source_Ledger_v02,TPI-135|2026,超市／自煮食材,,,v0.4-governance-20260912
EV-00673,LEG-EC-330,TPI-150,LEGACY_EVIDENCE_LEDGER,2026,2026,242,46274,A,B,2026 successor-channel revalidation,,https://online.uni-prosperity.com.tw/zh/%E6%B3%B0%E5%B1%B1/1461513300101.html,Legacy core price 234 superseded by successor-site regular price 242. Fixed basket channel identity remains Carrefour; observation marked CHANNEL-REFINED.,Source_Ledger_v02,TPI-150|2026,超市／自煮食材,,,v0.4-governance-20260912
EV-00674,LEG-EC-316,TPI-159,LEGACY_EVIDENCE_LEDGER,2026-audit,2026,,46274,A,B,CURRENT-REVALIDATION-REQUIRED / EXCLUDED FROM CORE CURRENT,,https://online.uni-prosperity.com.tw/zh/%E5%90%8C%E6%A6%AE/1483202100103.html,Successor exact yellow-can product URL returned 404 on 2026-09-09; current visible red-can SKU is not accepted as the fixed yellow-can basket item. Legacy 39 observation retained in prior ledger row.,Source_Ledger_v02,TPI-159|2026-audit,超市／自煮食材,,,v0.4-governance-20260912
EV-00675,LEG-EC-320,TPI-162,LEGACY_EVIDENCE_LEDGER,2026,2026,30,46274,A,B,2026 successor-channel revalidation,,https://online.uni-prosperity.com.tw/zh/cocacola-%E5%8F%AF%E5%8F%A3%E5%8F%AF%E6%A8%82/1000001200104.html,Successor-site revalidation confirms regular price 30; legacy core price unchanged. Fixed basket channel identity remains Carrefour; observation marked CHANNEL-REFINED.,Source_Ledger_v02,TPI-162|2026,超市／自煮食材,,,v0.4-governance-20260912
EV-00676,LEG-EC-355,TPI-165,LEGACY_EVIDENCE_LEDGER,2026,2026,28.75,46274,A,B,2026 successor-channel revalidation,,https://online.uni-prosperity.com.tw/zh/%E9%BB%91%E6%9D%BE%E6%B2%99%E5%A3%AB/1000200900104.html,Legacy core price 26.75 superseded by successor-site regular price 28.75. Fixed basket channel identity remains Carrefour; observation marked CHANNEL-REFINED.,Source_Ledger_v02,TPI-165|2026,超市／自煮食材,,,v0.4-governance-20260912
EV-00677,LEG-EC-343,TPI-177,LEGACY_EVIDENCE_LEDGER,2026,2026,160,46274,A,B,2026 successor-channel revalidation,,https://online.uni-prosperity.com.tw/zh/1525006500101.html,Successor-site revalidation confirms regular price 160; legacy core price unchanged. Fixed basket channel identity remains Carrefour; observation marked CHANNEL-REFINED.,Source_Ledger_v02,TPI-177|2026,超市／自煮食材,,,v0.4-governance-20260912
EV-00678,LEG-EC-327,TPI-180,LEGACY_EVIDENCE_LEDGER,2026,2026,60,46274,A,B,2026 successor-channel revalidation,,https://online.uni-prosperity.com.tw/zh/%E6%A1%82%E5%86%A0/1526103800101.html,Successor-site revalidation confirms regular price 60; legacy core price unchanged. Fixed basket channel identity remains Carrefour; observation marked CHANNEL-REFINED.,Source_Ledger_v02,TPI-180|2026,超市／自煮食材,,,v0.4-governance-20260912
EV-00679,LEG-EC-323,TPI-210,LEGACY_EVIDENCE_LEDGER,2026,2026,135,46274,A,B,2026 successor-channel revalidation,,https://online.uni-prosperity.com.tw/zh/%E5%93%81%E7%89%8C%E6%97%97%E8%89%A6%E9%A4%A8/%E5%AE%B6%E6%A8%82%E6%B0%8F%EF%BD%9C%E5%93%81%E5%AE%A2%E5%93%81%E7%89%8C%E9%A4%A8,Successor-site revalidation confirms regular price 135; legacy core price unchanged. Fixed basket channel identity remains Carrefour; observation marked CHANNEL-REFINED.,Source_Ledger_v02,TPI-210|2026,超市／自煮食材,,,v0.4-governance-20260912
EV-00680,LEG-EC-350,TPI-213,LEGACY_EVIDENCE_LEDGER,2026,2026,211,46274,A,B,2026 successor-channel revalidation,,https://online.uni-prosperity.com.tw/zh/%E9%9B%80%E5%B7%A2/1436003300101.html,Successor-site revalidation confirms regular price 211; legacy core price unchanged. Fixed basket channel identity remains Carrefour; observation marked CHANNEL-REFINED.,Source_Ledger_v02,TPI-213|2026,超市／自煮食材,,,v0.4-governance-20260912
EV-00681,LEG-EC-339,TPI-243,LEGACY_EVIDENCE_LEDGER,2026,2026,21,46274,A,B,2026 successor-channel revalidation,,https://online.uni-prosperity.com.tw/zh/%E7%BE%A9%E7%BE%8E/1508000300101.html,Successor-site revalidation confirms regular price 21; legacy core price unchanged. Fixed basket channel identity remains Carrefour; observation marked CHANNEL-REFINED.,Source_Ledger_v02,TPI-243|2026,超市／自煮食材,,,v0.4-governance-20260912
EV-00682,LEG-EC-128,TPI-463,LEGACY_EVIDENCE_LEDGER,2026,2026,323,46274,A,B,2026 successor-channel revalidation,,https://online.uni-prosperity.com.tw/zh/%E5%AF%B6%E8%B7%AF/1485001900101.html,Successor-site revalidation confirms regular price 323; legacy core price unchanged. Fixed basket channel identity remains Carrefour; observation marked CHANNEL-REFINED.,Source_Ledger_v02,TPI-463|2026,寵物食品／用品,,,v0.4-governance-20260912
EV-00683,LEG-EC-340,TPI-107,LEGACY_EVIDENCE_LEDGER,2026,2026,86,46274,A,B,2026 verified / PACKAGE-CHANGE,,https://shop.pxgo.com.tw/hourArrive/goods/238167-21020397-4710126150096,全聯官方小時達現行為義美全脂鮮乳1000ml一般價86；原固定936ml已換規格，PACKAGE-CHANGE；不與936ml歷史價直接計算。 HISTORY-VIABILITY=NOT-DIRECT.,Source_Ledger_v02,TPI-107|2026,超市／自煮食材,,,v0.4-governance-20260912
EV-00684,LEG-EC-340,TPI-108,LEGACY_EVIDENCE_LEDGER,2026,2026,89,46274,A,B,2026 verified / PACKAGE-CHANGE / CHANNEL-REFINED,,https://online.uni-prosperity.com.tw/zh/%E7%BE%A9%E7%BE%8E/1501002900101.html,萬家福官方 successor site 現行義美全脂鮮奶1000ml一般價89、促銷86不採；原固定936ml，PACKAGE-CHANGE + CHANNEL-REFINED。 HISTORY-VIABILITY=NOT-DIRECT.,Source_Ledger_v02,TPI-108|2026,超市／自煮食材,,,v0.4-governance-20260912
EV-00685,LEG-EC-336,TPI-114,LEGACY_EVIDENCE_LEDGER,2026,2026,85,46274,A,B,2026 verified / CHANNEL-REFINED,,https://online.uni-prosperity.com.tw/zh/%E7%B5%B1%E4%B8%80/1501001100101.html,萬家福官方 successor site：瑞穗全脂鮮乳930ml原價85；與固定規格930ml一致。僅因通路 successor 標 CHANNEL-REFINED，歷史同規格搜尋優先。 HISTORY-VIABILITY=HISTORY-EASY.,Source_Ledger_v02,TPI-114|2026,超市／自煮食材,,,v0.4-governance-20260912
EV-00686,LEG-EC-346,TPI-137,LEGACY_EVIDENCE_LEDGER,2026,2026,88,46274,A,B,2026 verified / PACKAGE-CHANGE,,https://shop.pxgo.com.tw/hourArrive/goods/240014-51050037-4711001450027,全聯官方小時達現行萬家香純佳釀醬油450ml一般價88；原固定1L，PACKAGE-CHANGE，不直接跨規格比較。 HISTORY-VIABILITY=NOT-DIRECT.,Source_Ledger_v02,TPI-137|2026,超市／自煮食材,,,v0.4-governance-20260912
EV-00687,LEG-EC-346,TPI-138,LEGACY_EVIDENCE_LEDGER,2026,2026,97,46274,A,B,2026 verified / PACKAGE-CHANGE / CHANNEL-REFINED,,https://online.uni-prosperity.com.tw/zh/%E8%90%AC%E5%AE%B6%E9%A6%99/1462009500101.html,萬家福官方 successor site 現行萬家香純佳釀醬油450ml原價97；原固定1L，PACKAGE-CHANGE + CHANNEL-REFINED。 HISTORY-VIABILITY=NOT-DIRECT.,Source_Ledger_v02,TPI-138|2026,超市／自煮食材,,,v0.4-governance-20260912
EV-00688,LEG-EC-349,TPI-141,LEGACY_EVIDENCE_LEDGER,2026,2026,132,46274,A,B,2026 verified / PACKAGE-CHANGE / CHANNEL-REFINED,,"https://online.uni-prosperity.com.tw/zh/search/tagPage/?tags=%E9%86%AC%E6%B2%B9,%E9%87%91%E8%98%AD",萬家福官方2026-09列表顯示現行『金蘭醬油2L』一般價132；原固定1L已換規格，PACKAGE-CHANGE + CHANNEL-REFINED；不與1L歷史價直接比較。 HISTORY-VIABILITY=NOT-DIRECT.,Source_Ledger_v02,TPI-141|2026,超市／自煮食材,,,v0.4-governance-20260912
EV-00689,LEG-EC-324,TPI-147,LEGACY_EVIDENCE_LEDGER,2026,2026,305,46274,A,B,2026 verified / PACKAGE-CHANGE / CHANNEL-REFINED,,https://online.uni-prosperity.com.tw/zh/%E5%93%81%E7%89%8C%E6%97%97%E8%89%A6%E9%A4%A8/%E4%BD%B3%E6%A0%BC%E5%93%81%E7%89%8C%E9%A4%A8/%E5%BE%97%E6%84%8F%E7%9A%84%E4%B8%80%E5%A4%A9%E9%A3%9F%E7%94%A8%E6%B2%B9%E5%93%81,萬家福官方2026-09現行得意的一天100%葵花油2.4L一般價305、促銷276不採；原固定2L，PACKAGE-CHANGE + CHANNEL-REFINED。 HISTORY-VIABILITY=NOT-DIRECT.,Source_Ledger_v02,TPI-147|2026,超市／自煮食材,,,v0.4-governance-20260912
EV-00690,LEG-EC-330,TPI-149,LEGACY_EVIDENCE_LEDGER,2026,2026,355,46274,A,B,2026 verified / PACKAGE-CHANGE,,https://shop.pxgo.com.tw/hourArrive/goods/254036-05010051-4710095340108,全聯官方小時達現行泰山玄米油2L一般價355；原固定1.5L，PACKAGE-CHANGE，不直接跨規格比較。 HISTORY-VIABILITY=NOT-DIRECT.,Source_Ledger_v02,TPI-149|2026,超市／自煮食材,,,v0.4-governance-20260912
EV-00691,LEG-EC-326,TPI-156,LEGACY_EVIDENCE_LEDGER,2026,2026,45,46274,A,B,2026 verified / PACKAGE-CHANGE / UNIT-NORMALIZED / CHANNEL-REFINED,,https://online.uni-prosperity.com.tw/zh/%E6%96%B0%E6%9D%B1%E9%99%BD/1483301000103.html,萬家福官方商品為147g×3罐，一般價135、促銷116不採；透明單位化135/3=45元/147g。原固定160g，PACKAGE-CHANGE；不得與160g歷史價直接算漲幅。 HISTORY-VIABILITY=NOT-DIRECT.,Source_Ledger_v02,TPI-156|2026,超市／自煮食材,,,v0.4-governance-20260912
EV-00692,LEG-EC-309,TPI-171,LEGACY_EVIDENCE_LEDGER,2026,2026,36,46274,A,B,2026 verified / PACKAGE-CHANGE / CHANNEL-REFINED,,https://online.uni-prosperity.com.tw/zh/%E8%A1%8C%E9%8A%B7%E4%B8%BB%E9%A1%8C/%E4%B9%96%E4%B9%96,萬家福官方現行乖乖五香為80g一般價36、促銷32不採；原固定52g，PACKAGE-CHANGE + CHANNEL-REFINED。 HISTORY-VIABILITY=NOT-DIRECT.,Source_Ledger_v02,TPI-171|2026,超市／自煮食材,,,v0.4-governance-20260912
EV-00693,LEG-EC-308,TPI-189,LEGACY_EVIDENCE_LEDGER,2026,2026,33,46274,A,B,2026 verified / PACKAGE-CHANGE / CHANNEL-REFINED,,https://online.uni-prosperity.com.tw/zh/%E4%B8%AD%E8%8F%AF%E9%A3%9F%E5%93%81/1508001500101.html,萬家福官方中華非基改板豆腐現行345g一般價33、促銷28不採；原固定300g，PACKAGE-CHANGE + CHANNEL-REFINED。 HISTORY-VIABILITY=NOT-DIRECT.,Source_Ledger_v02,TPI-189|2026,超市／自煮食材,,,v0.4-governance-20260912
EV-00694,LEG-EC-322,TPI-194,LEGACY_EVIDENCE_LEDGER,2026,2026,212,46274,A,B,2026 verified / PACKAGE-CHANGE,,https://shop.pxgo.com.tw/hourArrive/goods/252118-21250142-9415007301516,全聯官方小時達現行安佳無鹽奶油454g一般價212；原固定227g，PACKAGE-CHANGE，不直接跨規格比較。 HISTORY-VIABILITY=NOT-DIRECT.,Source_Ledger_v02,TPI-194|2026,超市／自煮食材,,,v0.4-governance-20260912
EV-00695,LEG-EC-318,TPI-201,LEGACY_EVIDENCE_LEDGER,2026,2026,51,46274,A,B,2026 verified / CHANNEL-REFINED,,https://online.uni-prosperity.com.tw/zh/%E5%91%B3%E5%A5%BD%E7%BE%8E/1460206100101.html?src=FE,萬家福官方 successor site：味好美嚴選白胡椒粉30g一般價51、促銷42不採；固定規格30g一致，僅標CHANNEL-REFINED。 HISTORY-VIABILITY=HISTORY-EASY.,Source_Ledger_v02,TPI-201|2026,超市／自煮食材,,,v0.4-governance-20260912
EV-00696,LEG-EC-345,TPI-207,LEGACY_EVIDENCE_LEDGER,2026,2026,105,46274,A,B,2026 verified / ID-REFINED / CHANNEL-REFINED,,https://online.uni-prosperity.com.tw/zh/%E7%B1%B3%E6%B2%B9%E6%B2%96%E6%B3%A1/%E8%AA%BF%E5%91%B3%E7%BD%90%E9%A0%AD%E6%B9%AF%E5%93%81%E5%8D%97%E5%8C%97%E8%B2%A8/%E8%AA%BF%E5%91%B3%E5%93%81/%E9%BA%B5%E7%B2%89,固定籃子泛稱水手牌高筋麵粉1kg；萬家福官方現行同品牌1kg具名SKU『水手牌無添加高筋麵粉1kg』為105。因現行高筋SKU不只一種，標ID-REFINED + CHANNEL-REFINED，歷史身份需另鎖定。 HISTORY-VIABILITY=HISTORY-POSSIBLE.,Source_Ledger_v02,TPI-207|2026,超市／自煮食材,,,v0.4-governance-20260912
EV-00697,LEG-EC-323,TPI-209,LEGACY_EVIDENCE_LEDGER,2026,2026,93,46274,A,B,2026 verified / PACKAGE-CHANGE,,https://shop.pxgo.com.tw/hourArrive/goods/241643-11020052-8852756327052,全聯官方小時達現行家樂氏原味玉米片230g一般價93；原固定275g，PACKAGE-CHANGE，不直接跨規格比較。 HISTORY-VIABILITY=NOT-DIRECT.,Source_Ledger_v02,TPI-209|2026,超市／自煮食材,,,v0.4-governance-20260912
EV-00698,LEG-EC-352,TPI-222,LEGACY_EVIDENCE_LEDGER,2026,2026,99,46274,A,B,2026 verified / ID-REFINED / CHANNEL-REFINED,,https://online.uni-prosperity.com.tw/zh/search/?q=%E5%85%AC%E8%BE%B2,固定籃子為一般級香蕉1kg；萬家福官方現行具名『履歷香蕉(每袋約1公斤)』99。來源具現價但身份等級不完全同質，標ID-REFINED + CHANNEL-REFINED；生鮮歷史價波動大。 HISTORY-VIABILITY=HISTORY-HARD.,Source_Ledger_v02,TPI-222|2026,超市／自煮食材,,,v0.4-governance-20260912
EV-00699,LEG-EC-333,TPI-225,LEGACY_EVIDENCE_LEDGER,2026,2026,89,46274,A,B,2026 verified / CHANNEL-REFINED,,https://online.uni-prosperity.com.tw/zh/2200300100101.html,萬家福官方現行高麗菜每粒約1kg±10%原價89；規格與固定約1kg接近，但生鮮品具日/季節波動，僅因successor channel降為B；歷史回溯列HISTORY-HARD。 HISTORY-VIABILITY=HISTORY-HARD.,Source_Ledger_v02,TPI-225|2026,超市／自煮食材,,,v0.4-governance-20260912
EV-00700,LEG-EC-306,TPI-104,LEGACY_EVIDENCE_LEDGER,2026,2026,209,46274,A,B,2026 verified / PACKAGE-CHANGE / ID-REFINED,,https://shop.pxgo.com.tw/hourArrive/goods/245742-26010042-4710265030334,全聯官方小時達現行為『三好米契約栽培台稉九號米2.5kg(三等米)』一般價209；原固定為三好台梗九號2kg，包裝與具名SKU均有差異，PACKAGE-CHANGE + ID-REFINED，不直接跨規格比較。 HISTORY-VIABILITY=NOT-DIRECT.,Source_Ledger_v02,TPI-104|2026,超市／自煮食材,,,v0.4-governance-20260912
EV-00701,LEG-EC-306,TPI-105,LEGACY_EVIDENCE_LEDGER,2026,2026,289,46274,A,B,2026 verified / PACKAGE-CHANGE / ID-REFINED / CHANNEL-REFINED,,https://online.uni-prosperity.com.tw/zh/search/?attributes=%E7%B1%B3%E6%B2%B9%E6%B2%96%E6%B3%A1+%3E+%E7%B1%B3%EF%BC%8E%E9%A3%9F%E7%94%A8%E6%B2%B9+%3E+%E7%B1%B3+%3E+%E7%B1%B3&q=CONGMI,萬家福官方 successor site 現行『三好履歷台梗九號米(圓三)2.2kg』一般價289、促銷208不採；原固定2kg，PACKAGE-CHANGE + ID-REFINED + CHANNEL-REFINED。 HISTORY-VIABILITY=NOT-DIRECT.,Source_Ledger_v02,TPI-105|2026,超市／自煮食材,,,v0.4-governance-20260912
EV-00702,LEG-EC-331,TPI-144,LEGACY_EVIDENCE_LEDGER,2026,2026,99,46274,A,B,2026 verified / PACKAGE-CHANGE / CHANNEL-REFINED,,https://online.uni-prosperity.com.tw/zh/search/tagPage/?tags=%E5%91%B3%E5%85%A8%2C%E9%86%AC%E6%B2%B9%E9%9C%B2,萬家福官方2026-09列表現行『淬釀醬油露500ml』一般價99、促銷77不採；原固定1L，PACKAGE-CHANGE + CHANNEL-REFINED。 HISTORY-VIABILITY=NOT-DIRECT.,Source_Ledger_v02,TPI-144|2026,超市／自煮食材,,,v0.4-governance-20260912
EV-00703,LEG-EC-321,TPI-191,LEGACY_EVIDENCE_LEDGER,2026,2026,114,46274,A,B,2026 verified / ID-REFINED,,https://shop.pxgo.com.tw/hourArrive/activity/447,全聯官方同日多個小時達頁一致列『Anchor高鈣安佳原味乳酪250g』單件114；固定籃子泛稱安佳切片起司250g，故以ID-REFINED/B保留。點數贈送不改變核心單件價；未採任何多件折扣。 HISTORY-VIABILITY=HISTORY-POSSIBLE.,Source_Ledger_v02,TPI-191|2026,超市／自煮食材,,,v0.4-governance-20260912
EV-00704,LEG-EC-322,TPI-195,LEGACY_EVIDENCE_LEDGER,2026,2026,268,46274,A,B,2026 verified / PACKAGE-CHANGE / ID-REFINED / CHANNEL-REFINED,,https://online.uni-prosperity.com.tw/en/%E5%AE%89%E4%BD%B3/1503095100101.html,萬家福官方商品頁：安佳無鹽發酵奶油454g原價268；原固定安佳無鹽奶油227g，容量翻倍且現行具名為發酵奶油，PACKAGE-CHANGE + ID-REFINED + CHANNEL-REFINED，不直接配對歷史。 HISTORY-VIABILITY=NOT-DIRECT.,Source_Ledger_v02,TPI-195|2026,超市／自煮食材,,,v0.4-governance-20260912
EV-00705,LEG-EC-345,TPI-206,LEGACY_EVIDENCE_LEDGER,2026,2026,120,46274,A,B,2026 verified / ID-REFINED / CHANNEL-REFINED,,https://pxbox.es.pxmart.com.tw/category/535/560/0/product/11024,全聯官方全電商現行列『水手牌無添加高筋麵粉(頂級胚乳精華)1kg』120；固定籃子僅泛稱水手牌高筋麵粉1kg，且來源為全聯電商非小時達，故ID-REFINED + CHANNEL-REFINED/B。 HISTORY-VIABILITY=HISTORY-POSSIBLE.,Source_Ledger_v02,TPI-206|2026,超市／自煮食材,,,v0.4-governance-20260912
EV-00706,LEG-EC-335,TPI-215,LEGACY_EVIDENCE_LEDGER,2026,2026,151,46274,A,B,2026 verified / ID-REFINED,,https://shop.pxgo.com.tw/hourArrive/goods/298120-15010070-4711392540161,全聯官方小時達：立頓香濃原味奶茶量販包20g×20包，總重400g，單件151。原固定只寫立頓奶茶粉400g，現行口味/包數具名化，標ID-REFINED/B。 HISTORY-VIABILITY=HISTORY-POSSIBLE.,Source_Ledger_v02,TPI-215|2026,超市／自煮食材,,,v0.4-governance-20260912
EV-00707,LEG-EC-335,TPI-216,LEGACY_EVIDENCE_LEDGER,2026,2026,169,46274,A,B,2026 verified / ID-REFINED / CHANNEL-REFINED,,https://online.uni-prosperity.com.tw/zh/search/?attributes=%E7%B1%B3%E6%B2%B9%E6%B2%96%E6%B3%A1+%3E+%E5%92%96%E5%95%A1%EF%BC%8E%E8%8C%B6%E5%8C%85+%3E+%E8%8C%B6%E5%8C%85+%3E+%E5%8D%B3%E6%BA%B6%E8%8C%B6&q=%E7%AB%8B%E9%A0%93,萬家福官方列表：立頓香濃原味奶茶20g×20一般價169、折扣154不採；總重400g。原固定僅寫400g，故ID-REFINED + CHANNEL-REFINED/B。 HISTORY-VIABILITY=HISTORY-POSSIBLE.,Source_Ledger_v02,TPI-216|2026,超市／自煮食材,,,v0.4-governance-20260912
EV-00708,LEG-EC-348,TPI-228,LEGACY_EVIDENCE_LEDGER,2026,2026,69,46274,A,B,2026 verified / ID-REFINED / CHANNEL-REFINED,,https://online.uni-prosperity.com.tw/zh/search/tagPage/?tags=%E6%B4%8B%E8%94%A5%2C%E7%94%9F%E9%AE%AE,萬家福官方現行『紐西蘭洋蔥1kg/袋』69；固定籃子只定義一般級洋蔥1kg，產地/品種未鎖，故ID-REFINED + CHANNEL-REFINED/B；生鮮歷史價格需同等級同產地另查。 HISTORY-VIABILITY=HISTORY-HARD.,Source_Ledger_v02,TPI-228|2026,超市／自煮食材,,,v0.4-governance-20260912
EV-00709,LEG-EC-319,TPI-231,LEGACY_EVIDENCE_LEDGER,2026,2026,60,46274,A,B,2026 verified / PACKAGE-CHANGE / ID-REFINED / CHANNEL-REFINED,,https://online.uni-prosperity.com.tw/zh/search/?attributes=%E7%94%9F%E9%AE%AE%E5%86%B7%E5%87%8D+%3E+%E8%94%AC%E8%8F%9C%E6%B0%B4%E6%9E%9C%EF%BC%8E%E8%BE%B2%E7%89%B9%E7%94%A2+%3E+%E5%90%84%E5%BC%8F%E8%94%AC%E8%8F%9C+%3E+%E6%A0%B9%E8%8E%96%E3%80%81%E7%AD%8D%E9%A1%9E&q=resums,萬家福官方現行『履歷熟成馬鈴薯200g/包』一般價60；原固定一般級馬鈴薯1kg，容量/履歷身份均不同，PACKAGE-CHANGE + ID-REFINED + CHANNEL-REFINED，不直接比較。 HISTORY-VIABILITY=NOT-DIRECT.,Source_Ledger_v02,TPI-231|2026,超市／自煮食材,,,v0.4-governance-20260912
EV-00710,LEG-EC-351,TPI-246,LEGACY_EVIDENCE_LEDGER,2026,2026,36,46274,A,B,2026 verified / ID-REFINED / CHANNEL-REFINED,,https://online.uni-prosperity.com.tw/zh/search/tagPage/?tags=%E7%94%A2%E9%8A%B7%E5%B1%A5%E6%AD%B7%2C%E7%94%9F%E9%AE%AE,萬家福官方現行『履歷青江菜(每袋約250克±10%)』一般價36；固定為青江菜250g同規格，重量吻合但履歷/供應身份具名化，故ID-REFINED + CHANNEL-REFINED/B；生鮮回溯仍列HISTORY-HARD。 HISTORY-VIABILITY=HISTORY-HARD.,Source_Ledger_v02,TPI-246|2026,超市／自煮食材,,,v0.4-governance-20260912
EV-00711,LEG-EC-331,TPI-143,LEGACY_EVIDENCE_LEDGER,2026,2026,109,46274,A,B,2026 verified / PACKAGE-CHANGE / CHANNEL-REFINED,,https://pxbox.es.pxmart.com.tw/product/358316,全聯全電商官方現行淬釀醬油露500ml原價109、特價77不採；原固定1L，PACKAGE-CHANGE；且來源為全聯全電商而非原一般門市口徑，另標CHANNEL-REFINED/B。 HISTORY-VIABILITY=NOT-DIRECT.,Source_Ledger_v02,TPI-143|2026,超市／自煮食材,,,v0.4-governance-20260912
EV-00712,LEG-EC-312,TPI-219,LEGACY_EVIDENCE_LEDGER,2026,2026,119,46274,A,B,2026 verified / ID-REFINED / CHANNEL-REFINED,,https://online.uni-prosperity.com.tw/zh/search/?attributes=%E7%94%9F%E9%AE%AE%E5%86%B7%E5%87%8D+%3E+%E5%A5%B6%E8%9B%8B%E9%BB%9E%E5%BF%83%E9%A3%9F%E5%93%81+%3E+%E9%9B%9E%E8%9B%8B%EF%BC%8E%E8%B1%86%E8%A3%BD%E5%93%81&q=shellin,固定籃子僅寫『雞蛋10入（同等級盒裝）』，身份過於寬；萬家福官方現行選定具名SKU『UNIDESIGN非籠飼平飼新鮮蛋(白殼)10入』一般價119。以ID-REFINED + CHANNEL-REFINED/B保留；不得反推其與歷史未具名10入蛋為同品。 HISTORY-VIABILITY=HISTORY-HARD.,Source_Ledger_v02,TPI-219|2026,超市／自煮食材,,,v0.4-governance-20260912
EV-00713,LEG-EC-347,TPI-234,LEGACY_EVIDENCE_LEDGER,2026,2026,145,46274,A,B,2026 verified / PACKAGE-CHANGE / ID-REFINED / CHANNEL-REFINED,,https://online.uni-prosperity.com.tw/zh/search/tagPage/?tags=%E8%82%89%E7%89%87%2C%E5%86%B7%E8%97%8F,萬家福官方現行『嚴選冷藏台灣豬里肌肉片330g』一般價145；原固定冷藏豬里肌600g，容量與切型均不同，PACKAGE-CHANGE + ID-REFINED + CHANNEL-REFINED/B，不直接跨規格比較。 HISTORY-VIABILITY=NOT-DIRECT.,Source_Ledger_v02,TPI-234|2026,超市／自煮食材,,,v0.4-governance-20260912
EV-00714,LEG-EC-354,TPI-237,LEGACY_EVIDENCE_LEDGER,2026,2026,90,46274,A,B,2026 verified / PACKAGE-CHANGE / ID-REFINED / CHANNEL-REFINED,,https://online.uni-prosperity.com.tw/zh/%E7%94%9F%E9%AE%AE%E5%86%B7%E5%87%8D/%E8%82%89%E5%93%81/%E9%9B%9E%E9%B4%A8/%E9%9B%9E%E5%88%86%E5%88%87%E5%93%81,萬家福官方現行『產銷履歷全氣冷雞冷藏雞胸肉300g(貼體)』一般價90；原固定冷藏雞胸肉600g，容量與具名身份不同，PACKAGE-CHANGE + ID-REFINED + CHANNEL-REFINED/B。 HISTORY-VIABILITY=NOT-DIRECT.,Source_Ledger_v02,TPI-237|2026,超市／自煮食材,,,v0.4-governance-20260912
EV-00715,LEG-EC-353,TPI-240,LEGACY_EVIDENCE_LEDGER,2026,2026,109,46274,A,B,2026 verified / PACKAGE-CHANGE / ID-REFINED / CHANNEL-REFINED,,https://online.uni-prosperity.com.tw/zh/search/tagPage/?tags=%E6%B5%B7%E9%AE%AE%2C%E8%9D%A6%E5%AD%90,萬家福官方現行『冷凍白蝦(每盒約250g/20-25尾)』一般價109；原固定冷凍白蝦600g，容量/尾數身份不同，PACKAGE-CHANGE + ID-REFINED + CHANNEL-REFINED/B，不做600g線性換算。 HISTORY-VIABILITY=NOT-DIRECT.,Source_Ledger_v02,TPI-240|2026,超市／自煮食材,,,v0.4-governance-20260912
EV-00716,LEG-EC-332,TPI-249,LEGACY_EVIDENCE_LEDGER,2026,2026,125,46274,A,B,2026 verified / PACKAGE-CHANGE / ID-REFINED / CHANNEL-REFINED,,https://online.uni-prosperity.com.tw/zh/search/?attributes=%E7%94%9F%E9%AE%AE%E5%86%B7%E5%87%8D+%3E+%E8%94%AC%E8%8F%9C%E6%B0%B4%E6%9E%9C%EF%BC%8E%E8%BE%B2%E7%89%B9%E7%94%A2+%3E+%E5%90%84%E5%BC%8F%E8%94%AC%E8%8F%9C+%3E+%E6%9E%9C%E5%AF%A6%E9%A1%9E&q=%E5%8F%B0%E8%BE%B2,萬家福官方現行『履歷牛番茄500g/盒』一般價125；原固定牛番茄600g，容量與履歷身份不同，PACKAGE-CHANGE + ID-REFINED + CHANNEL-REFINED/B；不做600g線性換算。 HISTORY-VIABILITY=NOT-DIRECT.,Source_Ledger_v02,TPI-249|2026,超市／自煮食材,,,v0.4-governance-20260912
EV-00717,LEG-EC-338,TPI-125,LEGACY_EVIDENCE_LEDGER,historical,2020,75,44042,D,A,Matched,,https://www.ptt.cc/bbs/Lifeismoney/M.1596121555.A.EE7.html,2020-07-30 PTT Lifeismoney 消費者實價整理：同文列全家中元活動『維力炸醬麵90g 5入 $78』，並另註『全聯訪價$75』。核心採的是全聯訪價75，不採全家活動78。Evidence=D；固定通路全聯、5入規格與2026相符，Comparability=A。,Source_Ledger_v02,TPI-125|historical,超市／自煮食材,,,v0.4-governance-20260912
EV-00718,LEG-EC-311,TPI-110,LEGACY_EVIDENCE_LEDGER,2020-candidate,2020,93,43929,C,B,CANDIDATE — NOT ADMITTED TO CORE BASELINE,,https://benlife.tw/20200408famimartnew/,candidate_channel=全家FamilyMart. 2020-04全家活動整理明列光泉全脂/低脂鮮乳936ml原價93；SKU規格可對，但固定通路是全聯，故僅candidate，不寫Master baseline。,Source_Ledger_v02,TPI-110|2020-candidate,超市／自煮食材,,,v0.4-governance-20260912
EV-00719,LEG-EC-311,TPI-111,LEGACY_EVIDENCE_LEDGER,2020-candidate,2020,93,43929,C,B,CANDIDATE — NOT ADMITTED TO CORE BASELINE,,https://benlife.tw/20200408famimartnew/,candidate_channel=全家FamilyMart. 2020-04全家活動整理明列光泉全脂/低脂鮮乳936ml原價93；固定通路是家樂福，通路不匹配，僅candidate。,Source_Ledger_v02,TPI-111|2020-candidate,超市／自煮食材,,,v0.4-governance-20260912
EV-00720,LEG-EC-344,TPI-116,LEGACY_EVIDENCE_LEDGER,2020-candidate,2020,60,43964,A,B,CANDIDATE — NOT ADMITTED TO CORE BASELINE,,https://www.facebook.com/imeifoods/posts/10157636137491997/,candidate_channel=義美門市. 義美官方2020年5月會員活動明列義美無加糖厚豆奶936ml原價60；固定通路是全聯，故不以品牌門市價替代全聯歷史價。,Source_Ledger_v02,TPI-116|2020-candidate,超市／自煮食材,,,v0.4-governance-20260912
EV-00721,LEG-EC-344,TPI-117,LEGACY_EVIDENCE_LEDGER,2020-candidate,2020,60,43964,A,B,CANDIDATE — NOT ADMITTED TO CORE BASELINE,,https://www.facebook.com/imeifoods/posts/10157636137491997/,candidate_channel=義美門市. 義美官方2020年5月會員活動明列義美無加糖厚豆奶936ml原價60；固定通路是家樂福，故不以品牌門市價替代家樂福歷史價。,Source_Ledger_v02,TPI-117|2020-candidate,超市／自煮食材,,,v0.4-governance-20260912
EV-00722,LEG-EC-328,TPI-119,LEGACY_EVIDENCE_LEDGER,2020-candidate,2020,109,43979,D,B,CANDIDATE — NOT ADMITTED TO CORE BASELINE,,https://www.ptt.cc/bbs/Lifeismoney/M.1590633370.A.B2E.html,candidate_channel=全聯PX Mart. 2020-05-28討論中消費者指出『楓康 全聯109元的容量應該只有800克』；通路/容量線索吻合，但未完整鎖定固定SKU名稱，僅candidate。,Source_Ledger_v02,TPI-119|2020-candidate,超市／自煮食材,,,v0.4-governance-20260912
EV-00723,LEG-EC-328,TPI-120,LEGACY_EVIDENCE_LEDGER,2020-candidate,2020,109,43979,D,B,CANDIDATE — NOT ADMITTED TO CORE BASELINE,,https://www.ptt.cc/bbs/Lifeismoney/M.1590633370.A.B2E.html,candidate_channel=全聯PX Mart. 同一2020線索是全聯800g，不是固定家樂福通路，且SKU命名不完整；僅作cross-channel candidate，不寫Master baseline。,Source_Ledger_v02,TPI-120|2020-candidate,超市／自煮食材,,,v0.4-governance-20260912
EV-00724,LEG-EC-338,TPI-126,LEGACY_EVIDENCE_LEDGER,2020-candidate,2020,75,44042,D,B,CANDIDATE — NOT ADMITTED TO CORE BASELINE,,https://www.ptt.cc/bbs/Lifeismoney/M.1596121555.A.EE7.html,2020消費者紀錄為全聯PX Mart『維力炸醬麵90g×5 全聯訪價75』；產品/規格吻合，但TPI-126固定通路是家樂福，因此僅cross-channel candidate。,Source_Ledger_v02,TPI-126|2020-candidate,超市／自煮食材,,,v0.4-governance-20260912
EV-00725,LEG-EC-328,TPI-119,LEGACY_EVIDENCE_LEDGER,historical,2020,109,43979,D,B,Matched / HISTORICAL-ID-PARTIAL,,https://www.ptt.cc/bbs/Lifeismoney/M.1590633370.A.B2E.html,Round 2固定通路交叉驗證：2020-05-28 PTT消費者實價明確指出全聯109元，並說明該價格容量為800g；另以全聯官方2020/2/21-3/5指定商品清單確認『桂格大燕麥片即沖即食配方淨重800g』、條碼4710043105124當年確實在全聯販售。因109元價格句本身未寫出『即沖即食』子SKU全名，不能把兩份證據誤寫成官方109元；故Evidence=D、Comparability=B。,Source_Ledger_v02,TPI-119|historical,超市／自煮食材,,,v0.4-governance-20260912
EV-00726,LEG-EC-328,TPI-119,LEGACY_EVIDENCE_LEDGER,2020-identity-evidence,2020,,43882,A,B,IDENTITY-LINKING-EVIDENCE,,https://event.pxmart.com.tw/zwilling/src/assets/0221-0305%E5%8D%B0%E8%8A%B1%E6%B8%85%E5%96%AE.pdf,全聯官方2020/2/21-3/5指定商品清單列『桂格大燕麥片即沖即食配方淨重800g』，條碼4710043105124；此清單沒有價格，因此僅作SKU identity linking evidence。,Source_Ledger_v02,TPI-119|2020-identity-evidence,超市／自煮食材,,,v0.4-governance-20260912
EV-00727,LEG-EC-325,TPI-153,LEGACY_EVIDENCE_LEDGER,2026-metadata-audit,2026,36,46275,A,B,METADATA-CORRECTION / CHANNEL-REFINED,,https://online.uni-prosperity.com.tw/zh/%E6%84%9B%E4%B9%8B%E5%91%B3/1484000600103.html,"No price/date/evidence/source change. Fixed Carrefour basket identity retained; 2026 observation is on Uni-Prosperity/萬家福 successor channel, so Comparability=B.",Source_Ledger_v02,TPI-153|2026-metadata-audit,超市／自煮食材,,,v0.4-governance-20260912
EV-00728,LEG-EC-342,TPI-168,LEGACY_EVIDENCE_LEDGER,2026-metadata-audit,2026,99,46275,A,B,METADATA-CORRECTION / CHANNEL-REFINED,,https://online.uni-prosperity.com.tw/zh/search/?attributes=%E9%A3%B2%E6%96%99%E9%9B%B6%E9%A3%9F+%3E+%E7%B2%BE%E9%81%B8%E9%A4%85%E4%B9%BE+%3E+%E7%94%9C%E9%A4%85%E4%B9%BE&q=%E7%BE%A9%E7%BE%8E,"No price/date/evidence/source change. Fixed Carrefour basket identity retained; 2026 observation is on Uni-Prosperity/萬家福 successor channel, so Comparability=B.",Source_Ledger_v02,TPI-168|2026-metadata-audit,超市／自煮食材,,,v0.4-governance-20260912
EV-00729,LEG-EC-329,TPI-174,LEGACY_EVIDENCE_LEDGER,2026-metadata-audit,2026,40,46275,A,B,METADATA-CORRECTION / CHANNEL-REFINED,,https://online.uni-prosperity.com.tw/zh/%E9%A3%B2%E6%96%99%E9%9B%B6%E9%A3%9F/%E4%BC%91%E9%96%92%E9%9B%B6%E9%A3%9F/%E6%B4%8B%E8%8A%8B%E7%89%87%E8%96%AF%E6%A2%9D/%E5%8E%9F%E5%91%B3,"No price/date/evidence/source change. Fixed Carrefour basket identity retained; 2026 observation is on Uni-Prosperity/萬家福 successor channel, so Comparability=B.",Source_Ledger_v02,TPI-174|2026-metadata-audit,超市／自煮食材,,,v0.4-governance-20260912
EV-00730,LEG-EC-341,TPI-183,LEGACY_EVIDENCE_LEDGER,2026-metadata-audit,2026,72,46275,A,B,METADATA-CORRECTION / CHANNEL-REFINED,,https://online.uni-prosperity.com.tw/en/%E7%BE%A9%E7%BE%8E/1550005100101.html,"No price/date/evidence/source change. Fixed Carrefour basket identity retained; 2026 observation is on Uni-Prosperity/萬家福 successor channel, so Comparability=B.",Source_Ledger_v02,TPI-183|2026-metadata-audit,超市／自煮食材,,,v0.4-governance-20260912
EV-00731,LEG-EC-321,TPI-192,LEGACY_EVIDENCE_LEDGER,2026-metadata-audit,2026,121,46275,A,B,METADATA-CORRECTION / CHANNEL-REFINED,,https://online.uni-prosperity.com.tw/en/search/tagPage/?tags=%E5%AE%89%E4%BD%B3%2C%E8%B5%B7%E5%8F%B8%E7%89%87,"No price/date/evidence/source change. Fixed Carrefour basket identity retained; 2026 observation is on Uni-Prosperity/萬家福 successor channel, so Comparability=B.",Source_Ledger_v02,TPI-192|2026-metadata-audit,超市／自煮食材,,,v0.4-governance-20260912
EV-00732,LEG-EC-313,TPI-198,LEGACY_EVIDENCE_LEDGER,2026-metadata-audit,2026,65,46275,A,B,METADATA-CORRECTION / CHANNEL-REFINED,,https://online.uni-prosperity.com.tw/zh/1463005600101.html,"No price/date/evidence/source change. Fixed Carrefour basket identity retained; 2026 observation is on Uni-Prosperity/萬家福 successor channel, so Comparability=B.",Source_Ledger_v02,TPI-198|2026-metadata-audit,超市／自煮食材,,,v0.4-governance-20260912
EV-00733,LEG-EC-310,TPI-204,LEGACY_EVIDENCE_LEDGER,2026-metadata-audit,2026,36,46275,A,B,METADATA-CORRECTION / CHANNEL-REFINED,,https://online.uni-prosperity.com.tw/zh/search/tagPage/?tags=%E6%B7%B1%E5%A4%9C%E9%BB%9E%E5%BF%83%2C%E4%BA%94%E6%9C%A8,"No price/date/evidence/source change. Fixed Carrefour basket identity retained; 2026 observation is on Uni-Prosperity/萬家福 successor channel, so Comparability=B.",Source_Ledger_v02,TPI-204|2026-metadata-audit,超市／自煮食材,,,v0.4-governance-20260912
EV-00734,LEG-EC-337,TPI-123,LEGACY_EVIDENCE_LEDGER,2020-candidate,2020,85,44071,B,B,CANDIDATE-WRONG-CHANNEL / PACKAGE-LINKING-REQUIRED,,https://www.chinatimes.com/amp/newspapers/20200828000921-260113,愛買2020資料列統一肉燥麵90g×5原價85、特價75；TPI-123固定通路是家樂福且2026為85g×5。此列只證明2020常見袋裝規格曾為90g×5，不作Carrefour價格baseline。,Source_Ledger_v02,TPI-123|2020-candidate,超市／自煮食材,,,v0.4-governance-20260912
EV-00735,LEG-EC-324,TPI-146,LEGACY_EVIDENCE_LEDGER,2020-identity-evidence,2020,,44071,B,A,IDENTITY-PARTIAL / PRICE-MISSING,,https://www.chinatimes.com/amp/newspapers/20200828000921-260113,2020中國時報報導全聯熱銷品含『得意的一天100%純葵花油』；只確認PX通路/產品家族存在，未提供2L規格與一般價。,Source_Ledger_v02,TPI-146|2020-identity-evidence,超市／自煮食材,,,v0.4-governance-20260912
EV-00736,LEG-EC-330,TPI-150,LEGACY_EVIDENCE_LEDGER,2020-identity-evidence,2020,,43993,A,A,IDENTITY-LINKING-EVIDENCE / PRICE-MISSING,,https://www.taisun.com.tw/%E5%A4%A7%E7%94%B2%E5%AA%BD%E7%A5%96%E9%81%B6%E5%A2%83%E7%82%BA%E6%84%9B%E9%87%8D%E5%95%9F-%E9%98%B2%E7%96%AB%E6%96%B0%E7%94%9F%E6%B4%BB%E7%82%BA%E6%84%9B%E9%81%B8%E5%A5%BD%E6%B2%B9/,泰山官方2020-06-11明列玄米油600ml與1.5L，且當時全聯、家樂福、美廉社等通路皆販售。這是強identity/channel evidence，但沒有價格。,Source_Ledger_v02,TPI-150|2020-identity-evidence,超市／自煮食材,,,v0.4-governance-20260912
EV-00737,LEG-EC-330,TPI-150,LEGACY_EVIDENCE_LEDGER,2020-promo-evidence,2020,,44069,D,B,PROMO-EVIDENCE / NOT CORE NORMAL PRICE,,https://www.ptt.cc/bbs/Lifeismoney/M.1598437779.A.5C8.html,2020家樂福買一送一活動明列泰山玄米油1.5L，並以398/3000ml計算。因明確處於買一送一促銷，不可當normal-price baseline。,Source_Ledger_v02,TPI-150|2020-promo-evidence,超市／自煮食材,,,v0.4-governance-20260912
EV-00738,LEG-EC-320,TPI-161,LEGACY_EVIDENCE_LEDGER,2020-sibling-evidence,2020,23,43938,B,B,REJECTED-SIBLING / PROMO,,https://ec.ltn.com.tw/amp/article/breakingnews/3137071,全聯2020活動列可口可樂ZERO 600ml單瓶23且第2件0元；TPI-161固定為一般可口可樂，不是ZERO，且為促銷情境，不能作core。,Source_Ledger_v02,TPI-161|2020-sibling-evidence,超市／自煮食材,,,v0.4-governance-20260912
EV-00739,LEG-EC-327,TPI-179,LEGACY_EVIDENCE_LEDGER,2020-candidate,2020,37,44186,D,B,REJECTED-PROMO-CONTAMINATION,,https://army.chlin.com.tw/BBS/viewthread.php?action=printable&tid=11110,2020-12-21消費者在全聯實購文寫『大顆芝麻湯圓一包37元』；同一冬至檔期媒體明載全聯指定湯圓21日前8折起，故37元不能安全當一般價。,Source_Ledger_v02,TPI-179|2020-candidate,超市／自煮食材,,,v0.4-governance-20260912
EV-00740,LEG-EC-327,TPI-179,LEGACY_EVIDENCE_LEDGER,2020-promo-context,2020,,44181,B,A,PROMO-CONTEXT,,https://www.chinatimes.com/amp/realtimenews/20201216000697-263302,2020-12-16中國時報明載全聯指定湯圓21日前全聯價8折起；用來判斷12/21的37元觀測受到促銷污染，不提供core價格。,Source_Ledger_v02,TPI-179|2020-promo-context,超市／自煮食材,,,v0.4-governance-20260912
EV-00741,LEG-EC-317,TPI-128,LEGACY_EVIDENCE_LEDGER,2020-promo-evidence,2020,,44103,D,B,REJECTED-PROMO/PACK-MISMATCH,,https://www.ptt.cc/bbs/Lifeismoney/M.1601359164.A.7EC.html,全聯2020促銷討論為味味A排骨雞湯麵12入、129買一送一；不是固定90g×5一般價，僅作排除證據。,Source_Ledger_v02,TPI-128|2020-promo-evidence,超市／自煮食材,,,v0.4-governance-20260912
EV-00742,LEG-EC-325,TPI-152,LEGACY_EVIDENCE_LEDGER,2020-identity-evidence,2020,,44099,A,A,EXACT-ID / PRICE-MISSING,,https://event.pxmart.com.tw/arcos/src/assets/0925-1015%E5%8D%B0%E8%8A%B1%E6%B8%85%E5%96%AE.pdf,全聯官方2020/9/25-10/15清單列愛之味土豆麵筋170g、條碼4710626111412；確認精確SKU/通路存在，但清單無價格。,Source_Ledger_v02,TPI-152|2020-identity-evidence,超市／自煮食材,,,v0.4-governance-20260912
EV-00743,LEG-EC-355,TPI-164,LEGACY_EVIDENCE_LEDGER,2020-candidate,2020,22,43959,C,B,WEAK-CANDIDATE / NOT CORE,,https://jpfuns.com/entry/34812576,頁面標示2020-05-08並列黑松沙士600ml單瓶22、任4瓶76；來源為聚合/轉載頁且全聯來源鏈不足，不升core。,Source_Ledger_v02,TPI-164|2020-candidate,超市／自煮食材,,,v0.4-governance-20260912
EV-00744,LEG-EC-342,TPI-168,LEGACY_EVIDENCE_LEDGER,2020-identity-evidence,2020,,43831,C,B,EXACT-ID / WRONG-SOURCE-FOR-PRICE,,https://resource.iyp.tw/static.iyp.tw/28854/files/fa584652-16ec-418d-bf18-2cfe20291d2b.pdf,2020私人商品目錄列義美巧克力小泡芙量販包171g、條碼4710126021532；只證明產品身份，非家樂福價格。,Source_Ledger_v02,TPI-168|2020-identity-evidence,超市／自煮食材,,,v0.4-governance-20260912
EV-00745,LEG-EC-337,TPI-123,LEGACY_EVIDENCE_LEDGER,2020-linking-audit,2020,,44071,B,B,PACKAGE-CHANGE-LIKELY / NOT-DIRECT,,https://www.chinatimes.com/amp/newspapers/20200828000921-260113,2020私人量販資料列統一肉燥麵90g×5；2026固定row為85g×5。用於package-generation判斷，不作家樂福價格baseline。,Source_Ledger_v02,TPI-123|2020-linking-audit,超市／自煮食材,,,v0.4-governance-20260912
EV-00746,LEG-EC-321,TPI-191,LEGACY_EVIDENCE_LEDGER,2020-identity-evidence,2020,,44183,A,A,LINK-RESOLVED / PRICE-MISSING,,https://event.pxmart.com.tw/arcos/src/assets/1218-0107%E5%8D%B0%E8%8A%B1%E6%B8%85%E5%96%AE.pdf,全聯官方2020清單列Anchor高鈣安佳原味乳酪250g、條碼9415007000518；與現行全聯同條碼，identity linking解決，但無2020價格。,Source_Ledger_v02,TPI-191|2020-identity-evidence,超市／自煮食材,,,v0.4-governance-20260912
EV-00747,LEG-EC-345,TPI-206,LEGACY_EVIDENCE_LEDGER,generation-evidence,2021,,44283,A,B,NEW-GENERATION / NOT-DIRECT,,https://www.lhmilling.com/cn/news-detail/News_20210329/,聯華製粉官方稱水手牌無添加高筋麵粉為新品、2021烘焙展首次亮相且尚待上市；固定basket泛稱水手牌高筋麵粉1kg，不能假設2020同世代。,Source_Ledger_v02,TPI-206|generation-evidence,超市／自煮食材,,,v0.4-governance-20260912
EV-00748,LEG-EC-345,TPI-207,LEGACY_EVIDENCE_LEDGER,generation-evidence,2021,,44283,A,B,NEW-GENERATION / NOT-DIRECT,,https://www.lhmilling.com/cn/news-detail/News_20210329/,同TPI-206：官方新品世代證據使generic舊basket→現行無添加SKU的直接歷史配對不安全。,Source_Ledger_v02,TPI-207|generation-evidence,超市／自煮食材,,,v0.4-governance-20260912
EV-00749,LEG-EC-335,TPI-215,LEGACY_EVIDENCE_LEDGER,2020-identity-evidence,2020,,44099,A,A,LINK-RESOLVED / PRICE-MISSING,,https://event.pxmart.com.tw/arcos/src/assets/0925-1015%E5%8D%B0%E8%8A%B1%E6%B8%85%E5%96%AE.pdf,全聯官方2020清單列立頓香濃原味奶茶量販包20g×20、條碼4710094112522；精確PX identity linking解決，但無價格。,Source_Ledger_v02,TPI-215|2020-identity-evidence,超市／自煮食材,,,v0.4-governance-20260912
EV-00750,LEG-EC-307,TPI-101,LEGACY_EVIDENCE_LEDGER,2026-other-channel-evidence,2026,,46275,B,B,WRONG-CHANNEL / CURRENT STILL BLOCKED,,https://24h.pchome.com.tw/prod/DBAA0R-A37836076,PChome現行有中興米花東台梗九號免洗米2kg；只證明市場上有精確商品，不能替代固定全聯current。,Source_Ledger_v02,TPI-101|2026-other-channel-evidence,超市／自煮食材,,,v0.4-governance-20260912
EV-00751,LEG-EC-307,TPI-102,LEGACY_EVIDENCE_LEDGER,2026-other-channel-evidence,2026,,46275,B,B,WRONG-CHANNEL / CURRENT STILL BLOCKED,,https://24h.pchome.com.tw/prod/DBAA0R-A37836076,同一精確商品可在其他通路找到，但沒有驗證家樂福/萬家福successor一般價；current保持空白。,Source_Ledger_v02,TPI-102|2026-other-channel-evidence,超市／自煮食材,,,v0.4-governance-20260912
EV-00752,LEG-EC-316,TPI-158,LEGACY_EVIDENCE_LEDGER,2026-identity-evidence,2026,,46275,A,B,MANUFACTURER-ID / PX PRICE MISSING,,https://www.tongyeng.com.tw/ec99/rwd1383/product.asp?prodid=122,同榮官方現行列蕃茄汁鯖魚黃230g、單罐條碼4710172020015；只證明精確商品存在，未證明全聯current一般價。,Source_Ledger_v02,TPI-158|2026-identity-evidence,超市／自煮食材,,,v0.4-governance-20260912
EV-00753,LEG-EC-334,TPI-185,LEGACY_EVIDENCE_LEDGER,2026-channel-evidence,2026,,46275,A,B,FIXED-CHANNEL NOT LISTED / CURRENT BLOCKED,,https://www.shihanfarm.com.tw/faq.php?cid=3,石安官方目前動福蛋購買通路列好市多、7-11、聖德科斯、品牌門市/官網，未列全聯；不可用其他通路價填TPI-185。,Source_Ledger_v02,TPI-185|2026-channel-evidence,超市／自煮食材,,,v0.4-governance-20260912
EV-00754,LEG-EC-334,TPI-186,LEGACY_EVIDENCE_LEDGER,2026-channel-evidence,2026,,46275,A,B,FIXED-CHANNEL NOT LISTED / CURRENT BLOCKED,,https://www.shihanfarm.com.tw/faq.php?cid=3,石安官方目前動福蛋購買通路未列家樂福/萬家福；不可用其他通路價填TPI-186。,Source_Ledger_v02,TPI-186|2026-channel-evidence,超市／自煮食材,,,v0.4-governance-20260912
EV-00755,LEG-EC-156,TPI-087,LEGACY_EVIDENCE_LEDGER,2020,2020,79,43872,A,A,SEMANTICS-PASS / SOURCE-UPGRADE,,https://shop.muji.tw/muji-journal/news/news/200211.html,MUJI官方2020-02-11頁：原色化妝棉180入優惠69、原價79，商品推薦再次列79；核心採79，優惠69排除。,Source_Ledger_v02,TPI-087|2020,日用品／個人用品,,,v0.4-governance-20260912
EV-00756,LEG-EC-018,TPI-251,LEGACY_EVIDENCE_LEDGER,2020,2020,10,43944,D,A,SEMANTICS-PASS / SOURCE-DATE-REPAIR,,https://www.ptt.cc/bbs/Instant_Food/M.1587605108.A.F6A.html,2020-04-23消費者觀察；7-ELEVEN情境中明載茶葉蛋10元。舊TVBS搜尋結果日期映射移出核心。,Source_Ledger_v02,TPI-251|2020,便利商店食品飲料,,,v0.4-governance-20260912
EV-00757,LEG-EC-018,TPI-251,LEGACY_EVIDENCE_LEDGER,2020-corrob,2020,10,43994,B,A,CORROBORATION-NOT-PRIMARY,,https://blog.hamibook.com.tw/hami%E6%9B%B8%E5%9F%8E%E6%AA%94%E6%9C%9F%E6%B4%BB%E5%8B%95/6%E6%9C%88%E7%B0%BD%E5%88%B0%E9%99%90%E9%87%8F%E9%80%817-11%E8%8C%B6%E8%91%89%E8%9B%8B%E3%80%8A%E8%8B%B1%E6%96%87%E5%96%AE%E5%AD%97%E8%AA%9E%E6%BA%90%E5%9C%96%E9%91%91%E3%80%8B,Hami Book 2020-06-12明載『7-11茶葉蛋（市價10元）』；僅作交叉佐證，不把活動贈送條件/券當價格。,Source_Ledger_v02,TPI-251|2020-corrob,便利商店食品飲料,,,v0.4-governance-20260912
EV-00758,LEG-EC-161,TPI-089,LEGACY_EVIDENCE_LEDGER,historical-source-upgrade,2020,79,44011,A,B,PROVENANCE-RESOLVED / CORE-KEPT,,https://shop.muji.tw/muji-journal/news/news/200629.html,官方MUJI fixed-channel 79；2020頁未標189入，故Comparability B。,Source_Ledger_v02,TPI-089|historical-source-upgrade,日用品／個人用品,,,v0.4-governance-20260912
EV-00759,LEG-EC-171,TPI-090,LEGACY_EVIDENCE_LEDGER,historical-candidate-rejected,2020,790,43869,C,B,REJECTED-FIXED-CHANNEL / REMOVED-FROM-CORE,,https://l2208ml.pixnet.net/blog/posts/14218148846,頁面明示momo售價790，不是固定MUJI門市/官網；候選保留但不計pair。,Source_Ledger_v02,TPI-090|historical-candidate-rejected,日用品／個人用品,,,v0.4-governance-20260912
EV-00760,LEG-EC-117,TPI-459,LEGACY_EVIDENCE_LEDGER,historical-candidate-rejected,2020,632,43995,C,A,REJECTED-FIXED-CHANNEL / REMOVED-FROM-CORE,,https://moonracer488111.pixnet.net/blog/posts/9482232161,商品連結指向sharesop.com，不是PetPetGo；候選保留但不計pair。,Source_Ledger_v02,TPI-459|historical-candidate-rejected,寵物食品／用品,,,v0.4-governance-20260912
EV-00761,LEG-EC-121,TPI-475,LEGACY_EVIDENCE_LEDGER,historical-candidate-rejected,2020,630,43981,C,A,REJECTED-FIXED-CHANNEL / REMOVED-FROM-CORE,,https://attitudeandjones.pixnet.net/blog/posts/9478750604,商品連結指向sharesop.com，不是寵物公園；候選保留但不計pair。,Source_Ledger_v02,TPI-475|historical-candidate-rejected,寵物食品／用品,,,v0.4-governance-20260912
EV-00762,LEG-EC-330,TPI-150,LEGACY_EVIDENCE_LEDGER,2020-promo-identity,2020,398,44069,D,B,PROMO-ONLY / NOT-CORE,,https://www.ptt.cc/bbs/Lifeismoney/M.1598437779.A.5C8.html,家樂福線上買一送一；泰山玄米油1.5L，398元對應3000ml總量。只作fixed-channel identity/promo evidence。,Source_Ledger_v02,TPI-150|2020-promo-identity,超市／自煮食材,,,v0.4-governance-20260912
EV-00763,LEG-EC-114,TPI-031,LEGACY_EVIDENCE_LEDGER,historical-correction,2020,30,44122,C,B,CORRECTED-ORIGINAL-IMAGE,,https://shulong888.pixnet.net/blog/posts/10353087695,原始竹北正東店菜單圖片顯示黃金烏龍L=30；舊40為文章文字轉錄錯誤。,Source_Ledger_v02,TPI-031|historical-correction,咖啡／手搖飲,,,v0.4-governance-20260912
EV-00764,LEG-EC-217,TPI-061,LEGACY_EVIDENCE_LEDGER,historical-source-repair,2020,72,44023,C,A,SOURCE-DATE-REPAIRED,,https://mypaper.pchome.com.tw/nowdz41416/post/1380357989,2020-07-11 PChome同期菜單取代2026 HackMD作historical source；價格不變。,Source_Ledger_v02,TPI-061|historical-source-repair,正餐／小吃／早餐,,,v0.4-governance-20260912
EV-00765,LEG-EC-266,TPI-062,LEGACY_EVIDENCE_LEDGER,historical-source-repair,2020,62,44023,C,A,SOURCE-DATE-REPAIRED,,https://mypaper.pchome.com.tw/nowdz41416/post/1380357989,2020-07-11 PChome同期菜單取代2026 HackMD作historical source；價格不變。,Source_Ledger_v02,TPI-062|historical-source-repair,正餐／小吃／早餐,,,v0.4-governance-20260912
EV-00766,LEG-EC-288,TPI-063,LEGACY_EVIDENCE_LEDGER,historical-source-repair,2020,44,44023,C,A,SOURCE-DATE-REPAIRED,,https://mypaper.pchome.com.tw/nowdz41416/post/1380357989,2020-07-11 PChome同期菜單取代2026 HackMD作historical source；價格不變。,Source_Ledger_v02,TPI-063|historical-source-repair,正餐／小吃／早餐,,,v0.4-governance-20260912
EV-00767,LEG-EC-286,TPI-064,LEGACY_EVIDENCE_LEDGER,historical-source-repair,2020,60,44023,C,A,SOURCE-DATE-REPAIRED,,https://mypaper.pchome.com.tw/nowdz41416/post/1380357989,2020-07-11 PChome同期菜單取代2026 HackMD作historical source；價格不變。,Source_Ledger_v02,TPI-064|historical-source-repair,正餐／小吃／早餐,,,v0.4-governance-20260912
EV-00768,LEG-EC-285,TPI-065,LEGACY_EVIDENCE_LEDGER,historical-source-repair,2020,100,44023,C,A,SOURCE-DATE-REPAIRED,,https://mypaper.pchome.com.tw/nowdz41416/post/1380357989,2020-07-11 PChome同期菜單取代2026 HackMD作historical source；價格不變。,Source_Ledger_v02,TPI-065|historical-source-repair,正餐／小吃／早餐,,,v0.4-governance-20260912
EV-00769,LEG-EC-199,TPI-066,LEGACY_EVIDENCE_LEDGER,historical-source-repair,2020,72,44023,C,A,SOURCE-DATE-REPAIRED,,https://mypaper.pchome.com.tw/nowdz41416/post/1380357989,2020-07-11 PChome同期菜單取代2026 HackMD作historical source；價格不變。,Source_Ledger_v02,TPI-066|historical-source-repair,正餐／小吃／早餐,,,v0.4-governance-20260912
EV-00770,LEG-EC-287,TPI-067,LEGACY_EVIDENCE_LEDGER,historical-source-repair,2020,110,44023,C,A,SOURCE-DATE-REPAIRED,,https://mypaper.pchome.com.tw/nowdz41416/post/1380357989,2020-07-11 PChome同期菜單取代2026 HackMD作historical source；價格不變。,Source_Ledger_v02,TPI-067|historical-source-repair,正餐／小吃／早餐,,,v0.4-governance-20260912
EV-00771,,TPI-068,LEGACY_EVIDENCE_LEDGER,historical-source-repair,2020,44,44023,C,A,SOURCE-DATE-REPAIRED,,https://mypaper.pchome.com.tw/nowdz41416/post/1380357989,2020-07-11 PChome同期菜單取代2026 HackMD作historical source；價格不變。,Source_Ledger_v02,TPI-068|historical-source-repair,正餐／小吃／早餐,,,v0.4-governance-20260912
EV-00772,LEG-EC-359,TPI-069,LEGACY_EVIDENCE_LEDGER,historical-source-repair,2020,360,43852,B,A,SOURCE-DATE-REPAIRED,,https://www.marieclaire.com.tw/lifestyle/whats-hot/47018,2020-01-22 Marie Claire同期MUVIE票價表；價格不變。,Source_Ledger_v02,TPI-069|historical-source-repair,電影／娛樂,,,v0.4-governance-20260912
EV-00773,LEG-EC-358,TPI-070,LEGACY_EVIDENCE_LEDGER,historical-source-repair,2020,340,43852,B,A,SOURCE-DATE-REPAIRED,,https://www.marieclaire.com.tw/lifestyle/whats-hot/47018,2020-01-22 Marie Claire同期MUVIE票價表；價格不變。,Source_Ledger_v02,TPI-070|historical-source-repair,電影／娛樂,,,v0.4-governance-20260912
EV-00774,LEG-EC-360,TPI-071,LEGACY_EVIDENCE_LEDGER,historical-source-repair,2020,180,43852,B,A,SOURCE-DATE-REPAIRED,,https://www.marieclaire.com.tw/lifestyle/whats-hot/47018,2020-01-22 Marie Claire同期MUVIE票價表；價格不變。,Source_Ledger_v02,TPI-071|historical-source-repair,電影／娛樂,,,v0.4-governance-20260912
EV-00775,LEG-EC-361,TPI-072,LEGACY_EVIDENCE_LEDGER,historical-source-repair,2020,180,43852,B,A,SOURCE-DATE-REPAIRED,,https://www.marieclaire.com.tw/lifestyle/whats-hot/47018,2020-01-22 Marie Claire同期MUVIE票價表；價格不變。,Source_Ledger_v02,TPI-072|historical-source-repair,電影／娛樂,,,v0.4-governance-20260912
EV-00776,LEG-EC-362,TPI-073,LEGACY_EVIDENCE_LEDGER,historical-source-repair,2020,300,43852,B,A,SOURCE-DATE-REPAIRED,,https://www.marieclaire.com.tw/lifestyle/whats-hot/47018,2020-01-22 Marie Claire同期MUVIE票價表；價格不變。,Source_Ledger_v02,TPI-073|historical-source-repair,電影／娛樂,,,v0.4-governance-20260912
EV-00777,LEG-EC-363,TPI-074,LEGACY_EVIDENCE_LEDGER,historical-source-repair,2020,430,43852,B,A,SOURCE-DATE-REPAIRED,,https://www.marieclaire.com.tw/lifestyle/whats-hot/47018,2020-01-22 Marie Claire同期MUVIE票價表；價格不變。,Source_Ledger_v02,TPI-074|historical-source-repair,電影／娛樂,,,v0.4-governance-20260912
EV-00778,LEG-EC-364,TPI-075,LEGACY_EVIDENCE_LEDGER,historical-source-repair,2020,215,43852,B,A,SOURCE-DATE-REPAIRED,,https://www.marieclaire.com.tw/lifestyle/whats-hot/47018,2020-01-22 Marie Claire同期MUVIE票價表；價格不變。,Source_Ledger_v02,TPI-075|historical-source-repair,電影／娛樂,,,v0.4-governance-20260912
EV-00779,LEG-EC-365,TPI-076,LEGACY_EVIDENCE_LEDGER,historical-source-repair,2020,370,43852,B,A,SOURCE-DATE-REPAIRED,,https://www.marieclaire.com.tw/lifestyle/whats-hot/47018,2020-01-22 Marie Claire同期MUVIE票價表；價格不變。,Source_Ledger_v02,TPI-076|historical-source-repair,電影／娛樂,,,v0.4-governance-20260912
EV-00780,LEG-EC-357,TPI-077,LEGACY_EVIDENCE_LEDGER,historical-source-repair,2020,380,43852,B,A,SOURCE-DATE-REPAIRED,,https://www.marieclaire.com.tw/lifestyle/whats-hot/47018,2020-01-22 Marie Claire同期MUVIE票價表；價格不變。,Source_Ledger_v02,TPI-077|historical-source-repair,電影／娛樂,,,v0.4-governance-20260912
EV-00781,LEG-EC-356,TPI-078,LEGACY_EVIDENCE_LEDGER,historical-source-repair,2020,360,43852,B,A,SOURCE-DATE-REPAIRED,,https://www.marieclaire.com.tw/lifestyle/whats-hot/47018,2020-01-22 Marie Claire同期MUVIE票價表；價格不變。,Source_Ledger_v02,TPI-078|historical-source-repair,電影／娛樂,,,v0.4-governance-20260912
EV-00782,LEG-EC-228,TPI-336,LEGACY_EVIDENCE_LEDGER,historical-date-repair,2020,6,44076,C,A,SOURCE-DATE-REPAIRED,,https://tpe.twagoda.com/entry/105010616.html,用可回查2020-09-02頁面取代無直接依據的2020-06-01日期；價格不變。,Source_Ledger_v02,TPI-336|historical-date-repair,正餐／小吃／早餐,,,v0.4-governance-20260912
EV-00783,LEG-EC-270,TPI-337,LEGACY_EVIDENCE_LEDGER,historical-date-repair,2020,6,44076,C,A,SOURCE-DATE-REPAIRED,,https://tpe.twagoda.com/entry/105010616.html,用可回查2020-09-02頁面取代無直接依據的2020-06-01日期；價格不變。,Source_Ledger_v02,TPI-337|historical-date-repair,正餐／小吃／早餐,,,v0.4-governance-20260912
EV-00784,LEG-EC-143,TPI-386,LEGACY_EVIDENCE_LEDGER,historical-source-upgrade,2020,29,43937,A,A,OFFICIAL-SOURCE-UPGRADED,,https://www.ikea.com.tw/dairyfarm/tw/uploader/pdf/1587452205_618.pdf,IKEA台灣官方2020-04-16 PDF，FRAKTA 71L 29元。,Source_Ledger_v02,TPI-386|historical-source-upgrade,日用品／個人用品,,,v0.4-governance-20260912
EV-00785,LEG-EC-170,TPI-082,LEGACY_EVIDENCE_LEDGER,historical,2020,350,44195,A,B,ADMITTED-PHASE4C / PRODUCT-LINE-CONTINUITY,,https://shop.muji.tw/muji-journal/news/news/201230-1.html,MUJI官方2020男有機棉天竺圓領短袖T恤350；跨2024/25/26基本天竺圓領產品線銜接，非同SKU，Comparability B。,Source_Ledger_v02,TPI-082|historical,日用品／個人用品,,,v0.4-governance-20260912
EV-00786,LEG-EC-145,TPI-388,LEGACY_EVIDENCE_LEDGER,historical,2020,99,44119,A,A,ADMITTED-PHASE4C / EXACT-PRODUCT-NUMBER,,https://www.ikea.com.tw/dairyfarm/tw/uploader/pdf/1602829999_380.pdf,IKEA台灣官方PDF；103.592.01，長方形/玻璃，99元。2026同產品編號/1.0L。,Source_Ledger_v02,TPI-388|historical,日用品／個人用品,,,v0.4-governance-20260912
EV-00787,LEG-EC-162,TPI-083,LEGACY_EVIDENCE_LEDGER,historical-candidate,2020,350,43962,A,B,HOLD-SERIES-LEVEL / NOT-CORE,,https://shop.muji.tw/muji-journal/news/news/200511.html,2020僅有男女有機棉天竺短袖系列350；缺女圓領款直接證據，不進core。,Source_Ledger_v02,TPI-083|historical-candidate,日用品／個人用品,,,v0.4-governance-20260912
EV-00788,LEG-EC-163,TPI-084,LEGACY_EVIDENCE_LEDGER,historical-candidate-rejected,2020,790,43997,A,B,REJECT-DIFFERENT-GENERATION / NOT-CORE,,https://shop.muji.tw/muji-journal/news/news/200615.html,2020強撚法式袖套衫與2026基本天竺法式袖T恤差異過大。,Source_Ledger_v02,TPI-084|historical-candidate-rejected,日用品／個人用品,,,v0.4-governance-20260912
EV-00789,LEG-EC-224,TPI-320,LEGACY_EVIDENCE_LEDGER,historical,2020,22,43961,C,A,ADMITTED-PHASE4D / NORMAL-UNIT-NORMALIZED,,https://oxoxooxoxo.pixnet.net/blog/posts/14218643801,正常菜單10顆220→22/顆；不是促銷組合，符合UNIT-NORMALIZED-NORMAL。,Source_Ledger_v02,TPI-320|historical,正餐／小吃／早餐,,,v0.4-governance-20260912
EV-00790,LEG-EC-250,TPI-338,LEGACY_EVIDENCE_LEDGER,historical,2020,150,44076,C,B,ADMITTED-PHASE4D / PRODUCT-LINE-PREDECESSOR,,https://achingfoodie.tw/fourdragon/,2020牛肉麵150為正常單碗菜單；映射現行紅燒牛肉麵，命名世代變化故B。,Source_Ledger_v02,TPI-338|historical,正餐／小吃／早餐,,,v0.4-governance-20260912
EV-00791,LEG-EC-101,TPI-372,LEGACY_EVIDENCE_LEDGER,historical,2020,50,44043,C,B,ADMITTED-PHASE4D / BRANCH-REGULAR-ITEM,,https://huablog.tw/coco/,2020新竹關新店百香雙響炮L=50且明稱常態商品；因分店證據故B。,Source_Ledger_v02,TPI-372|historical,咖啡／手搖飲,,,v0.4-governance-20260912
EV-00792,LEG-EC-099,TPI-373,LEGACY_EVIDENCE_LEDGER,historical-candidate,,40,,,B,HOLD-SOURCE-ATTRIBUTION / NOT-CORE,,,2020 40元線索目前只有後來聚合/轉述；不足以建立dated primary/near-primary normal price。,Source_Ledger_v02,TPI-373|historical-candidate,咖啡／手搖飲,,,v0.4-governance-20260912
EV-00793,LEG-EC-148,TPI-403,LEGACY_EVIDENCE_LEDGER,historical-impossibility,,,,A,A,HOLD-POST-2020-LAUNCH,,,SOLHETTA系列於2021-10推出；同一品項不存在2020 baseline。,Source_Ledger_v02,TPI-403|historical-impossibility,日用品／個人用品,,,v0.4-governance-20260912
EV-00794,LEG-EC-209,TPI-301,LEGACY_EVIDENCE_LEDGER,historical,2020,109,44147,C,B,ADMITTED-PHASE4E / NORMAL-LIST-PRICE,,https://cpok.tw/2923,咔啦雞腿堡單點原價109；促銷組合89排除。,Source_Ledger_v02,TPI-301|historical,正餐／小吃／早餐,,,v0.4-governance-20260912
EV-00795,LEG-EC-196,TPI-306,LEGACY_EVIDENCE_LEDGER,historical,2020,45,44076,C,A,ADMITTED-PHASE4E / NORMAL-MENU,,https://lanshian.pixnet.net/blog/posts/16004183346,漢堡王正常菜單中薯45；買一送一/任選組合頁面分區不採。,Source_Ledger_v02,TPI-306|historical,正餐／小吃／早餐,,,v0.4-governance-20260912
EV-00796,LEG-EC-259,TPI-322,LEGACY_EVIDENCE_LEDGER,historical,2020,180,44111,C,A,ADMITTED-PHASE4E / NORMAL-DINE-IN,,https://ikuma.cc/dintaifung-hsinchu/,鼎泰豐蝦肉紅油抄手180；另有2020 PTT交叉支持店內價180。,Source_Ledger_v02,TPI-322|historical,正餐／小吃／早餐,,,v0.4-governance-20260912
EV-00797,LEG-EC-268,TPI-328,LEGACY_EVIDENCE_LEDGER,historical,2020,39,43922,C,B,ADMITTED-PHASE4E / BRANCH-DINE-IN,,https://heidichao.pixnet.net/blog/posts/5068804735,單一門市證據，雞肉飯小39；Comp B。,Source_Ledger_v02,TPI-328|historical,正餐／小吃／早餐,,,v0.4-governance-20260912
EV-00798,LEG-EC-185,TPI-352,LEGACY_EVIDENCE_LEDGER,historical,2020,100,43850,C,A,ADMITTED-PHASE4E / ORIGINAL-LIST-PRICE,,https://goodlife.tw/topics/184059-21%E4%B8%96%E7%B4%80-%E6%AF%8F%E6%9C%8821%E6%97%A5%E7%83%A4%E9%9B%9E%E6%97%A5-21-OFF%E5%84%AA%E6%83%A0,原價100、特價79明確分列；只採原價100。,Source_Ledger_v02,TPI-352|historical,正餐／小吃／早餐,,,v0.4-governance-20260912
EV-00799,LEG-EC-248,TPI-323,LEGACY_EVIDENCE_LEDGER,historical-candidate,2020,70,44111,C,B,HOLD-ITEM-LABEL-MISMATCH,,https://ikuma.cc/dintaifung-hsinchu/,2020為具名豆干海帶絲/小菜，不能直接當現行固定品項『精緻小菜』。,Source_Ledger_v02,TPI-323|historical-candidate,正餐／小吃／早餐,,,v0.4-governance-20260912
EV-00800,LEG-EC-214,TPI-353,LEGACY_EVIDENCE_LEDGER,historical-candidate,,,,,B,HOLD-COMBINATION-HARD-EXCLUDED,,https://onelife.tw/a/16485,小披薩BOGO與pair原價458不可除2回填；亦未鎖夏威夷口味。,Source_Ledger_v02,TPI-353|historical-candidate,正餐／小吃／早餐,,,v0.4-governance-20260912
EV-00801,LEG-EC-017,TPI-252,LEGACY_EVIDENCE_LEDGER,historical,2020,28,43847,C,A,ADMITTED-PHASE4F / NORMAL-RETAIL,,https://dancebud777.pixnet.net/blog/posts/14204233397,2020御選肉鬆飯糰28；2026官方同名28。,Source_Ledger_v02,TPI-252|historical,便利商店食品飲料,,,v0.4-governance-20260912
EV-00802,LEG-EC-025,TPI-266,LEGACY_EVIDENCE_LEDGER,historical,2020,79,44062,C,A,ADMITTED-PHASE4F / NORMAL-RETAIL,,https://www.ptt.cc/bbs/CVS/M.1597837393.A.DF4.html,2020香蒜白酒蛤蠣義大利麵79；多來源交叉支持，2026官方仍79。,Source_Ledger_v02,TPI-266|historical,便利商店食品飲料,,,v0.4-governance-20260912
EV-00803,LEG-EC-277,TPI-311,LEGACY_EVIDENCE_LEDGER,historical,2020,45,44034,C,B,ADMITTED-PHASE4F / BRANCH-CORROBORATED,,https://pickyeaterr.com/qburger/,Q Burger鮪魚蛋餅2020兩門市均45；一般門市列B。,Source_Ledger_v02,TPI-311|historical,正餐／小吃／早餐,,,v0.4-governance-20260912
EV-00804,LEG-EC-220,TPI-357,LEGACY_EVIDENCE_LEDGER,historical,2020,409,44119,C,A,ADMITTED-PHASE4F / MULTI-BRANCH-SERVICE,,https://ifoodie.tw/post/5f890e4b8c906d0a1d85091f,Mo-Mo平日午餐單鍋409；台南/台北同期一致，另加10%服務費。,Source_Ledger_v02,TPI-357|historical,正餐／小吃／早餐,,,v0.4-governance-20260912
EV-00805,LEG-EC-216,TPI-358,LEGACY_EVIDENCE_LEDGER,historical,2020,70,43918,C,A,ADMITTED-PHASE4F / EXACT-LOCATION,,https://bobbyfun.tw/2020-03-28-1953/,西門阿宗峨眉街8-1號大碗70；2020多來源一致。,Source_Ledger_v02,TPI-358|historical,正餐／小吃／早餐,,,v0.4-governance-20260912
EV-00806,LEG-EC-240,TPI-348,LEGACY_EVIDENCE_LEDGER,historical-candidate,,220,,A,A,HOLD-NO-2020-DATE,,https://www.ichibanya.com.tw/web/product/product_in.jsp?dm_no=DM1589274724943,Live official page220 cannot be backdated from URL/internal dm_no.,Source_Ledger_v02,TPI-348|historical-candidate,正餐／小吃／早餐,,,v0.4-governance-20260912
EV-00807,LEG-EC-215,TPI-324,LEGACY_EVIDENCE_LEDGER,historical-candidate,2020,120,44029,C,B,HOLD-WRONG-BRANCH,,https://orion2588.pixnet.net/blog/posts/1033221902,2020 other 三媽 branches120; fixed 埔心文化店 not established.,Source_Ledger_v02,TPI-324|historical-candidate,正餐／小吃／早餐,,,v0.4-governance-20260912
EV-00808,LEG-EC-206,TPI-332,LEGACY_EVIDENCE_LEDGER,historical,2020,35,43988,C,B,ADMITTED-PHASE4-FINAL / NORMAL-MENU,,https://classic-blog.udn.com/9d6b990b/137965258,2020燙青菜35；2026古早味燙青菜35；名稱世代差異故B。,Source_Ledger_v02,TPI-332|historical,正餐／小吃／早餐,,,v0.4-governance-20260912
EV-00809,LEG-EC-061,TPI-447,LEGACY_EVIDENCE_LEDGER,historical,2020,1288,44180,D,A,ADMITTED-PHASE4-FINAL / ONE-YEAR-GOLD,,https://www.ptt.cc/bbs/BeautyBody/M.1608004847.A.4E9.html,2020信義廠金卡1288/月；多地同期交叉支持。,Source_Ledger_v02,TPI-447|historical,健身／運動,,,v0.4-governance-20260912
EV-00810,LEG-EC-059,TPI-451,LEGACY_EVIDENCE_LEDGER,historical,2020,1800,44139,D,A,ADMITTED-PHASE4-FINAL / ORIGINAL-MONTHLY-PRICE,,https://www.ptt.cc/bbs/Tainan/M.1604494913.A.A4A.html,原價1800/月與簽約1480/月明確分列；只採原價。,Source_Ledger_v02,TPI-451|historical,健身／運動,,,v0.4-governance-20260912
EV-00811,LEG-EC-052,TPI-448,LEGACY_EVIDENCE_LEDGER,historical,2019,600,43626,D,B,ADMITTED-PHASE4-FINAL / CLOSEST-PRE2020,,https://www.ptt.cc/bbs/PingTung/M.1560158698.A.07E.html,2019潮州單日600；2026官方仍600。,Source_Ledger_v02,TPI-448|historical,健身／運動,,,v0.4-governance-20260912
EV-00812,LEG-EC-209,TPI-301,LEGACY_EVIDENCE_LEDGER,current-source-upgrade,2026,95,46275,A,B,CURRENT-SOURCE-UPGRADED / OFFICIAL,,https://www.kfcclub.com.tw/menu?menuId=1,KFC官方現行菜單咔啦雞腿堡95起；current price unchanged.,Source_Ledger_v02,TPI-301|current-source-upgrade,正餐／小吃／早餐,,,v0.4-governance-20260912
EV-00813,LEG-EC-072,TPI-489,LEGACY_EVIDENCE_LEDGER,historical-candidate,2020,269,43873,D,A,HOLD-BASKET-IDENTITY-CONTRADICTION,,https://www.ptt.cc/man/BuyTogether/D8AA/DE11/D4C8/D2C/M.1582158765.A.81E.html,2020家庭方案269成立，但fixed item=family、fixed spec=individual互相矛盾。,Source_Ledger_v02,TPI-489|historical-candidate,其他民間服務／會員,,,v0.4-governance-20260912
EV-00814,LEG-EC-073,TPI-490,LEGACY_EVIDENCE_LEDGER,historical-impossibility,,,,A,A,HOLD-POST-2020-SERVICE,,,Disney+ Taiwan same monthly plan had no 2020 price; rollout was 2021.,Source_Ledger_v02,TPI-490|historical-impossibility,其他民間服務／會員,,,v0.4-governance-20260912
EV-00815,LEG-EC-068,TPI-493,LEGACY_EVIDENCE_LEDGER,historical-impossibility,,,,A,A,HOLD-POST-2020-SERVICE,,https://help.uber.com/zh-TW/ubereats/restaurants/article/membership-transition-faq?nodeId=a9096b3f-7fe8-47dd-9748-c6c92c39c3b3,Uber official: old plans migrated to newly launched Uber One from 2022-11-08.,Source_Ledger_v02,TPI-493|historical-impossibility,其他民間服務／會員,,,v0.4-governance-20260912
EV-00816,LEG-EC-218,TPI3-R001,LEGACY_EVIDENCE_LEDGER,historical,2020,114,43952,B,A,ADMITTED,,https://mypaper.pchome.com.tw/nowdz41416/post/1380357989,2020-05-01同一菜單：大麥克72＋中薯42。FOOD-ONLY分析價114只由兩個無條件正常食物單點價相加，不含飲料、不是促銷套餐算術。,V03_Historical_Source_Ledger,TPI3-R001,,麥當勞,大麥克食物套餐（大麥克＋中薯；不含飲料）,v0.4-governance-20260912
EV-00817,LEG-EC-195,TPI3-R002,LEGACY_EVIDENCE_LEDGER,historical,2020,42,43952,B,A,ADMITTED,,https://mypaper.pchome.com.tw/nowdz41416/post/1380357989,2020-05-01麥當勞單點價目表明列薯條小/中/大=32/42/55，中薯42。,V03_Historical_Source_Ledger,TPI3-R002,,麥當勞,中薯,v0.4-governance-20260912
EV-00818,LEG-EC-231,TPI3-R003,LEGACY_EVIDENCE_LEDGER,historical-candidate,,,,,,HOLD-DATE-UNVERIFIED,,,常見『2020摩斯菜單』頁面追到實際頁面日期2019-01-02，無法證明薯條45等數字是2020當期快照；FOOD-ONLY套餐因此也不能建立2020 baseline。,V03_Historical_Source_Ledger,TPI3-R003,,摩斯漢堡,摩斯漢堡食物套餐（摩斯漢堡＋薯條；不含飲料）,v0.4-governance-20260912
EV-00819,LEG-EC-256,TPI3-R004,LEGACY_EVIDENCE_LEDGER,historical-candidate,,,,,,HOLD-DATE-UNVERIFIED,,,找到薯條(L)45的舊菜單內容，但主要來源實際頁面日期2019-01-02且可能後續更新，不能冒充2020。,V03_Historical_Source_Ledger,TPI3-R004,,摩斯漢堡,薯條,v0.4-governance-20260912
EV-00820,LEG-EC-232,TPI3-R005,LEGACY_EVIDENCE_LEDGER,historical-candidate,,,,,,HOLD-DATE-UNVERIFIED,,,找到摩斯雞塊6個60的舊菜單內容，但來源時間無法鎖成2020當期快照。,V03_Historical_Source_Ledger,TPI3-R005,,摩斯漢堡,摩斯雞塊（6個）,v0.4-governance-20260912
EV-00821,LEG-EC-207,TPI3-R006,LEGACY_EVIDENCE_LEDGER,historical-candidate,,,,,,HOLD-DATE-UNVERIFIED,,,找到和風炸雞65的舊菜單內容，但來源時間無法鎖成2020當期快照。,V03_Historical_Source_Ledger,TPI3-R006,,摩斯漢堡,和風炸雞,v0.4-governance-20260912
EV-00822,LEG-EC-210,TPI3-R007,LEGACY_EVIDENCE_LEDGER,historical-candidate,,,,,,HOLD-NORMAL-COMPONENT-MISSING,,,2020咔啦雞腿堡109成立，但未找到2020中薯無條件正常單點價；不能由含飲料套餐或優惠券反推FOOD-ONLY套餐。,V03_Historical_Source_Ledger,TPI3-R007,,肯德基,咔啦雞腿堡食物套餐（咔啦雞腿堡＋中薯；不含飲料）,v0.4-governance-20260912
EV-00823,LEG-EC-273,TPI3-R008,LEGACY_EVIDENCE_LEDGER,historical-candidate,,,,,,HOLD-PROMO-ONLY-NORMAL-PRICE-MISSING,,,2020大量套餐/優惠券含香酥脆薯(中)，但未找到可安全採用的無條件正常單點價。,V03_Historical_Source_Ledger,TPI3-R008,,肯德基,香酥脆薯（中）,v0.4-governance-20260912
EV-00824,LEG-EC-245,TPI3-R009,LEGACY_EVIDENCE_LEDGER,historical,2020,119,44076,B,B,ADMITTED,,https://lanshian.pixnet.net/blog/posts/16004183346,2020-09-02菜單列華堡119；2026 fixed item為皇家華堡，屬同一華堡產品線的命名世代延續，故Comparability=B。,V03_Historical_Source_Ledger,TPI3-R009,,漢堡王,皇家華堡,v0.4-governance-20260912
EV-00825,LEG-EC-247,TPI3-R010,LEGACY_EVIDENCE_LEDGER,historical,2020,159,44076,B,B,ADMITTED,,https://lanshian.pixnet.net/blog/posts/16004183346,2020-09-02菜單列雙層華堡159；2026 fixed item為皇家雙層華堡，命名世代延續故B。,V03_Historical_Source_Ledger,TPI3-R010,,漢堡王,皇家雙層華堡,v0.4-governance-20260912
EV-00826,LEG-EC-251,TPI3-R011,LEGACY_EVIDENCE_LEDGER,historical-candidate,,,,,,HOLD-PROMO-COMBO-ONLY,,,2020經典脆雞堡僅在A+B/組合優惠脈絡找到，沒有安全正常單點價。,V03_Historical_Source_Ledger,TPI3-R011,,漢堡王,經典脆雞堡,v0.4-governance-20260912
EV-00827,LEG-EC-267,TPI3-R012,LEGACY_EVIDENCE_LEDGER,historical-candidate,,,,,,HOLD-CONDITIONAL-ADDON-PRICE,,,2020四塊雞塊只找到加購/組合價25；依硬規則加購價NEVER CORE，且其他5/10塊規格不可替代。,V03_Historical_Source_Ledger,TPI3-R012,,漢堡王,雞塊（4塊）,v0.4-governance-20260912
EV-00828,LEG-EC-246,TPI3-R013,LEGACY_EVIDENCE_LEDGER,historical,2020,164,44076,B,B,ADMITTED,,https://lanshian.pixnet.net/blog/posts/16004183346,FOOD-ONLY分析價：2020華堡119＋中薯45=164；兩者都是同一2020菜單的正常單點價，不含飲料、不採官方含飲料套餐價。皇家命名世代差異故B。,V03_Historical_Source_Ledger,TPI3-R013,,漢堡王,皇家華堡食物套餐（皇家華堡＋中薯；不含飲料）,v0.4-governance-20260912
EV-00829,LEG-EC-186,TPI3-R014,LEGACY_EVIDENCE_LEDGER,historical-candidate,,,,,,HOLD-CURRENT-FOOD-PRICE-UNRESOLVED,,,2026官方2塊炸雞餐145含可樂，Core current本來就空白；2020也沒有可安全分離飲料的同構食物正常價。,V03_Historical_Source_Ledger,TPI3-R014,,德州小騎士,2塊金黃炸雞餐（飲料排除；食物核心待拆）,v0.4-governance-20260912
EV-00830,LEG-EC-238,TPI3-R015,LEGACY_EVIDENCE_LEDGER,historical-candidate,,,,,,HOLD-NO-SAFE-DATED-2020-PRICE,,,目前官方頁可證明波浪薯條現價，但沒有安全、日期鎖定的2020同品項正常價。,V03_Historical_Source_Ledger,TPI3-R015,,德州小騎士,波浪薯條,v0.4-governance-20260912
EV-00831,LEG-EC-219,TPI3-R016,LEGACY_EVIDENCE_LEDGER,historical-candidate,,,,,,HOLD-NO-SAFE-DATED-2020-PRICE,,,目前官方頁可證明6塊小騎士雞塊現價，但沒有安全、日期鎖定的2020同品項正常價。,V03_Historical_Source_Ledger,TPI3-R016,,德州小騎士,小騎士雞塊（6塊）,v0.4-governance-20260912
EV-00832,LEG-EC-190,TPI3-R017,LEGACY_EVIDENCE_LEDGER,historical-candidate,,,,,,HOLD-CURRENT-FOOD-PRICE-UNRESOLVED,,,2026官方6塊炸雞餐掛牌350屬套餐；Core current空白，且2020沒有同構可分離飲料正常價。,V03_Historical_Source_Ledger,TPI3-R017,,德州小騎士,6塊金黃炸雞餐（飲料排除；食物核心待拆）,v0.4-governance-20260912
EV-00833,LEG-EC-261,TPI3-R018,LEGACY_EVIDENCE_LEDGER,historical-candidate,,,,,,HOLD-CURRENT-FOOD-PRICE-UNRESOLVED,,,2026辣雞騎士堡餐119明確含可樂；不把含飲料套餐價當漢堡Core current，2020亦無安全同構價。,V03_Historical_Source_Ledger,TPI3-R018,,德州小騎士,辣雞騎士堡餐（飲料排除；漢堡核心待拆）,v0.4-governance-20260912
EV-00834,LEG-EC-272,TPI3-R019,LEGACY_EVIDENCE_LEDGER,historical-candidate,,,,,,HOLD-EXACT-SPEC-NORMAL-PRICE-MISSING,,,2020可證明21香脆炸雞產品族存在，但促銷多為烤雞＋炸雞＋飲料組合，無5入炸雞桶正常原價。,V03_Historical_Source_Ledger,TPI3-R019,,21風味館,香脆炸雞桶（5入）,v0.4-governance-20260912
EV-00835,LEG-EC-197,TPI3-R020,LEGACY_EVIDENCE_LEDGER,historical-candidate,,,,,,HOLD-COMBO-ONLY,,,2020可證明大薯霸存在，但只在含多項食物/飲料的組合中出現；禁止由組合原價拆算。,V03_Historical_Source_Ledger,TPI3-R020,,21風味館,中薯霸,v0.4-governance-20260912
EV-00836,LEG-EC-222,TPI3-R021,LEGACY_EVIDENCE_LEDGER,historical-candidate,,,,,,HOLD-NO-2020-SAME-ITEM-EVIDENCE,,,未找到2020心型大雞塊2入同品項正常價證據。,V03_Historical_Source_Ledger,TPI3-R021,,21風味館,心型大雞塊（2入）,v0.4-governance-20260912
EV-00837,LEG-EC-234,TPI3-R022,LEGACY_EVIDENCE_LEDGER,historical-candidate,,,,,,HOLD-NO-2020-SAME-ITEM-EVIDENCE,,,未找到2020椒麻香雞堡同品項正常價證據。,V03_Historical_Source_Ledger,TPI3-R022,,21風味館,椒麻香雞堡,v0.4-governance-20260912
EV-00838,LEG-EC-235,TPI3-R023,LEGACY_EVIDENCE_LEDGER,historical-candidate,,,,,,HOLD-NORMAL-COMPONENTS-MISSING,,,FOOD-ONLY需椒麻香雞堡＋中薯霸兩項2020正常單點價；兩者皆未達標，不能由套餐原價拆算。,V03_Historical_Source_Ledger,TPI3-R023,,21風味館,椒麻香雞堡食物套餐（漢堡＋中薯；不含飲料）,v0.4-governance-20260912
EV-00839,LEG-EC-249,TPI3-R024,LEGACY_EVIDENCE_LEDGER,historical,2020,99,44091,B,A,ADMITTED,,https://wp.diary.tw/archives/5687,2020-09-17資料引用三商巧福官方活動，明確分列紅燒排骨飯特價85、原價99；Core只採原價99。,V03_Historical_Source_Ledger,TPI3-R024,,三商巧福,紅燒排骨飯,v0.4-governance-20260912
EV-00840,LEG-EC-244,TPI3-R025,LEGACY_EVIDENCE_LEDGER,historical,2020,35,44168,D,A,ADMITTED,,https://www.ptt.cc/bbs/Lifeismoney/M.1607010023.A.7F9.html,2020-12-03同期討論明列35元小菜包含現燙青菜；屬一般正常小菜價觀察，非以會員15元折扣回填。Evidence D。,V03_Historical_Source_Ledger,TPI3-R025,,三商巧福,現燙青菜,v0.4-governance-20260912
EV-00841,LEG-EC-265,TPI3-R026,LEGACY_EVIDENCE_LEDGER,historical,2020,180,44116,B,A,ADMITTED,,https://cpok.tw/1408,2020-10-12福勝亭週年慶資料明列開運豬排定食優惠139、原價180；Core只採原價180。,V03_Historical_Source_Ledger,TPI3-R026,,福勝亭,開運豬排定食,v0.4-governance-20260912
EV-00842,LEG-EC-280,TPI3-R027,LEGACY_EVIDENCE_LEDGER,historical,2020,180,44116,B,A,ADMITTED,,https://cpok.tw/1408,2020-10-12資料明列鮮嫩炸雞柳定食優惠139、原價180；Core只採原價180。,V03_Historical_Source_Ledger,TPI3-R027,,福勝亭,鮮嫩炸雞柳定食,v0.4-governance-20260912
EV-00843,LEG-EC-289,TPI3-R028,LEGACY_EVIDENCE_LEDGER,historical,2020,180,44116,B,B,ADMITTED,,https://cpok.tw/1408,2020資料明列金黃鱈魚定食原價180；現行黃金魚排定食已改用巴沙魚，且名稱/魚種世代有變，僅作產品線前身，Comparability=B。,V03_Historical_Source_Ledger,TPI3-R028,,福勝亭,黃金魚排定食,v0.4-governance-20260912
EV-00844,LEG-EC-262,TPI3-R029,LEGACY_EVIDENCE_LEDGER,historical,2020,30,43851,C,B,ADMITTED,,https://hanhan00.pixnet.net/blog/posts/17318217022,2020-01-21四海遊龍景美店實際食記直接列酸辣湯30；固定籃子為一般門市而歷史證據是單一分店，故Comparability=B。,V03_Historical_Source_Ledger,TPI3-R029,,四海遊龍,酸辣湯,v0.4-governance-20260912
EV-00845,LEG-EC-276,TPI3-R030,LEGACY_EVIDENCE_LEDGER,historical-candidate,,,,,,HOLD-PRICE-MISSING,,,2020可找到晨間廚房鮪魚玉米蛋餅存在證據，但未找到可回查的正常單份價格。,V03_Historical_Source_Ledger,TPI3-R030,,晨間廚房,鮪魚玉米蛋餅,v0.4-governance-20260912
EV-00846,LEG-EC-226,TPI3-R031,LEGACY_EVIDENCE_LEDGER,historical-candidate,,,,,,HOLD-PRICE-MISSING,,,2020可找到弘爺同類招牌豬肉蛋吐司/堡存在，但未取得安全的2020一般門市正常價。,V03_Historical_Source_Ledger,TPI3-R031,,弘爺漢堡,招牌豬肉蛋吐司,v0.4-governance-20260912
EV-00847,LEG-EC-200,TPI3-R032,LEGACY_EVIDENCE_LEDGER,historical-candidate,,,,,,HOLD-GENERATION-DATE-MISSING,,,厚切里肌蛋湯種吐司現行品項可確認，但未找到日期鎖定的2020同代正常價；後續產品線曾改版。,V03_Historical_Source_Ledger,TPI3-R032,,拉亞漢堡,厚切里肌蛋湯種吐司,v0.4-governance-20260912
EV-00848,LEG-EC-201,TPI3-R033,LEGACY_EVIDENCE_LEDGER,historical-candidate,,,,,,HOLD-PRICE-MISSING,,,未找到2020原味千層蛋餅可回查正常價；不得以目前門市價倒推。,V03_Historical_Source_Ledger,TPI3-R033,,拉亞漢堡,原味千層蛋餅,v0.4-governance-20260912
EV-00849,LEG-EC-191,TPI3-R034,LEGACY_EVIDENCE_LEDGER,historical-candidate,,,,,,HOLD-GENERATION-DATE-MISSING,,,XL卡啦炸雞湯種吐司屬後續升級產品線；未建立2020同一代正常價。,V03_Historical_Source_Ledger,TPI3-R034,,拉亞漢堡,XL卡啦炸雞湯種吐司,v0.4-governance-20260912
EV-00850,LEG-EC-274,TPI3-R035,LEGACY_EVIDENCE_LEDGER,historical-candidate,,,,,,HOLD-PRICE-MISSING,,,2020可找到麥味登香雞漢堡品項存在，但沒有安全的2020正常價。,V03_Historical_Source_Ledger,TPI3-R035,,麥味登,香雞漢堡,v0.4-governance-20260912
EV-00851,,,LEGACY_EVIDENCE_LEDGER,PRICE-EVENT-2026,2026,250,46084,A,,EVENT-ONLY-NOT-INDEX-WEIGHT,PRICE-CHANGE-EVENT,https://www.muji.tw/muji-journal/news/news/260224.html,官方調價公告；單次漲價事件≠固定籃子通膨率。,Price_Events_2026,MUJI-260303-01,,MUJI 無印良品,男天竺圓領短袖T恤(素色),v0.4-governance-20260912
EV-00852,,,LEGACY_EVIDENCE_LEDGER,PRICE-EVENT-2026,2026,250,46084,A,,EVENT-ONLY-NOT-INDEX-WEIGHT,PRICE-CHANGE-EVENT,https://www.muji.tw/muji-journal/news/news/260224.html,官方調價公告；單次漲價事件≠固定籃子通膨率。,Price_Events_2026,MUJI-260303-02,,MUJI 無印良品,女天竺圓領短袖T恤,v0.4-governance-20260912
EV-00853,,,LEGACY_EVIDENCE_LEDGER,PRICE-EVENT-2026,2026,250,46084,A,,EVENT-ONLY-NOT-INDEX-WEIGHT,PRICE-CHANGE-EVENT,https://www.muji.tw/muji-journal/news/news/260224.html,官方調價公告；單次漲價事件≠固定籃子通膨率。,Price_Events_2026,MUJI-260303-03,,MUJI 無印良品,女天竺法式袖T恤,v0.4-governance-20260912
EV-00854,,,LEGACY_EVIDENCE_LEDGER,PRICE-EVENT-2026,2026,130,46084,A,,EVENT-ONLY-NOT-INDEX-WEIGHT,PRICE-CHANGE-EVENT,https://www.muji.tw/muji-journal/news/news/260224.html,官方調價公告；單次漲價事件≠固定籃子通膨率。,Price_Events_2026,MUJI-260303-04,,MUJI 無印良品,化妝棉180入,v0.4-governance-20260912
EV-00855,,,LEGACY_EVIDENCE_LEDGER,PRICE-EVENT-2026,2026,130,46084,A,,EVENT-ONLY-NOT-INDEX-WEIGHT,PRICE-CHANGE-EVENT,https://www.muji.tw/muji-journal/news/news/260224.html,官方調價公告；單次漲價事件≠固定籃子通膨率。,Price_Events_2026,MUJI-260303-05,,MUJI 無印良品,可撕型化妝棉86入,v0.4-governance-20260912
EV-00856,,,LEGACY_EVIDENCE_LEDGER,PRICE-EVENT-2026,2026,110,46084,A,,EVENT-ONLY-NOT-INDEX-WEIGHT,PRICE-CHANGE-EVENT,https://www.muji.tw/muji-journal/news/news/260224.html,官方調價公告；單次漲價事件≠固定籃子通膨率。,Price_Events_2026,MUJI-260303-06,,MUJI 無印良品,原色化妝棉180入,v0.4-governance-20260912
EV-00857,,,LEGACY_EVIDENCE_LEDGER,PRICE-EVENT-2026,2026,130,46084,A,,EVENT-ONLY-NOT-INDEX-WEIGHT,PRICE-CHANGE-EVENT,https://www.muji.tw/muji-journal/news/news/260224.html,官方調價公告；單次漲價事件≠固定籃子通膨率。,Price_Events_2026,MUJI-260303-07,,MUJI 無印良品,原色化妝棉大片88入,v0.4-governance-20260912
EV-00858,,,LEGACY_EVIDENCE_LEDGER,PRICE-EVENT-2026,2026,110,46084,A,,EVENT-ONLY-NOT-INDEX-WEIGHT,PRICE-CHANGE-EVENT,https://www.muji.tw/muji-journal/news/news/260224.html,官方調價公告；單次漲價事件≠固定籃子通膨率。,Price_Events_2026,MUJI-260303-08,,MUJI 無印良品,壓邊化妝棉189入,v0.4-governance-20260912
EV-00859,,,LEGACY_EVIDENCE_LEDGER,PRICE-EVENT-2026,2026,990,46245,A,,EVENT-ONLY-NOT-INDEX-WEIGHT,PRICE-CHANGE-EVENT,https://www.muji.tw/muji-journal/news/news/260805.html,官方調價公告；單次漲價事件≠固定籃子通膨率。,Price_Events_2026,MUJI-260811-01,,MUJI 無印良品,男水洗牛津布扣領長袖襯衫,v0.4-governance-20260912
EV-00860,,,LEGACY_EVIDENCE_LEDGER,PRICE-EVENT-2026,2026,990,46245,A,,EVENT-ONLY-NOT-INDEX-WEIGHT,PRICE-CHANGE-EVENT,https://www.muji.tw/muji-journal/news/news/260805.html,官方調價公告；單次漲價事件≠固定籃子通膨率。,Price_Events_2026,MUJI-260811-02,,MUJI 無印良品,男水洗牛津布立領長袖襯衫,v0.4-governance-20260912
EV-00861,,,LEGACY_EVIDENCE_LEDGER,PRICE-EVENT-2026,2026,59,46266,A,,EVENT-ONLY-NOT-INDEX-WEIGHT,PRICE-CHANGE-EVENT,https://www.muji.tw/muji-journal/news/news/260805.html,官方調價公告；單次漲價事件≠固定籃子通膨率。,Price_Events_2026,MUJI-260901-01,,MUJI 無印良品,再生聚乙烯垃圾袋S,v0.4-governance-20260912
EV-00862,,,LEGACY_EVIDENCE_LEDGER,PRICE-EVENT-2026,2026,59,46266,A,,EVENT-ONLY-NOT-INDEX-WEIGHT,PRICE-CHANGE-EVENT,https://www.muji.tw/muji-journal/news/news/260805.html,官方調價公告；單次漲價事件≠固定籃子通膨率。,Price_Events_2026,MUJI-260901-02,,MUJI 無印良品,再生聚乙烯垃圾袋M,v0.4-governance-20260912
EV-00863,,,LEGACY_EVIDENCE_LEDGER,PRICE-EVENT-2026,2026,59,46266,A,,EVENT-ONLY-NOT-INDEX-WEIGHT,PRICE-CHANGE-EVENT,https://www.muji.tw/muji-journal/news/news/260805.html,官方調價公告；單次漲價事件≠固定籃子通膨率。,Price_Events_2026,MUJI-260901-03,,MUJI 無印良品,再生聚乙烯垃圾袋L,v0.4-governance-20260912
EV-00864,,,LEGACY_EVIDENCE_LEDGER,HISTORICAL-SOURCE-CATALOG,2020,,43833,A,,VERIFIED,官方活動PDF,https://event.pxmart.com.tw/zwilling/src/assets/0103-0116%E5%8D%B0%E8%8A%B1%E6%B8%85%E5%96%AE.pdf,VERIFIED | 品名/規格＋條碼；未列售價。,Retailer_Historical_Sources_2020,PX2020-0103-0116,,全聯PX Mart,Zwilling,v0.4-governance-20260912
EV-00865,,,LEGACY_EVIDENCE_LEDGER,HISTORICAL-SOURCE-CATALOG,2020,,43847,A,,VERIFIED,官方活動PDF,https://event.pxmart.com.tw/zwilling/src/assets/0117-0206%E5%8D%B0%E8%8A%B1%E6%B8%85%E5%96%AE.pdf,VERIFIED | 品名/規格＋條碼；未列售價。,Retailer_Historical_Sources_2020,PX2020-0117-0206,,全聯PX Mart,Zwilling,v0.4-governance-20260912
EV-00866,,,LEGACY_EVIDENCE_LEDGER,HISTORICAL-SOURCE-CATALOG,2020,,43868,A,,VERIFIED,官方活動PDF,https://event.pxmart.com.tw/zwilling/src/assets/0207-0220%E5%8D%B0%E8%8A%B1%E6%B8%85%E5%96%AE.pdf,VERIFIED | 品名/規格＋條碼；含立頓20g×20 exact barcode。,Retailer_Historical_Sources_2020,PX2020-0207-0220,,全聯PX Mart,Zwilling,v0.4-governance-20260912
EV-00867,,,LEGACY_EVIDENCE_LEDGER,HISTORICAL-SOURCE-CATALOG,2020,,43882,A,,VERIFIED,官方活動PDF,https://event.pxmart.com.tw/zwilling/src/assets/0221-0305%E5%8D%B0%E8%8A%B1%E6%B8%85%E5%96%AE.pdf,VERIFIED | 品名/規格＋條碼；含桂格即沖即食800g與中興米無洗米2kg。,Retailer_Historical_Sources_2020,PX2020-0221-0305,,全聯PX Mart,Zwilling,v0.4-governance-20260912
EV-00868,,,LEGACY_EVIDENCE_LEDGER,HISTORICAL-SOURCE-CATALOG,2020,,43896,A,,VERIFIED,官方活動PDF,https://event.pxmart.com.tw/zwilling/src/assets/0306-0319%E5%8D%B0%E8%8A%B1%E6%B8%85%E5%96%AE.pdf,VERIFIED | 品名/規格＋條碼；未列售價。,Retailer_Historical_Sources_2020,PX2020-0306-0319,,全聯PX Mart,Zwilling,v0.4-governance-20260912
EV-00869,,,LEGACY_EVIDENCE_LEDGER,HISTORICAL-SOURCE-CATALOG,2020,,44099,A,,VERIFIED,官方活動PDF,https://event.pxmart.com.tw/arcos/src/assets/0925-1015%E5%8D%B0%E8%8A%B1%E6%B8%85%E5%96%AE.pdf,VERIFIED | 品名/規格＋條碼；含愛之味土豆麵筋170g、立頓20g×20。,Retailer_Historical_Sources_2020,PX2020-0925-1015,,全聯PX Mart,ARCOS,v0.4-governance-20260912
EV-00870,,,LEGACY_EVIDENCE_LEDGER,HISTORICAL-SOURCE-CATALOG,2020,,44155,A,,VERIFIED,官方活動PDF,https://event.pxmart.com.tw/arcos/src/assets/1120-1203%E5%8D%B0%E8%8A%B1%E6%B8%85%E5%96%AE.pdf,VERIFIED | 品名/規格＋條碼；未列售價。,Retailer_Historical_Sources_2020,PX2020-1120-1203,,全聯PX Mart,ARCOS,v0.4-governance-20260912
EV-00871,,,LEGACY_EVIDENCE_LEDGER,HISTORICAL-SOURCE-CATALOG,2020,,44183,A,,VERIFIED,官方活動PDF,https://event.pxmart.com.tw/arcos/src/assets/1218-0107%E5%8D%B0%E8%8A%B1%E6%B8%85%E5%96%AE.pdf,VERIFIED | 品名/規格＋條碼；含Anchor高鈣安佳原味乳酪250g。,Retailer_Historical_Sources_2020,PX2020-1218-0107,,全聯PX Mart,ARCOS,v0.4-governance-20260912
EV-00872,,,LEGACY_EVIDENCE_LEDGER,HISTORICAL-SOURCE-CATALOG,2020,,43987,A,,VERIFIED,官方活動頁,https://event.pxmart.com.tw/activity/2020steak/,VERIFIED | 官方頁同時列全聯價與促銷價，可作normal/promo欄位設計驗證。,Retailer_Historical_Sources_2020,PX2020-STEAK,,全聯PX Mart,2020牛排大賞,v0.4-governance-20260912
EV-00873,,,LEGACY_EVIDENCE_LEDGER,HISTORICAL-SOURCE-CATALOG,2020,,44136,A,,DISCOVERED-NOT-PARSED,官方歷史圖片,https://www.carrefour.com.tw/wp-content/uploads/2020/11/%E7%BE%8E%E9%A3%9F%E7%AF%80-content10802.jpg,DISCOVERED-NOT-PARSED | 確認家樂福官方2020 uploads歷史素材仍可被發現；本輪未將圖片內容當作可機器解析的商品/價格表。,Retailer_Historical_Sources_2020,CF2020-11-FOODFEST,,家樂福,2020美食節,v0.4-governance-20260912
EV-00874,,,LEGACY_EVIDENCE_LEDGER,HISTORICAL-SOURCE-CATALOG,2020,,44001,A,,VERIFIED,官方活動PDF,https://event.pxmart.com.tw/RoyalDoulton/src/assets/6-2%E5%8A%A0%E8%B4%88%E5%8D%B0%E8%8A%B1%E6%B8%85%E5%96%AE_%E7%B6%B2%E7%AB%99.pdf,VERIFIED | 官方指定商品清單；列品名/規格/條碼，不列售價。,Retailer_Historical_Sources_2020,PX2020-0619-0702,,全聯PX Mart,RoyalDoulton,v0.4-governance-20260912
EV-00875,,,LEGACY_EVIDENCE_LEDGER,HISTORICAL-SOURCE-CATALOG,2020,,44015,A,,VERIFIED,官方活動PDF,https://event.pxmart.com.tw/RoyalDoulton/src/assets/0703-0716%E5%8D%B0%E8%8A%B1%E6%B8%85%E5%96%AE.pdf,VERIFIED | 官方指定商品清單；含中興無洗米2kg barcode 4711045229870，但非固定TPI-101花東台梗九號。,Retailer_Historical_Sources_2020,PX2020-0703-0716,,全聯PX Mart,RoyalDoulton,v0.4-governance-20260912
EV-00876,,,LEGACY_EVIDENCE_LEDGER,HISTORICAL-SOURCE-CATALOG,2020,,44043,A,,VERIFIED,官方活動PDF,https://event.pxmart.com.tw/RoyalDoulton/src/assets/0731-0813%E5%8D%B0%E8%8A%B1%E6%B8%85%E5%96%AE.pdf,VERIFIED | 官方指定商品清單；再次含中興無洗米2kg barcode 4711045229870；未視為TPI-101 exact match。,Retailer_Historical_Sources_2020,PX2020-0731-0813,,全聯PX Mart,RoyalDoulton,v0.4-governance-20260912
EV-00877,,,LEGACY_EVIDENCE_LEDGER,HISTORICAL-SOURCE-CATALOG,2020,,44071,A,,VERIFIED,官方活動PDF,https://event.pxmart.com.tw/RoyalDoulton/src/assets/0828-0910%E5%8D%B0%E8%8A%B1%E6%B8%85%E5%96%AE.pdf,VERIFIED | 官方指定商品清單；可補8月底至9月上旬source coverage；未找到目前target exact match。,Retailer_Historical_Sources_2020,PX2020-0828-0910,,全聯PX Mart,RoyalDoulton,v0.4-governance-20260912
EV-00878,,,LEGACY_EVIDENCE_LEDGER,HISTORICAL-SOURCE-CATALOG,2020,,44120,A,,VERIFIED,官方活動PDF,https://event.pxmart.com.tw/arcos/src/assets/1016-1029%E5%8D%B0%E8%8A%B1%E6%B8%85%E5%96%AE.pdf,VERIFIED | 官方指定商品清單；page 16精確列立頓香濃原味奶茶量販包20g×20、barcode 4710094112522（TPI-215）；不列售價。,Retailer_Historical_Sources_2020,PX2020-1016-1029,,全聯PX Mart,ARCOS,v0.4-governance-20260912
EV-00879,,,LEGACY_EVIDENCE_LEDGER,HISTORICAL-SOURCE-CATALOG,2020,,44134,A,,VERIFIED,官方活動PDF,https://event.pxmart.com.tw/arcos/src/assets/1030-1119%E5%8D%B0%E8%8A%B1%E6%B8%85%E5%96%AE.pdf,VERIFIED | 官方指定商品清單；15個target品牌文字搜尋皆未命中；no-hit只代表此活動集合未命中。,Retailer_Historical_Sources_2020,PX2020-1030-1119,,全聯PX Mart,ARCOS,v0.4-governance-20260912
EV-00880,,,LEGACY_EVIDENCE_LEDGER,HISTORICAL-SOURCE-CATALOG,2020,,43959,A,,VERIFIED,官方活動PDF,https://event.pxmart.com.tw/RoyalDoulton/src/assets/0508-0521%E5%8D%B0%E8%8A%B1%E6%B8%85%E5%96%AE.pdf,VERIFIED | 官方指定商品清單；列品名/規格/條碼，不列售價；page 6含中興無洗米2kg barcode 4711045229870，非固定TPI-101 exact SKU。,Retailer_Historical_Sources_2020,PX2020-0508-0521,,全聯PX Mart,RoyalDoulton,v0.4-governance-20260912
EV-00881,,,LEGACY_EVIDENCE_LEDGER,HISTORICAL-SOURCE-CATALOG,2020,,43973,A,,VERIFIED,官方活動PDF,https://event.pxmart.com.tw/RoyalDoulton/src/assets/0522-0604%E5%8D%B0%E8%8A%B1%E6%B8%85%E5%96%AE.pdf,VERIFIED | 官方指定商品清單；列品名/規格/條碼，不列售價；page 6再次含中興無洗米2kg barcode 4711045229870，非固定TPI-101 exact SKU。,Retailer_Historical_Sources_2020,PX2020-0522-0604,,全聯PX Mart,RoyalDoulton,v0.4-governance-20260912
EV-00882,,,LEGACY_EVIDENCE_LEDGER,HISTORICAL-SOURCE-CATALOG,2020,,43910,A,,VERIFIED,官方活動頁,https://event.pxmart.com.tw/activity/2020twpig/,VERIFIED | 官方活動頁列指定豬肉品名/規格、促銷區間與促銷價；未見可識別normal price，僅作promo-source與日期coverage證據。,Retailer_Historical_Sources_2020,PX2020-TWPIG-0320-0423,,全聯PX Mart,2020國產豬大賞,v0.4-governance-20260912
EV-00883,,,LEGACY_EVIDENCE_LEDGER,HISTORICAL-SOURCE-CATALOG,2020,,43945,A,,VERIFIED,官方活動頁,https://event.pxmart.com.tw/activity/2020chicken/index.html,VERIFIED | 官方活動頁列指定國產雞品名/規格、各促銷區間與促銷價；未見可識別normal price，不得升core normal baseline。,Retailer_Historical_Sources_2020,PX2020-CHICKEN-0424-0521,,全聯PX Mart,2020國產雞肉大賞,v0.4-governance-20260912
EV-00884,,,LEGACY_EVIDENCE_LEDGER,HISTORICAL-SOURCE-CATALOG,2020,,43931,A,,VERIFIED,官方活動頁,https://event.pxmart.com.tw/activity/2020mackerel/,VERIFIED | 官方活動頁列鯖魚商品規格、促銷區間與促銷價；屬promo-only source，不可作normal price。,Retailer_Historical_Sources_2020,PX2020-MACKEREL-0410-0507,,全聯PX Mart,2020鯖魚季,v0.4-governance-20260912
EV-00885,,,LEGACY_EVIDENCE_LEDGER,HISTORICAL-SOURCE-CATALOG,2020,,43986,A,,SEARCH-INDEX-ARCHIVE-VERIFIED / LIVE-REDIRECTED,官方legacy活動頁,https://www.carrefour.com.tw/2020-06-04-2020-06-10-fb-%E7%B5%A6%E6%88%91%E9%A4%85%E4%B9%BE%EF%BC%81%E5%90%A6%E5%89%87%E6%8B%92%E7%9C%8B/,"SEARCH-INDEX-ARCHIVE-VERIFIED / LIVE-REDIRECTED | 舊carrefour.com.tw 2020頁仍可由搜尋索引回查；有明確2020日期與家福公司活動脈絡，但非target normal-price表。 Phase4B recheck：historical content still appears in search index, but direct legacy route is no longer a stable 2020 live page; treat as indexed archive evidence, not live product-price evidence.",Retailer_Historical_Sources_2020,CF2020-0604-0610-LEGACY,,家樂福,FB_給我餅乾,v0.4-governance-20260912
EV-00886,,,LEGACY_EVIDENCE_LEDGER,HISTORICAL-SOURCE-CATALOG,2020,,44041,A,,SEARCH-INDEX-ARCHIVE-VERIFIED / LIVE-REDIRECTED,官方legacy線上活動頁,https://www.carrefour.com.tw/2020-07-29-2020-09-02-%E7%B7%9A%E4%B8%8A%E6%90%B6%E5%AD%A4-%E7%99%BE%E8%90%AC%E7%B4%85%E5%8C%85%E5%A4%A9%E5%A4%A9%E6%90%B6/,"SEARCH-INDEX-ARCHIVE-VERIFIED / LIVE-REDIRECTED | 官方頁明確鎖定2020/07/29–09/02線上活動期間；證明legacy online activity archive可索引，不代表target商品/normal price。 Phase4B recheck：historical content still appears in search index, but direct legacy route is no longer a stable 2020 live page; treat as indexed archive evidence, not live product-price evidence.",Retailer_Historical_Sources_2020,CF2020-0729-0902-ONLINE,,家樂福,線上搶孤 百萬紅包天天搶,v0.4-governance-20260912
EV-00887,,,LEGACY_EVIDENCE_LEDGER,HISTORICAL-SOURCE-CATALOG,2020,,44146,A,,VERIFIED-LEGACY-PAGE,官方legacy活動頁,https://www.carrefour.com.tw/winnerlist-spmevent_20201111-1122/,VERIFIED-LEGACY-PAGE | 官方2020活動/中獎頁可回查；所列獎品市價不是家樂福商品normal price，不得拿來當TPI baseline。,Retailer_Historical_Sources_2020,CF2020-1111-1122-FOODFEST,,家樂福,狂歡美食節,v0.4-governance-20260912
EV-00888,,,LEGACY_EVIDENCE_LEDGER,HISTORICAL-SOURCE-CATALOG,2020,,44069,D,,VERIFIED-PROMO-IDENTITY-ONLY,日期明確消費者實價/活動紀錄,https://www.ptt.cc/bbs/Lifeismoney/M.1598437779.A.5C8.html,VERIFIED-PROMO-IDENTITY-ONLY | 精確命中泰山玄米油1.5L；文中明示家樂福線上買一送一，398/3000ml為條件式促銷總價。只作fixed-channel identity/promo evidence，normal_price留白。,Retailer_Historical_Sources_2020,CF2020-0826-TAISUN-BOGO,,家樂福線上商城,家樂福買一送一,v0.4-governance-20260912
EV-00889,,,LEGACY_EVIDENCE_LEDGER,HISTORICAL-SOURCE-CATALOG,2020,,43911,B,,VERIFIED-PROMO-ONLY,私人媒體零售觀察,https://tw.news.yahoo.com/%E5%AE%B6%E6%A8%82%E7%A6%8F%E6%9C%89%E6%A9%9F%E8%94%AC%E8%8F%9C%E5%91%A8-%E5%93%81%E5%98%97%E6%9C%80%E4%BD%B3%E5%8F%B0%E8%BE%B2%E7%94%A2%E5%93%81-201026518.html,VERIFIED-PROMO-ONLY | 2020家樂福促銷/會員價格；只作dated retail evidence，優惠價30及會員8折不進normal core。,Retailer_Historical_Sources_2020,CF2020-0321-ORGANIC-YAHOO,,家樂福,有機蔬菜周,v0.4-governance-20260912
EV-00890,,,LEGACY_EVIDENCE_LEDGER,HISTORICAL-SOURCE-CATALOG,2020,,43917,B,,VERIFIED-SOURCE-DISCOVERY,私人媒體商品觀察,https://tw.news.yahoo.com/%E5%88%A5%E5%86%8D%E8%BE%9B%E8%8B%A6%E6%89%BE%E4%BB%A3%E8%B3%BC%E5%AE%B6%E6%A8%82%E7%A6%8F%E5%90%83%E8%B2%A8%E5%BF%85%E6%8E%A8%E6%97%A5%E9%9F%93%E6%AD%90%E7%BE%8E%E9%9B%B6%E9%A3%9F%E5%90%8D%E5%96%AE%E5%85%A8%E9%83%BD%E7%8B%82%E5%97%91%E5%A5%BD%E5%90%83%E5%88%B0%E7%88%86%E5%85%8D%E5%87%BA%E5%9C%8B%E5%9C%A8%E9%80%99%E5%B0%B1%E8%83%BD%E4%B8%80%E6%AC%A1%E8%B2%B7%E9%BD%8A-034821442.html,VERIFIED-SOURCE-DISCOVERY | 日期明確、具家樂福實體賣場商品/價格描述；非11 targets，價格語意未逐品驗證，不進core。,Retailer_Historical_Sources_2020,CF2020-0327-IMPORT-SNACKS,,家樂福,家樂福進口零食,v0.4-governance-20260912
EV-00891,LEG-EC-328,TPI-119,LEGACY_EVIDENCE_LEDGER,HISTORICAL-PRODUCT-INDEX,2020,,43882,A,,NO,NO-PRICE-IN-SOURCE,https://event.pxmart.com.tw/zwilling/src/assets/0221-0305%E5%8D%B0%E8%8A%B1%E6%B8%85%E5%96%AE.pdf,price_status=NO-PRICE-IN-SOURCE | match_class=EXACT-SKU-BARCODE | package=800g | barcode=4710043105124 | 品名/規格/條碼精確吻合；此來源只作identity evidence。 | 既有TPI-119 core價格來自另一Evidence D來源，不能把官方PDF誤寫成官方109元。,Retailer_Historical_Index_2020,IDX-PX-0221-001,,全聯PX Mart,桂格大燕麥片即沖即食配方淨重800g,v0.4-governance-20260912
EV-00892,LEG-EC-307,TPI-101,LEGACY_EVIDENCE_LEDGER,HISTORICAL-PRODUCT-INDEX,2020,,43882,A,,NO,NO-PRICE-IN-SOURCE,https://event.pxmart.com.tw/zwilling/src/assets/0221-0305%E5%8D%B0%E8%8A%B1%E6%B8%85%E5%96%AE.pdf,price_status=NO-PRICE-IN-SOURCE | match_class=RELATED-NOT-EXACT | package=2kg | barcode=4711045229870 | 同品牌＋2kg，但固定basket是『花東台梗九號米2kg』；不能視為exact。 | 可用來反查品牌歷史條碼，不可補TPI-101價格/identity。,Retailer_Historical_Index_2020,IDX-PX-0221-002,,全聯PX Mart,中興米無洗米2kg,v0.4-governance-20260912
EV-00893,LEG-EC-335,TPI-215,LEGACY_EVIDENCE_LEDGER,HISTORICAL-PRODUCT-INDEX,2020,,43868,A,,NO,NO-PRICE-IN-SOURCE,https://event.pxmart.com.tw/zwilling/src/assets/0207-0220%E5%8D%B0%E8%8A%B1%E6%B8%85%E5%96%AE.pdf,price_status=NO-PRICE-IN-SOURCE | match_class=EXACT-SKU-BARCODE | package=20g×20 | barcode=4710094112522 | 精確品名/規格/條碼；比9/25清單更早的2020 continuity證據。 | identity linking已解，但仍缺2020全聯normal price。,Retailer_Historical_Index_2020,IDX-PX-0207-001,,全聯PX Mart,立頓奶茶粉原味量販包20入×20g,v0.4-governance-20260912
EV-00894,LEG-EC-325,TPI-152,LEGACY_EVIDENCE_LEDGER,HISTORICAL-PRODUCT-INDEX,2020,,44099,A,,NO,NO-PRICE-IN-SOURCE,https://event.pxmart.com.tw/arcos/src/assets/0925-1015%E5%8D%B0%E8%8A%B1%E6%B8%85%E5%96%AE.pdf,price_status=NO-PRICE-IN-SOURCE | match_class=EXACT-SKU-BARCODE | package=170g | barcode=4710626111412 | 精確170g與條碼；固定全聯通路吻合。 | 可優先以條碼4710626111412反查其他2020全聯price-bearing頁。,Retailer_Historical_Index_2020,IDX-PX-0925-001,,全聯PX Mart,愛之味土豆麵筋170g（玻璃瓶）,v0.4-governance-20260912
EV-00895,LEG-EC-335,TPI-215,LEGACY_EVIDENCE_LEDGER,HISTORICAL-PRODUCT-INDEX,2020,,44099,A,,NO,NO-PRICE-IN-SOURCE,https://event.pxmart.com.tw/arcos/src/assets/0925-1015%E5%8D%B0%E8%8A%B1%E6%B8%85%E5%96%AE.pdf,price_status=NO-PRICE-IN-SOURCE | match_class=EXACT-SKU-BARCODE | package=20g×20 | barcode=4710094112522 | 同條碼再次出現在2020/9-10官方清單，建立跨月份continuity。 | 仍缺normal price。,Retailer_Historical_Index_2020,IDX-PX-0925-002,,全聯PX Mart,立頓香濃原味奶茶量販包20g×20包,v0.4-governance-20260912
EV-00896,LEG-EC-321,TPI-191,LEGACY_EVIDENCE_LEDGER,HISTORICAL-PRODUCT-INDEX,2020,,44183,A,,NO,NO-PRICE-IN-SOURCE,https://event.pxmart.com.tw/arcos/src/assets/1218-0107%E5%8D%B0%E8%8A%B1%E6%B8%85%E5%96%AE.pdf,price_status=NO-PRICE-IN-SOURCE | match_class=EXACT-SKU-BARCODE | package=250g | barcode=9415007000518 | 精確250g＋條碼，與現行全聯同條碼continuity。 | identity linking已解；下一步只找2020 PX normal price。,Retailer_Historical_Index_2020,IDX-PX-1218-001,,全聯PX Mart,Anchor高鈣安佳原味乳酪250g,v0.4-governance-20260912
EV-00897,,,LEGACY_EVIDENCE_LEDGER,HISTORICAL-PRODUCT-INDEX,2020,76.5,43987,A,,NO,NORMAL+PROMO,https://event.pxmart.com.tw/activity/2020steak/,price_status=NORMAL+PROMO | match_class=NON-TARGET-PRICE-SCHEMA | package=每100g | 官方頁明列全聯價76.5/100g與促銷價75/100g。 | 用來驗證索引normal_price與promo_price必須分欄。,Retailer_Historical_Index_2020,IDX-PX-STEAK-001,,全聯PX Mart,冷藏美國翼板霜降牛排,v0.4-governance-20260912
EV-00898,,,LEGACY_EVIDENCE_LEDGER,HISTORICAL-PRODUCT-INDEX,2020,56,43987,A,,NO,NORMAL+PROMO,https://event.pxmart.com.tw/activity/2020steak/,price_status=NORMAL+PROMO | match_class=NON-TARGET-PRICE-SCHEMA | package=每100g | 官方頁明列全聯價56/100g與促銷價53/100g。 | 價格語意可直接結構化。,Retailer_Historical_Index_2020,IDX-PX-STEAK-002,,全聯PX Mart,冷藏澳洲穀飼牛梅花牛排,v0.4-governance-20260912
EV-00899,,,LEGACY_EVIDENCE_LEDGER,HISTORICAL-PRODUCT-INDEX,2020,104,43994,A,,NO,NORMAL+PROMO,https://event.pxmart.com.tw/activity/2020steak/,price_status=NORMAL+PROMO | match_class=NON-TARGET-PRICE-SCHEMA | package=每100g | 官方頁明列全聯價104/100g與促銷價101/100g。 | 價格語意可直接結構化。,Retailer_Historical_Index_2020,IDX-PX-STEAK-003,,全聯PX Mart,冷藏美國無骨牛小排,v0.4-governance-20260912
EV-00900,,,LEGACY_EVIDENCE_LEDGER,HISTORICAL-PRODUCT-INDEX,2020,63,43994,A,,NO,NORMAL+PROMO,https://event.pxmart.com.tw/activity/2020steak/,price_status=NORMAL+PROMO | match_class=NON-TARGET-PRICE-SCHEMA | package=每100g | 官方頁明列全聯價63/100g與促銷價59/100g。 | 價格語意可直接結構化。,Retailer_Historical_Index_2020,IDX-PX-STEAK-004,,全聯PX Mart,澳洲牛肩里肌牛排,v0.4-governance-20260912
EV-00901,LEG-EC-307,TPI-101,LEGACY_EVIDENCE_LEDGER,HISTORICAL-PRODUCT-INDEX,2020,,44015,A,,NO,NO-PRICE-IN-SOURCE,https://event.pxmart.com.tw/RoyalDoulton/src/assets/0703-0716%E5%8D%B0%E8%8A%B1%E6%B8%85%E5%96%AE.pdf,price_status=NO-PRICE-IN-SOURCE | match_class=RELATED-NOT-EXACT | package=2kg | barcode=4711045229870 | 同品牌＋2kg，但固定TPI-101是花東台梗九號米2kg；重複出現仍不能視為exact。 | 用於識別同品牌不同2kg SKU長期共存，避免以規格相同誤配identity。,Retailer_Historical_Index_2020,IDX-PX-0703-001,,全聯PX Mart,中興無洗米2kg,v0.4-governance-20260912
EV-00902,LEG-EC-307,TPI-101,LEGACY_EVIDENCE_LEDGER,HISTORICAL-PRODUCT-INDEX,2020,,44043,A,,NO,NO-PRICE-IN-SOURCE,https://event.pxmart.com.tw/RoyalDoulton/src/assets/0731-0813%E5%8D%B0%E8%8A%B1%E6%B8%85%E5%96%AE.pdf,price_status=NO-PRICE-IN-SOURCE | match_class=RELATED-NOT-EXACT | package=2kg | barcode=4711045229870 | 同一related SKU於另一2020檔期再出現；仍非花東台梗九號米2kg。 | 重複related hit提高『不同SKU共存』信心，不提高TPI-101直接可比性。,Retailer_Historical_Index_2020,IDX-PX-0731-001,,全聯PX Mart,中興無洗米2kg,v0.4-governance-20260912
EV-00903,LEG-EC-335,TPI-215,LEGACY_EVIDENCE_LEDGER,HISTORICAL-PRODUCT-INDEX,2020,,44120,A,,NO,NO-PRICE-IN-SOURCE,https://event.pxmart.com.tw/arcos/src/assets/1016-1029%E5%8D%B0%E8%8A%B1%E6%B8%85%E5%96%AE.pdf,price_status=NO-PRICE-IN-SOURCE | match_class=EXACT-SKU-BARCODE | package=20g×20 | barcode=4710094112522 | 2020/10官方全聯清單再次出現同一品名/規格/barcode；為TPI-215第三個2020官方identity hit。 | 加強全年continuity，但來源仍不含價格，不能建立historical baseline。,Retailer_Historical_Index_2020,IDX-PX-1016-001,,全聯PX Mart,立頓香濃原味奶茶量販包20g×20包,v0.4-governance-20260912
EV-00904,LEG-EC-307,TPI-101,LEGACY_EVIDENCE_LEDGER,HISTORICAL-PRODUCT-INDEX,2020,,43959,A,,NO,NO-PRICE-IN-SOURCE,https://event.pxmart.com.tw/RoyalDoulton/src/assets/0508-0521%E5%8D%B0%E8%8A%B1%E6%B8%85%E5%96%AE.pdf,price_status=NO-PRICE-IN-SOURCE | match_class=RELATED-NOT-EXACT | package=2kg | barcode=4711045229870 | 同品牌＋2kg，但固定TPI-101為中興米花東台梗九號米2kg；barcode/SKU不同，不能視為exact。 | 延續2月/7月/8月反證：同品牌同重量可長期存在不同SKU；只作identity refinement。,Retailer_Historical_Index_2020,IDX-PX-0508-001,,全聯PX Mart,中興無洗米2kg,v0.4-governance-20260912
EV-00905,LEG-EC-307,TPI-101,LEGACY_EVIDENCE_LEDGER,HISTORICAL-PRODUCT-INDEX,2020,,43973,A,,NO,NO-PRICE-IN-SOURCE,https://event.pxmart.com.tw/RoyalDoulton/src/assets/0522-0604%E5%8D%B0%E8%8A%B1%E6%B8%85%E5%96%AE.pdf,price_status=NO-PRICE-IN-SOURCE | match_class=RELATED-NOT-EXACT | package=2kg | barcode=4711045229870 | 同一related SKU於下一檔期再次出現；仍非固定TPI-101花東台梗九號米2kg。 | 新增一個獨立期間的related observation；提高錯配風險的證據，不提高TPI-101直接可比性。,Retailer_Historical_Index_2020,IDX-PX-0522-001,,全聯PX Mart,中興無洗米2kg,v0.4-governance-20260912
EV-00906,,,LEGACY_EVIDENCE_LEDGER,HISTORICAL-PRODUCT-INDEX,2020,99,43910,A,,NO,PROMO-ONLY,https://event.pxmart.com.tw/activity/2020twpig/,price_status=PROMO-ONLY | match_class=NON-TARGET-PRICE-SCHEMA | package=約300g/盒 | 官方頁明列促銷區間與促銷價99元/盒，未識別一般價。 | 只用來驗證promo-only來源必須與normal price分離；不得用99建立core baseline。,Retailer_Historical_Index_2020,IDX-PX-TWPIG-001,,全聯PX Mart,好欣豬前胸肉,v0.4-governance-20260912
EV-00907,,,LEGACY_EVIDENCE_LEDGER,HISTORICAL-PRODUCT-INDEX,2020,199,43945,A,,NO,PROMO-ONLY,https://event.pxmart.com.tw/activity/2020chicken/index.html,price_status=PROMO-ONLY | match_class=NON-TARGET-PRICE-SCHEMA | package=約850g/盒 | 官方頁列4/24–5/21促銷價199元，未識別一般價。 | promo-only schema example；不進core normal price。,Retailer_Historical_Index_2020,IDX-PX-CHICKEN-001,,全聯PX Mart,元氣桂丁雞湯煲,v0.4-governance-20260912
EV-00908,,,LEGACY_EVIDENCE_LEDGER,HISTORICAL-PRODUCT-INDEX,2020,109,43945,A,,NO,PROMO-ONLY,https://event.pxmart.com.tw/activity/2020mackerel/,price_status=PROMO-ONLY | match_class=NON-TARGET-PRICE-SCHEMA | package=約300g/盒 | 官方頁列4/24–4/30該品促銷價109元；source頁其他商品促銷期跨4/10–5/07。 | 產品列使用自身明確促銷區間語意；source-level日期只表示該活動頁整體可見期間，不代表此品全期間皆109元。,Retailer_Historical_Index_2020,IDX-PX-MACKEREL-001,,全聯PX Mart,挪威鮮鯖魚切片（無鹽）,v0.4-governance-20260912
EV-00909,LEG-EC-330,TPI-150,LEGACY_EVIDENCE_LEDGER,HISTORICAL-PRODUCT-INDEX,2020,398,44069,D,,NO,CONDITIONAL-PROMO / BOGO-TOTAL-PRICE,https://www.ptt.cc/bbs/Lifeismoney/M.1598437779.A.5C8.html,price_status=CONDITIONAL-PROMO / BOGO-TOTAL-PRICE | match_class=EXACT-ITEM-PROMO-NOT-CORE | package=1.5L | 日期/固定家樂福線上通路/商品名/1.5L精確吻合；但明示買一送一，398元對應3000ml總量，不能視為normal price。 | 嚴禁398/2=199後當normal baseline；此row只證明2020固定通路與精確商品存在，以及promo price schema。,Retailer_Historical_Index_2020,IDX-CF-0826-001,,家樂福線上商城,泰山玄米油1.5L,v0.4-governance-20260912
EV-00910,,,LEGACY_EVIDENCE_LEDGER,ARCHIVE-DISCOVERY,,,,,,NO,SURVIVING-OFFICIAL-UPLOAD,https://www.carrefour.com.tw/wp-content/uploads/2020/11/%E7%BE%8E%E9%A3%9F%E7%AF%80-content10802.jpg,證明WordPress 2020 media asset路徑存在；尚未解析成target/price row。 | 沿2020月份/檔名/活動名稱反查相鄰uploads。 | search_index=DISCOVERED | live=ASSET-FOOTHOLD / NOT-PARSED,Carrefour_Archive_Recovery,CFAR-01,,Carrefour official,2020-11,v0.4-governance-20260912
EV-00911,,,LEGACY_EVIDENCE_LEDGER,ARCHIVE-DISCOVERY,,,,,,NO,OFFICIAL-LEGACY-ROUTE,https://www.carrefour.com.tw/2020-06-04-2020-06-10-fb-%E7%B5%A6%E6%88%91%E9%A4%85%E4%B9%BE%EF%BC%81%E5%90%A6%E5%89%87%E6%8B%92%E7%9C%8B/,搜尋索引保留活動時間與家福股份有限公司脈絡；不等於商品normal-price頁。 | 用route/date pattern搜尋相鄰legacy pages。 | search_index=HISTORICAL-CONTENT-INDEXED | live=LIVE-REDIRECTED/NEW-SITE,Carrefour_Archive_Recovery,CFAR-02,,Carrefour official,2020-06-04→06-10,v0.4-governance-20260912
EV-00912,,,LEGACY_EVIDENCE_LEDGER,ARCHIVE-DISCOVERY,,,,,,NO,OFFICIAL-LEGACY-ONLINE-ROUTE,https://www.carrefour.com.tw/2020-07-29-2020-09-02-%E7%B7%9A%E4%B8%8A%E6%90%B6%E5%AD%A4-%E7%99%BE%E8%90%AC%E7%B4%85%E5%8C%85%E5%A4%A9%E5%A4%A9%E6%90%B6/,可鎖2020家樂福線上活動時窗；與TPI-150 BOGO observation同時期，但沒有normal price。 | 反查ActivityProducts與活動圖資產。 | search_index=HISTORICAL-CONTENT-INDEXED | live=LIVE-REDIRECTED/NEW-SITE,Carrefour_Archive_Recovery,CFAR-03,,Carrefour official,2020-07-29→09-02,v0.4-governance-20260912
EV-00913,,,LEGACY_EVIDENCE_LEDGER,ARCHIVE-DISCOVERY,,,,,,NO,HISTORICAL-ONLINE-ENDPOINT-REFERENCE,https://online.carrefour.com.tw/tw/ActivityProducts,2020 PTT直接引用該家樂福線上活動endpoint；只作通路/identity/promo lane。 | 找archive snapshot或同期商品detail/DM。 | search_index=REFERENCED-IN-DATED-2020-POST | live=CURRENT-STATE-NOT-2020-SNAPSHOT,Carrefour_Archive_Recovery,CFAR-04,,2020 consumer record referencing Carrefour online,2020-08-26,v0.4-governance-20260912
EV-00914,,,LEGACY_EVIDENCE_LEDGER,ARCHIVE-DISCOVERY,,,,,,NO,DATED-PRIVATE-MEDIA-RETAIL,https://tw.news.yahoo.com/%E5%AE%B6%E6%A8%82%E7%A6%8F%E6%9C%89%E6%A9%9F%E8%94%AC%E8%8F%9C%E5%91%A8-%E5%93%81%E5%98%97%E6%9C%80%E4%BD%B3%E5%8F%B0%E8%BE%B2%E7%94%A2%E5%93%81-201026518.html,家樂福2020實際零售活動與價格語意證據，但優惠30/會員8折不能當normal baseline。 | 用活動商品名稱反查官方圖片/DM。 | search_index=DATED-2020-VERIFIED | live=LIVE,Carrefour_Archive_Recovery,CFAR-05,,Yahoo/private media,2020-03-21,v0.4-governance-20260912
EV-00915,,,LEGACY_EVIDENCE_LEDGER,ARCHIVE-DISCOVERY,,,,,,NO,DATED-PRIVATE-MEDIA-PRODUCT-LIST,https://tw.news.yahoo.com/%E5%88%A5%E5%86%8D%E8%BE%9B%E8%8B%A6%E6%89%BE%E4%BB%A3%E8%B3%BC%E5%AE%B6%E6%A8%82%E7%A6%8F%E5%90%83%E8%B2%A8%E5%BF%85%E6%8E%A8%E6%97%A5%E9%9F%93%E6%AD%90%E7%BE%8E%E9%9B%B6%E9%A3%9F%E5%90%8D%E5%96%AE%E5%85%A8%E9%83%BD%E7%8B%82%E5%97%91%E5%A5%BD%E5%90%83%E5%88%B0%E7%88%86%E5%85%8D%E5%87%BA%E5%9C%8B%E5%9C%A8%E9%80%99%E5%B0%B1%E8%83%BD%E4%B8%80%E6%AC%A1%E8%B2%B7%E9%BD%8A-034821442.html,2020家樂福賣場商品/價格觀察可作source-discovery foothold；未證明11 targets或normal-price semantics。 | 從具名商品/圖反查原始家樂福資產。 | search_index=DATED-2020-VERIFIED | live=LIVE,Carrefour_Archive_Recovery,CFAR-06,,LOOKin/Yahoo private media,2020-03-27,v0.4-governance-20260912
EV-00916,LEG-EC-016,TPI-260,LEGACY_EVIDENCE_LEDGER,2026-CURRENT,2026,12,46267,B,,ADMITTED-CURRENT,NORMAL/BASE/LIST,https://tw.buy.yahoo.com/activity/activity950?p=all2-00-260816-260831apppushgife01,v0.5 M2：Yahoo 2026-08-31→09-02活動明示全台7-ELEVEN兌換『市價12元』統一布丁100g；採明示市價12，不採0元贈品交易價。,M2_v05,TPI-260,便利商店食品飲料,7-ELEVEN,統一布丁100g,v0.5-measurement-20260912
EV-00917,LEG-EC-008,TPI-298,LEGACY_EVIDENCE_LEDGER,2026-CURRENT,2026,119,46277,B,A,ADMITTED-CURRENT,NORMAL/BASE/LIST,https://event.family.com.tw/PointRedemption/index.html,v0.5 M2：全家官方集點頁明列鮮乳坊桂芳鮮乳936ml原價119；現行全家外送頁亦見119。只採原價119，不採點數優惠價。,M2_v05,TPI-298,便利商店食品飲料,鮮乳坊,桂芳鮮乳 936ml,v0.5-measurement-20260912
EV-00918,LEG-EC-243,TPI-346,LEGACY_EVIDENCE_LEDGER,2026-CURRENT,2026,99,46190,B,,ADMITTED-CURRENT,NORMAL/BASE/LIST,https://baliman.tw/blog/post/yoshinoya-menu,v0.5 M2：2026-06-17菜單整理明列吉野家招牌牛丼中99，並註明菜單圖片來源台灣吉野家官網。,M2_v05,TPI-346,正餐／小吃／早餐,吉野家,牛丼中,v0.5-measurement-20260912
EV-00919,LEG-EC-243,TPI-347,LEGACY_EVIDENCE_LEDGER,2026-CURRENT,2026,89,46277,A,,ADMITTED-CURRENT,NORMAL/BASE/LIST,https://www.sukiya-jp.com.tw/pdf/news_250326.pdf,v0.5 M2：台灣すき家官方價格調整公告確認牛丼中碗現行89且不變。,M2_v05,TPI-347,正餐／小吃／早餐,すき家,牛丼中,v0.5-measurement-20260912
EV-00920,LEG-EC-260,TPI-350,LEGACY_EVIDENCE_LEDGER,2026-CURRENT,2026,49,46191,B,,ADMITTED-CURRENT,NORMAL/BASE/LIST,https://baliman.tw/blog/post/macc-menu,v0.5 M2：2026-06-18早安美芝城菜單明列招牌豬肉蛋吐司49；固定row為一般門市豬肉蛋吐司。,M2_v05,TPI-350,正餐／小吃／早餐,早安美芝城,豬肉蛋吐司,v0.5-measurement-20260912
EV-00921,LEG-EC-284,TPI-359,LEGACY_EVIDENCE_LEDGER,2026-CURRENT,2026,90,46277,C,A,ADMITTED-CURRENT,NORMAL/BASE/LIST,https://news.ustv.com.tw/food/shop/8894,v0.5 M2：非凡大探索live listing命中固定大安路一段31巷8號，鵝肉麵90/小；頁面未標發布日，採2026-09-12 live retrieval。,M2_v05,TPI-359,正餐／小吃／早餐,陳陽鵝肉大王,鵝肉麵－小,v0.5-measurement-20260912
EV-00922,LEG-EC-192,TPI-360,LEGACY_EVIDENCE_LEDGER,2026-CURRENT,2026,60,46277,C,A,ADMITTED-CURRENT,NORMAL/BASE/LIST,https://news.ustv.com.tw/food/shop/10676,v0.5 M2：非凡大探索live listing命中台中第二市場固定地址，三層魯肉飯60；頁面未標發布日，採2026-09-12 live retrieval。,M2_v05,TPI-360,正餐／小吃／早餐,山河魯肉飯,三層魯肉飯,v0.5-measurement-20260912
EV-00923,LEG-EC-242,TPI-363,LEGACY_EVIDENCE_LEDGER,2026-CURRENT,2026,40,46277,C,A,ADMITTED-CURRENT,NORMAL/BASE/LIST,https://news.ustv.com.tw/food/shop/10630,v0.5 M2：非凡大探索live listing命中復橫一路276號，招牌燒肉飯40/小；頁面未標發布日，採2026-09-12 live retrieval。,M2_v05,TPI-363,正餐／小吃／早餐,博義師燒肉飯（美麗島站）,燒肉飯－小,v0.5-measurement-20260912
EV-00924,LEG-EC-253,TPI-361,LEGACY_EVIDENCE_LEDGER,2026-CURRENT-CANDIDATE,2026,,46277,B,A,HOLD-CURRENT-CHANNEL-MOVED,CHANNEL-DRIFT,https://news.ustv.com.tw/food/shop/11360,"Current public listing places 丁山肉丸 at 台中市中區台灣大道一段370號, not the fixed basket address 中正路204號; no cross-address substitution.",M2_v05,TPI-361,正餐／小吃／早餐,丁山肉丸,肉圓,v0.5-measurement-20260912
EV-00925,LEG-EC-283,TPI-362,LEGACY_EVIDENCE_LEDGER,2026-CURRENT-CANDIDATE,2026,,46277,B,A,HOLD-CURRENT-CHANNEL-MOVED,CHANNEL-DRIFT,https://khh.travel/zh-tw/shop/gourmet/796/,"Current public listings place 鴨肉珍 at 高雄市鹽埕區五福四路258號, while the fixed basket locks 新樂街231-2號; do not substitute locations.",M2_v05,TPI-362,正餐／小吃／早餐,鴨肉珍,鴨肉飯,v0.5-measurement-20260912
EV-00926,,,LEGACY_EVIDENCE_LEDGER,M2-SEARCH-NONADMISSION,2026,,46277,A,,REJECTED-CORE-GOVERNMENT-PRICE-SOURCE,SOURCE-BOUNDARY,https://www.park24.com.tw/news/new-opening/,"Official PARK24 confirms the fixed 2026 sites and official app advertises complete fee information, but exact browser-visible fees found in this pass were government/open-data derived. TPI Core forbids government price data, so no fee was admitted.",M2_v05,PARKING-M2,停車,Times,Times priority parking rows,v0.5-measurement-20260912
EV-00927,,,LEGACY_EVIDENCE_LEDGER,M2-SEARCH-NONADMISSION,2026,,46277,A,,HOLD-CURRENT-PRICE-NOT-PUBLISHED,OFFICIAL-IDENTITY-NO-PRICE,,Official/current pages confirm the fixed laundry locations/services but do not expose safe machine prices in the reviewed public pages; no numeric Core price admitted.,M2_v05,LAUNDRY-M2,理髮／美容／洗衣,Multiple,SeSA / U-WASH / Speed Queen,v0.5-measurement-20260912
EV-00928,,,LEGACY_EVIDENCE_LEDGER,CURRENT-SEARCH-CLOSURE,2026,,46277,,,HOLD-PRIVATE-OPERATOR-RATE-NOT-WEB-VISIBLE,OFFICIAL-OPERATOR,https://www.park24.com.tw/news/,"Times official site confirms current fixed lots and states the official APP integrates complete fee information, but exact transient rates are not exposed on the reviewed public web pages. No Core price admitted.",Evidence_Closure_v051,PARK24-OFFICIAL-APP-RATE-GAP,停車,Times/PARK24,敦北南京／中和立言街／台中敦富六街／高雄錦田路,v0.5.1-evidence-closure-20260912
EV-00929,,,LEGACY_EVIDENCE_LEDGER,CURRENT-CANDIDATE-REJECT,2026,,46277,,,REJECT-GOVERNMENT-PRICE,GOVERNMENT/OPEN-DATA,https://www.tbkc.gov.tw/,"Exact parking rates can be located in government/open-data sources, but TPI Core explicitly forbids government price data. Candidate rejected even though it could raise parking coverage.",Evidence_Closure_v051,PARKING-GOV-EXCLUSION,停車,Government/Open Data,Times exact transient-rate records,v0.5.1-evidence-closure-20260912
EV-00930,LEG-EC-317,TPI-128,LEGACY_EVIDENCE_LEDGER,HISTORICAL-CANDIDATE-REJECT,2026,,46277,,,REJECT-PROMO-AND-SPEC-MISMATCH,PTT-PRIVATE-OBSERVATION,https://www.ptt.cc/bbs/Lifeismoney/M.1601359164.A.7EC.html,2020-09-29 Full PX observation is 80g×12 中元/出清式買一送一：兩箱129。Fixed HomeCook row is 90g×5. Promo effective price and package/spec mismatch both disqualify Core admission.,Evidence_Closure_v051,HC-WEWEIA-2020-BOGO,超市／自煮食材,味味A,排骨雞湯麵,v0.5.1-evidence-closure-20260912
EV-00931,LEG-EC-327,TPI-179,LEGACY_EVIDENCE_LEDGER,HISTORICAL-CANDIDATE-REJECT,2026,,46277,,,REJECT-PROMO-NORMAL-PRICE-UNPROVEN,PRIVATE-OBSERVATION/NEWS,https://army.chlin.com.tw/BBS/viewthread.php?action=printable&tid=11110,"2020-12-21 Full PX private observation reports 大顆芝麻湯圓37元, while contemporaneous Full PX winter-solstice coverage states designated tangyuan were on discount. The normal/list price for the exact fixed item is not established, so 37 is not admitted.",Evidence_Closure_v051,HC-LAUREL-2020-PROMO,超市／自煮食材,桂冠,芝麻湯圓200g級,v0.5.1-evidence-closure-20260912
EV-00932,LEG-EC-337,TPI-123,LEGACY_EVIDENCE_LEDGER,HISTORICAL-CANDIDATE-REJECT,2026,,46277,,,REJECT-WRONG-CHANNEL,NEWS-PRIVATE-RETAIL,https://www.chinatimes.com/amp/newspapers/20200828000921-260113,2020-08-28 article explicitly gives 愛買 original price 85 / promo 75 for 統一肉燥麵90g×5. The fixed HomeCook channels are PX/Carrefour/Simple Mart; 愛買 price cannot substitute.,Evidence_Closure_v051,HC-UNI-NOODLE-2020-WRONG-CHANNEL,超市／自煮食材,統一,肉燥麵90g×5,v0.5.1-evidence-closure-20260912
EV-00933,LEG-EC-314,TPI-131,LEGACY_EVIDENCE_LEDGER,HISTORICAL-CANDIDATE-REJECT,2026,,46277,,,REJECT-GOVERNMENT-PRICE,GOVERNMENT-PRICE-TIMESERIES,https://www.ey.gov.tw/Page/B64D48BB9867472A?DetailGUID=T8Zh3zVv+9D9mfz0rrpXupYR96aOSflaKpaop%2F9Vy1sjx9kosv9bkrSv80H0dqC+,"Government price series contains 台糖貳號砂糖1kg 109年12月=36, but government price data is forbidden in TPI Core. Retained only as an exclusion receipt, never as baseline evidence.",Evidence_Closure_v051,HC-TAISUGAR-2020-GOV,超市／自煮食材,台糖,貳號砂糖1kg,v0.5.1-evidence-closure-20260912
EV-00934,LEG-EC-340,TPI-107,LEGACY_EVIDENCE_LEDGER,HISTORICAL-CANDIDATE-REJECT,2026,,46277,,,HOLD-PRICE-NOT-STATED,DATED-PRIVATE-OBSERVATION,https://www.writershelf.com/article/costco-%E7%9A%84%E7%89%9B%E5%A5%B6%E4%B8%8D%E5%A5%BD%E5%96%9D,"2020-05-20 private article explicitly describes buying the Taiwan-standard I-MEI whole milk at Full PX, supporting channel/product existence, but it does not state a numeric Full PX price. No baseline admitted.",Evidence_Closure_v051,HC-IMEI-MILK-2020-NOPRICE,超市／自煮食材,義美,全脂鮮乳（全聯通路存在）,v0.5.1-evidence-closure-20260912
EV-00935,,,LEGACY_EVIDENCE_LEDGER,HISTORICAL-SEARCH-CLOSURE,2026,,46277,,,STOP-REOPEN-ONLY-NEW-EVIDENCE-CLASS,RESEARCH-STOP-RULE,,"Targeted search covered exact product/channel/date terms, PTT/private observations, dated retail news, barcodes and archive-style queries. New candidates failed on promo semantics, wrong channel, government source, spec mismatch, or missing numeric price. HomeCook remains 2/50 historical clusters; do not repeat the same source classes absent genuinely new archive/receipt/catalog evidence.",Evidence_Closure_v051,HC-ARCHIVE-SEARCH-CLOSURE,超市／自煮食材,Multiple,48 currently unpaired HomeCook economic clusters,v0.5.1-evidence-closure-20260912
HO600-B1-01457,LEG-EC-117,,SHORTFALL-SEARCH-B1,BASELINE_2020,2020,850,2020-04-14,B,A,ADMIT-NORMAL-REFERENCE,PRIVATE-DATED-PRICE-LIST,https://weli1972.blogspot.com/2020/04/,Uses displayed table price for exact 2kg product code/spec; any separate discount/promotion is excluded from Core.,Web research,Royal Canin 2020 Taiwan price list,日常／個人 / 寵物,Royal Canin 法國皇家,F32 理想體態成貓 2kg,HO600-WIP
HO600-B1-01458,LEG-EC-118,,SHORTFALL-SEARCH-B1,BASELINE_2020,2020,950,2020-04-14,B,A,ADMIT-NORMAL-REFERENCE,PRIVATE-DATED-PRICE-LIST,https://weli1972.blogspot.com/2020/04/,Uses displayed table price for exact 2kg product code/spec; any separate discount/promotion is excluded from Core.,Web research,Royal Canin 2020 Taiwan price list,日常／個人 / 寵物,Royal Canin 法國皇家,K36 幼貓 2kg,HO600-WIP
HO600-B1-01459,NEW-PET-BC34,,SHORTFALL-SEARCH-B1,BASELINE_2020,2020,950,2020-04-14,B,A,ADMIT-NORMAL-REFERENCE,PRIVATE-DATED-PRICE-LIST,https://weli1972.blogspot.com/2020/04/,Uses displayed table price for exact 2kg product code/spec; any separate discount/promotion is excluded from Core.,Web research,Royal Canin 2020 Taiwan price list,日常／個人 / 寵物,Royal Canin 法國皇家,BC34 離乳幼母貓 2kg,HO600-WIP
HO600-B1-01460,NEW-PET-IN27,,SHORTFALL-SEARCH-B1,BASELINE_2020,2020,950,2020-04-14,B,A,ADMIT-NORMAL-REFERENCE,PRIVATE-DATED-PRICE-LIST,https://weli1972.blogspot.com/2020/04/,Uses displayed table price for exact 2kg product code/spec; any separate discount/promotion is excluded from Core.,Web research,Royal Canin 2020 Taiwan price list,日常／個人 / 寵物,Royal Canin 法國皇家,IN27 室內成貓 2kg,HO600-WIP
HO600-B1-01461,NEW-PET-S33,,SHORTFALL-SEARCH-B1,BASELINE_2020,2020,950,2020-04-14,B,A,ADMIT-NORMAL-REFERENCE,PRIVATE-DATED-PRICE-LIST,https://weli1972.blogspot.com/2020/04/,Uses displayed table price for exact 2kg product code/spec; any separate discount/promotion is excluded from Core.,Web research,Royal Canin 2020 Taiwan price list,日常／個人 / 寵物,Royal Canin 法國皇家,S33 腸胃敏感成貓 2kg,HO600-WIP
HO600-B1-01462,NEW-PET-S37,,SHORTFALL-SEARCH-B1,BASELINE_2020,2020,950,2020-04-14,B,A,ADMIT-NORMAL-REFERENCE,PRIVATE-DATED-PRICE-LIST,https://weli1972.blogspot.com/2020/04/,Uses displayed table price for exact 2kg product code/spec; any separate discount/promotion is excluded from Core.,Web research,Royal Canin 2020 Taiwan price list,日常／個人 / 寵物,Royal Canin 法國皇家,S37 絕育成貓 2kg,HO600-WIP
HO600-B1-01463,NEW-PET-BC34,,SHORTFALL-SEARCH-B1,CURRENT_2026,2026,1080,2026-09-13,B,A,ADMIT-NORMAL-REFERENCE,PRIVATE-RETAIL-LIST,https://www.momoshop.com.tw/product/14369160,Uses explicit current 市售價/list price; promotion/effective discount excluded.,Web research,2026 current retail list,日常／個人 / 寵物,Royal Canin 法國皇家,BC34 離乳幼母貓 2kg,HO600-WIP
HO600-B1-01464,NEW-PET-IN27,,SHORTFALL-SEARCH-B1,CURRENT_2026,2026,1060,2026-09-13,B,A,ADMIT-NORMAL-REFERENCE,PRIVATE-RETAIL-LIST,https://www.momoshop.com.tw/product/14369171,Uses explicit current 市售價/list price; promotion/effective discount excluded.,Web research,2026 current retail list,日常／個人 / 寵物,Royal Canin 法國皇家,IN27 室內成貓 2kg,HO600-WIP
HO600-B1-01465,NEW-PET-S33,,SHORTFALL-SEARCH-B1,CURRENT_2026,2026,1110,2026-09-13,B,A,ADMIT-NORMAL-REFERENCE,PRIVATE-RETAIL-LIST,https://www.momoshop.com.tw/TP/TP0007478/goodsDetail/TP00074780000660,"Current page lists 2KG/4KG with 市售價 range 1,110–1,800; lower endpoint is used for the 2kg option; promotion price excluded.",Web research,2026 current retail list,日常／個人 / 寵物,Royal Canin 法國皇家,S33 腸胃敏感成貓 2kg,HO600-WIP
HO600-B1-01466,NEW-PET-S37,,SHORTFALL-SEARCH-B1,CURRENT_2026,2026,1200,2026-09-13,B,A,ADMIT-NORMAL-REFERENCE,PRIVATE-RETAIL-LIST,https://www.momoshop.com.tw/product/12985857,Uses explicit current 市售價/list price; promotion/effective discount excluded.,Web research,2026 current retail list,日常／個人 / 寵物,Royal Canin 法國皇家,S37 絕育成貓 2kg,HO600-WIP
HO600-B1-01467,NEW-HOME-KALLAX-20351884,,SHORTFALL-SEARCH-B1,BASELINE_2020,2020,2295,2020-05-04,B,A,ADMIT-NORMAL-REFERENCE,PRIVATE-DATED-MEDIA,https://www.adaymag.com/2020/05/04/2020-best-rating-chart.html,Dated 2020 article lists exact IKEA product number and price; no promotion language for this item.,Web research,A Day 2020 IKEA product list,住／家用 / 家居／收納／小家具,IKEA,KALLAX 層架組 白色 77×147cm,HO600-WIP
HO600-B1-01468,NEW-HOME-KALLAX-20351884,,SHORTFALL-SEARCH-B1,CURRENT_2026,2026,2599,2026-09-13,A,A,ADMIT-NORMAL-REFERENCE,BRAND-OFFICIAL,https://www.ikea.com.tw/en/products/cabinets/open-storage/kallax-art-20351884,Current IKEA Taiwan official product page; exact product number matches 2020 evidence.,Web research,IKEA Taiwan current official,住／家用 / 家居／收納／小家具,IKEA,KALLAX 層架組 白色 77×147cm,HO600-WIP
HO600-B1-01469,NEW-HOME-MALM-20354646,,SHORTFALL-SEARCH-B1,BASELINE_2020,2020,3299,2020-05-04,B,A,ADMIT-NORMAL-REFERENCE,PRIVATE-DATED-MEDIA,https://www.adaymag.com/2020/05/04/2020-best-rating-chart.html,Dated 2020 article lists exact IKEA product number and price; no promotion language for this item.,Web research,A Day 2020 IKEA product list,住／家用 / 家居／收納／小家具,IKEA,MALM 抽屜櫃/4抽 白色 80×100cm,HO600-WIP
HO600-B1-01470,NEW-HOME-MALM-20354646,,SHORTFALL-SEARCH-B1,CURRENT_2026,2026,3299,2026-09-13,A,A,ADMIT-NORMAL-REFERENCE,BRAND-OFFICIAL,https://www.ikea.com.tw/zh/products/chests-and-other-furniture/chest-of-drawers/malm-art-20354646,Current IKEA Taiwan official product page; exact product number matches 2020 evidence.,Web research,IKEA Taiwan current official,住／家用 / 家居／收納／小家具,IKEA,MALM 抽屜櫃/4抽 白色 80×100cm,HO600-WIP
HO600-B2-01471,NEW-FOOD-IKEA-SJORAPPORT-60360037,,SHORTFALL-SEARCH-B2,BASELINE_2020,2020,550,2020-05-04,B,A,ADMIT-NORMAL-REFERENCE,PRIVATE-DATED-MEDIA,https://www.adaymag.com/2020/05/04/2020-best-rating-chart.html,"Dated 2020 article lists exact IKEA product number 603.600.37, SJÖRAPPORT salmon fillet, and normal price $550.",Web research,A Day 2020 IKEA rating list,食 / 超市／自煮基礎食品,IKEA,SJÖRAPPORT 鮭魚菲力 ASC/冷凍 500g,HO600-WIP
HO600-B2-01472,NEW-FOOD-IKEA-SJORAPPORT-60360037,,SHORTFALL-SEARCH-B2,CURRENT_2026,2026,599,2026-09-13,A,A,ADMIT-NORMAL-REFERENCE,BRAND-OFFICIAL,https://www.ikea.com.tw/zh/products/everyday-main-meal-at-home/protein-based-food/sjorapport-art-60360037,"Current IKEA Taiwan official page lists product 603.600.37, 500g, at $599.",Web research,IKEA Taiwan current SJÖRAPPORT,食 / 超市／自煮基礎食品,IKEA,SJÖRAPPORT 鮭魚菲力 ASC/冷凍 500g,HO600-WIP
HO600-B2-01473,NEW-EDU-BOOK-OKR-BCB660,,SHORTFALL-SEARCH-B2,BASELINE_2020,2020,450,2020-02-18,A,A,ADMIT-NORMAL-REFERENCE,PUBLISHER-OFFICIAL-DATED,https://bookzone.cwgv.com.tw/article/17226,Official publisher article dated 2020-02-18 identifies the original edition and displays 定價 $450; promo price is not used.,Web research,天下文化 2020 OKR article,育 / 書籍,天下文化,OKR：做最重要的事,HO600-WIP
HO600-B2-01474,NEW-EDU-BOOK-OKR-BCB660,,SHORTFALL-SEARCH-B2,CURRENT_2026,2026,450,2026-09-13,A,A,ADMIT-NORMAL-REFERENCE,PUBLISHER-OFFICIAL,https://bookzone.cwgv.com.tw/book/BCB660,Current official product page lists the same title/author/original edition and 定價 $450.,Web research,天下文化 current OKR,育 / 書籍,天下文化,OKR：做最重要的事,HO600-WIP
HO600-B2-01475,NEW-EDU-BOOK-HAWKING-BCS188,,SHORTFALL-SEARCH-B2,BASELINE_2020,2020,500,2020-10-08,A,A,ADMIT-NORMAL-REFERENCE,PUBLISHER-OFFICIAL-DATED,https://bookzone.cwgv.com.tw/article/19526,Official publisher article dated 2020-10-08 identifies the same BCS188/ISBN edition and displays 定價 $500; promo price excluded.,Web research,天下文化 2020 Hawking article,育 / 書籍,天下文化,霍金大見解,HO600-WIP
HO600-B2-01476,NEW-EDU-BOOK-HAWKING-BCS188,,SHORTFALL-SEARCH-B2,CURRENT_2026,2026,500,2026-09-13,A,A,ADMIT-NORMAL-REFERENCE,PUBLISHER-OFFICIAL,https://bookzone.cwgv.com.tw/book/BCS188,"Current official page lists BCS188, ISBN 9789864796359, and 定價 $500.",Web research,天下文化 current Hawking,育 / 書籍,天下文化,霍金大見解,HO600-WIP
HO600-B2-01477,NEW-EDU-BOOK-TEEN-BEP045,,SHORTFALL-SEARCH-B2,BASELINE_2020,2020,330,2020-02-12,A,A,ADMIT-NORMAL-REFERENCE,PUBLISHER-OFFICIAL-DATED,https://bookzone.cwgv.com.tw/article/17181,Official publisher article dated 2020-02-12 identifies the same book and displays 定價 $330; promo price excluded.,Web research,天下文化 2020 teen-parenting article,育 / 書籍,天下文化,家有青少年之父母生存手冊,HO600-WIP
HO600-B2-01478,NEW-EDU-BOOK-TEEN-BEP045,,SHORTFALL-SEARCH-B2,CURRENT_2026,2026,330,2026-09-13,A,A,ADMIT-NORMAL-REFERENCE,PUBLISHER-OFFICIAL,https://bookzone.cwgv.com.tw/book/BEP045,Current official page lists the same original edition and 定價 $330.,Web research,天下文化 current teen-parenting,育 / 書籍,天下文化,家有青少年之父母生存手冊,HO600-WIP
HO600-B2-01479,NEW-EDU-BOOK-LEADING-BCB653,,SHORTFALL-SEARCH-B2,BASELINE_2020,2020,450,2020-04-17,A,A,ADMIT-NORMAL-REFERENCE,PUBLISHER-OFFICIAL-DATED,https://bookzone.cwgv.com.tw/article/17792,Official publisher article dated 2020-04-17 identifies the same original edition and displays 定價 $450; promo price excluded.,Web research,天下文化 2020 Hennessy article,育 / 書籍,天下文化,這一生，你想留下什麼？,HO600-WIP
HO600-B2-01480,NEW-EDU-BOOK-LEADING-BCB653,,SHORTFALL-SEARCH-B2,CURRENT_2026,2026,450,2026-09-13,A,A,ADMIT-NORMAL-REFERENCE,PUBLISHER-OFFICIAL,https://bookzone.cwgv.com.tw/books/BCB653,Current official page lists the same original edition and 定價 $450.,Web research,天下文化 current Hennessy,育 / 書籍,天下文化,這一生，你想留下什麼？,HO600-WIP
HO600-B2-01481,NEW-EDU-BOOK-ZEROERROR-BCB677,,SHORTFALL-SEARCH-B2,BASELINE_2020,2020,400,2020-01-08,A,A,ADMIT-NORMAL-REFERENCE,PUBLISHER-OFFICIAL-DATED,https://bookzone.cwgv.com.tw/article/16918,Official publisher article dated 2020-01-08 identifies the same original edition and displays 定價 $400; promo price excluded.,Web research,天下文化 2020 Zero Error article,育 / 書籍,天下文化,零錯誤,HO600-WIP
HO600-B2-01482,NEW-EDU-BOOK-ZEROERROR-BCB677,,SHORTFALL-SEARCH-B2,CURRENT_2026,2026,400,2026-09-13,A,A,ADMIT-NORMAL-REFERENCE,PUBLISHER-OFFICIAL,https://bookzone.cwgv.com.tw/book/BCB677,Current official page lists the same original edition and 定價 $400.,Web research,天下文化 current Zero Error,育 / 書籍,天下文化,零錯誤,HO600-WIP
HO600-B2-01483,NEW-EDU-BOOK-PLAGUES-BCSA09A,,SHORTFALL-SEARCH-B2,BASELINE_2020,2020,450,2020-02-19,A,A,ADMIT-NORMAL-REFERENCE,PUBLISHER-OFFICIAL-DATED,https://bookzone.cwgv.com.tw/article/17457,Official publisher 2020 article/book information identifies the 2020-02-19 edition and displays 定價 $450; promo price excluded.,Web research,天下文化 2020 Plagues and Peoples article,育 / 書籍,天下文化,瘟疫與人,HO600-WIP
HO600-B2-01484,NEW-EDU-BOOK-PLAGUES-BCSA09A,,SHORTFALL-SEARCH-B2,CURRENT_2026,2026,450,2026-09-13,A,A,ADMIT-NORMAL-REFERENCE,PUBLISHER-OFFICIAL,https://bookzone.cwgv.com.tw/book/BCSA09A,Current official page lists the same 2020 edition and 定價 $450.,Web research,天下文化 current Plagues and Peoples,育 / 書籍,天下文化,瘟疫與人,HO600-WIP
HO600-B3-01485,NEW-EDU-JLPT-N1,,SHORTFALL-SEARCH-B3,BASELINE_2020,2020,1600,2020-08-17,B,A,ADMIT-NORMAL-REFERENCE,PRIVATE-DATED-EDUCATION,https://www.jlbooks.com.tw/News/news_more.asp?Activeid=273,"Private Japanese-learning publisher page dated 2020-08-17 states N1–N3 fee NT$1,600; use standard N1 fee, no discount.",Web research,Batch3 exact pair research,育 / 技能／證照,JLPT 台灣,日本語能力試驗 N1 一般報名費,HO600-WIP
HO600-B3-01486,NEW-EDU-JLPT-N1,,SHORTFALL-SEARCH-B3,CURRENT_2026,2026,1800,2026-09-13,A,A,ADMIT-NORMAL-REFERENCE,SERVICE-OFFICIAL,https://www.jlpt.tw/Info/RegInfo.aspx,"Current Taiwan JLPT official registration page states N1–N3 standard fee NT$1,800.",Web research,Batch3 exact pair research,育 / 技能／證照,JLPT 台灣,日本語能力試驗 N1 一般報名費,HO600-WIP
HO600-B3-01487,NEW-EDU-JLPT-N4,,SHORTFALL-SEARCH-B3,BASELINE_2020,2020,1500,2020-08-17,B,A,ADMIT-NORMAL-REFERENCE,PRIVATE-DATED-EDUCATION,https://www.jlbooks.com.tw/News/news_more.asp?Activeid=273,"Private Japanese-learning publisher page dated 2020-08-17 states N4–N5 fee NT$1,500; use standard N4 fee.",Web research,Batch3 exact pair research,育 / 技能／證照,JLPT 台灣,日本語能力試驗 N4 一般報名費,HO600-WIP
HO600-B3-01488,NEW-EDU-JLPT-N4,,SHORTFALL-SEARCH-B3,CURRENT_2026,2026,1650,2026-09-13,A,A,ADMIT-NORMAL-REFERENCE,SERVICE-OFFICIAL,https://www.jlpt.tw/Info/RegInfo.aspx,"Current Taiwan JLPT official registration page states N4–N5 standard fee NT$1,650.",Web research,Batch3 exact pair research,育 / 技能／證照,JLPT 台灣,日本語能力試驗 N4 一般報名費,HO600-WIP
HO600-B3-01489,NEW-EDU-TOEIC-LR,,SHORTFALL-SEARCH-B3,BASELINE_2020,2020,1600,2020-08-19,A,A,ADMIT-NORMAL-REFERENCE,SERVICE-OFFICIAL-DATED,https://www.examservice.com.tw/Home/preIndex?setStoreID=M0032,"Official 2020 campaign terms explicitly identify TOEIC L&R normal/original fee NT$1,600; discounted campaign fee is excluded.",Web research,Batch3 exact pair research,育 / 技能／證照,TOEIC 台灣,TOEIC Listening & Reading 一般報名費,HO600-WIP
HO600-B3-01490,NEW-EDU-TOEIC-LR,,SHORTFALL-SEARCH-B3,CURRENT_2026,2026,1800,2026-09-13,A,A,ADMIT-NORMAL-REFERENCE,SERVICE-OFFICIAL,https://www.toeic.com.tw/toeic/listening-reading/registration/info/,"Current official TOEIC Taiwan registration page lists general fee NT$1,800.",Web research,Batch3 exact pair research,育 / 技能／證照,TOEIC 台灣,TOEIC Listening & Reading 一般報名費,HO600-WIP
HO600-B3-01491,NEW-EDU-TOEIC-BRIDGE-SPEAK,,SHORTFALL-SEARCH-B3,BASELINE_2020,2020,1600,2020-06-30,A,A,ADMIT-NORMAL-REFERENCE,SERVICE-OFFICIAL-DATED,https://www.toeic.com.tw/toeicbridge/2020/event/,"Official 2020 TOEIC Bridge Speaking campaign states the test value/normal fee NT$1,600; free campaign benefit is excluded.",Web research,Batch3 exact pair research,育 / 技能／證照,TOEIC Bridge 台灣,TOEIC Bridge Speaking 一般報名費,HO600-WIP
HO600-B3-01492,NEW-EDU-TOEIC-BRIDGE-SPEAK,,SHORTFALL-SEARCH-B3,CURRENT_2026,2026,1700,2026-09-13,A,A,ADMIT-NORMAL-REFERENCE,SERVICE-OFFICIAL,https://www.toeic.com.tw/toeicbridge/speaking/registration/info/,"Current official registration page lists general fee NT$1,700.",Web research,Batch3 exact pair research,育 / 技能／證照,TOEIC Bridge 台灣,TOEIC Bridge Speaking 一般報名費,HO600-WIP
HO600-B3-01493,NEW-EDU-TOEIC-BRIDGE-LR,,SHORTFALL-SEARCH-B3,BASELINE_2020,2020,1100,2020-05-21,B,A,ADMIT-NORMAL-REFERENCE,PRIVATE-SCHOOL-DATED,https://www.gjsh.ntpc.edu.tw/ischool/publish_page/4/?cid=4720,"Dated 2020 school announcement states TOEIC Bridge test fee NT$1,100 for the public exam at Hujiang HS; treated as corroboration of ordinary fee, not a discount price.",Web research,Batch3 exact pair research,育 / 技能／證照,TOEIC Bridge 台灣,TOEIC Bridge Listening & Reading 一般報名費,HO600-WIP
HO600-B3-01494,NEW-EDU-TOEIC-BRIDGE-LR,,SHORTFALL-SEARCH-B3,CURRENT_2026,2026,1200,2026-09-13,A,A,ADMIT-NORMAL-REFERENCE,SERVICE-OFFICIAL,https://toeic.com.tw/toeicbridge/listening-reading/registration/info/,"Current official TOEIC Bridge L&R registration page lists general fee NT$1,200.",Web research,Batch3 exact pair research,育 / 技能／證照,TOEIC Bridge 台灣,TOEIC Bridge Listening & Reading 一般報名費,HO600-WIP
HO600-B3-01495,LEG-EC-070,,SHORTFALL-SEARCH-B3,BASELINE_2020,2020,179,2020-05-11,B,A,ADMIT-NORMAL-REFERENCE,PRIVATE-DATED-TECH-MEDIA,https://www.kocpc.com.tw/archives/321684,Dated 2020 Taiwan tech article states YouTube Premium Android/web individual plan NT$179/month; cross-region alternatives are ignored.,Web research,Batch3 exact pair research,樂 / 串流影音／音樂,YouTube Premium,個人方案月費,HO600-WIP
HO600-B3-01496,LEG-EC-072,,SHORTFALL-SEARCH-B3,BASELINE_2020,2020,269,2020-05-11,B,A,ADMIT-NORMAL-REFERENCE,PRIVATE-DATED-TECH-MEDIA,https://www.kocpc.com.tw/archives/321684,Dated 2020 Taiwan tech article states YouTube Premium family plan NT$269/month; cross-region alternatives are ignored.,Web research,Batch3 exact pair research,樂 / 串流影音／音樂,YouTube Premium,家庭方案月費,HO600-WIP
HO600-B4-01497,LEG-EC-297,TPI-079,SHORTFALL-SEARCH-B4,BASELINE_2020,2020,300,2020-12-01,B,A,ADMIT-NORMAL-REFERENCE,PRIVATE-DATED-LIFESTYLE-MEDIA,https://www.walkerland.com.tw/article/view/283393,"Dated 2020 coverage of QB HOUSE Guangsan SOGO states haircut was chain-style uniform price NT$300 regardless of hair length. Candidate identity is chain-standard haircut, not a branch-specific stylist service.",Web research,2020 QB HOUSE Guangsan SOGO uniform price,日常／個人 / 理髮／美容,QB HOUSE,標準剪髮,HO600-WIP
HO600-B56-01498,NEW-MOB-THSR-TPE-TXG,,SHORTFALL-SEARCH-B5B6,BASELINE_2020,2020,700,2020-02-11,B,A,ADMIT-NORMAL-REFERENCE,PRIVATE-DATED-CONSUMER,https://www.ptt.cc/man/HelpBuy/D91/DB35/DA39/D89F/M.1581531282.A.FBB.html,Dated 2020 post directly lists the THSR standard-carriage base fare before a separate service fee; no discount back-calculation.,Web research,Batch5/6 exact pair research,行 / 民營交通服務,台灣高鐵,台北→台中 標準車廂對號座全票,HO600-WIP
HO600-B56-01499,NEW-MOB-THSR-TPE-TXG,,SHORTFALL-SEARCH-B5B6,CURRENT_2026,2026,700,2026-09-13,A,A,ADMIT-NORMAL-REFERENCE,OPERATOR-OFFICIAL,https://www.thsrc.com.tw/ArticleContent/743c51ac-124d-4b1a-a57b-1fd820848032,"Current THSR official ordinary/full-fare table; same OD pair, standard carriage, reserved ordinary full fare.",Web research,Batch5/6 exact pair research,行 / 民營交通服務,台灣高鐵,台北→台中 標準車廂對號座全票,HO600-WIP
HO600-B56-01500,NEW-MOB-THSR-TPE-TNN,,SHORTFALL-SEARCH-B5B6,BASELINE_2020,2020,1350,2020-02-11,B,A,ADMIT-NORMAL-REFERENCE,PRIVATE-DATED-CONSUMER,https://www.ptt.cc/man/HelpBuy/D91/DB35/DA39/D89F/M.1581531282.A.FBB.html,Dated 2020 post directly lists the THSR standard-carriage base fare before a separate service fee; no discount back-calculation.,Web research,Batch5/6 exact pair research,行 / 民營交通服務,台灣高鐵,台北→台南 標準車廂對號座全票,HO600-WIP
HO600-B56-01501,NEW-MOB-THSR-TPE-TNN,,SHORTFALL-SEARCH-B5B6,CURRENT_2026,2026,1350,2026-09-13,A,A,ADMIT-NORMAL-REFERENCE,OPERATOR-OFFICIAL,https://www.thsrc.com.tw/ArticleContent/743c51ac-124d-4b1a-a57b-1fd820848032,"Current THSR official ordinary/full-fare table; same OD pair, standard carriage, reserved ordinary full fare.",Web research,Batch5/6 exact pair research,行 / 民營交通服務,台灣高鐵,台北→台南 標準車廂對號座全票,HO600-WIP
HO600-B56-01502,NEW-MOB-THSR-TPE-ZUY,,SHORTFALL-SEARCH-B5B6,BASELINE_2020,2020,1490,2020-02-11,B,A,ADMIT-NORMAL-REFERENCE,PRIVATE-DATED-CONSUMER,https://www.ptt.cc/man/HelpBuy/D91/DB35/DA39/D89F/M.1581531282.A.FBB.html,Dated 2020 post directly lists the THSR standard-carriage base fare before a separate service fee; no discount back-calculation.,Web research,Batch5/6 exact pair research,行 / 民營交通服務,台灣高鐵,台北→左營 標準車廂對號座全票,HO600-WIP
HO600-B56-01503,NEW-MOB-THSR-TPE-ZUY,,SHORTFALL-SEARCH-B5B6,CURRENT_2026,2026,1490,2026-09-13,A,A,ADMIT-NORMAL-REFERENCE,OPERATOR-OFFICIAL,https://www.thsrc.com.tw/ArticleContent/743c51ac-124d-4b1a-a57b-1fd820848032,"Current THSR official ordinary/full-fare table; same OD pair, standard carriage, reserved ordinary full fare.",Web research,Batch5/6 exact pair research,行 / 民營交通服務,台灣高鐵,台北→左營 標準車廂對號座全票,HO600-WIP
HO600-B56-01504,NEW-MOB-THSR-NAG-TNN,,SHORTFALL-SEARCH-B5B6,BASELINE_2020,2020,1390,2020-02-11,B,A,ADMIT-NORMAL-REFERENCE,PRIVATE-DATED-CONSUMER,https://www.ptt.cc/man/HelpBuy/D91/DB35/DA39/D89F/M.1581531282.A.FBB.html,Dated 2020 post directly lists the THSR standard-carriage base fare before a separate service fee; no discount back-calculation.,Web research,Batch5/6 exact pair research,行 / 民營交通服務,台灣高鐵,南港→台南 標準車廂對號座全票,HO600-WIP
HO600-B56-01505,NEW-MOB-THSR-NAG-TNN,,SHORTFALL-SEARCH-B5B6,CURRENT_2026,2026,1390,2026-09-13,A,A,ADMIT-NORMAL-REFERENCE,OPERATOR-OFFICIAL,https://www.thsrc.com.tw/ArticleContent/743c51ac-124d-4b1a-a57b-1fd820848032,"Current THSR official ordinary/full-fare table; same OD pair, standard carriage, reserved ordinary full fare.",Web research,Batch5/6 exact pair research,行 / 民營交通服務,台灣高鐵,南港→台南 標準車廂對號座全票,HO600-WIP
HO600-B56-01506,NEW-MOB-THSR-NAG-ZUY,,SHORTFALL-SEARCH-B5B6,BASELINE_2020,2020,1530,2020-02-11,B,A,ADMIT-NORMAL-REFERENCE,PRIVATE-DATED-CONSUMER,https://www.ptt.cc/man/HelpBuy/D91/DB35/DA39/D89F/M.1581531282.A.FBB.html,Dated 2020 post directly lists the THSR standard-carriage base fare before a separate service fee; no discount back-calculation.,Web research,Batch5/6 exact pair research,行 / 民營交通服務,台灣高鐵,南港→左營 標準車廂對號座全票,HO600-WIP
HO600-B56-01507,NEW-MOB-THSR-NAG-ZUY,,SHORTFALL-SEARCH-B5B6,CURRENT_2026,2026,1530,2026-09-13,A,A,ADMIT-NORMAL-REFERENCE,OPERATOR-OFFICIAL,https://www.thsrc.com.tw/ArticleContent/743c51ac-124d-4b1a-a57b-1fd820848032,"Current THSR official ordinary/full-fare table; same OD pair, standard carriage, reserved ordinary full fare.",Web research,Batch5/6 exact pair research,行 / 民營交通服務,台灣高鐵,南港→左營 標準車廂對號座全票,HO600-WIP
HO600-B56-01508,NEW-EDU-BOOK-SOCIOLOGY-PROD000011930,,SHORTFALL-SEARCH-B5B6,BASELINE_2020,2020,360,2020-08-04,A,A,ADMIT-NORMAL-REFERENCE,PUBLISHER-OFFICIAL-DATED-PRODUCT,https://www.businessweekly.com.tw/bookshop/book/product?prodNo=PROD000011930,Official publisher/store page identifies a 2020 publication date and normal 定價; current discount is excluded.,Web research,Batch5/6 exact pair research,育 / 書籍,商業周刊,社會學的想像,HO600-WIP
HO600-B56-01509,NEW-EDU-BOOK-SOCIOLOGY-PROD000011930,,SHORTFALL-SEARCH-B5B6,CURRENT_2026,2026,360,2026-09-13,A,A,ADMIT-NORMAL-REFERENCE,PUBLISHER-OFFICIAL,https://www.businessweekly.com.tw/bookshop/book/product?prodNo=PROD000011930,Current publisher/store page still lists the same edition and normal 定價; promotional selling price excluded.,Web research,Batch5/6 exact pair research,育 / 書籍,商業周刊,社會學的想像,HO600-WIP
HO600-B56-01510,NEW-EDU-BOOK-STRATEGY-PROD000011617,,SHORTFALL-SEARCH-B5B6,BASELINE_2020,2020,800,2020-04-30,A,A,ADMIT-NORMAL-REFERENCE,PUBLISHER-OFFICIAL-DATED-PRODUCT,https://www.businessweekly.com.tw/bookshop/book/product?prodNo=PROD000011617,Official publisher/store page identifies a 2020 publication date and normal 定價; current discount is excluded.,Web research,Batch5/6 exact pair research,育 / 書籍,商業周刊,戰略大歷史,HO600-WIP
HO600-B56-01511,NEW-EDU-BOOK-STRATEGY-PROD000011617,,SHORTFALL-SEARCH-B5B6,CURRENT_2026,2026,800,2026-09-13,A,A,ADMIT-NORMAL-REFERENCE,PUBLISHER-OFFICIAL,https://www.businessweekly.com.tw/bookshop/book/product?prodNo=PROD000011617,Current publisher/store page still lists the same edition and normal 定價; promotional selling price excluded.,Web research,Batch5/6 exact pair research,育 / 書籍,商業周刊,戰略大歷史,HO600-WIP
HO600-B56-01512,NEW-EDU-BOOK-OBAMA-PROD000012391,,SHORTFALL-SEARCH-B5B6,BASELINE_2020,2020,850,2020-11-19,A,A,ADMIT-NORMAL-REFERENCE,PUBLISHER-OFFICIAL-DATED-PRODUCT,https://www.businessweekly.com.tw/bookshop/book/product?ftag=bwcom&prodNo=PROD000012391,Official publisher/store page identifies a 2020 publication date and normal 定價; current discount is excluded.,Web research,Batch5/6 exact pair research,育 / 書籍,商業周刊,應許之地：歐巴馬回憶錄,HO600-WIP
HO600-B56-01513,NEW-EDU-BOOK-OBAMA-PROD000012391,,SHORTFALL-SEARCH-B5B6,CURRENT_2026,2026,850,2026-09-13,A,A,ADMIT-NORMAL-REFERENCE,PUBLISHER-OFFICIAL,https://www.businessweekly.com.tw/bookshop/book/product?ftag=bwcom&prodNo=PROD000012391,Current publisher/store page still lists the same edition and normal 定價; promotional selling price excluded.,Web research,Batch5/6 exact pair research,育 / 書籍,商業周刊,應許之地：歐巴馬回憶錄,HO600-WIP
HO600-B56-01514,NEW-EDU-BOOK-FINANCE-PROD000011929,,SHORTFALL-SEARCH-B5B6,BASELINE_2020,2020,420,2020-08-05,A,A,ADMIT-NORMAL-REFERENCE,PUBLISHER-OFFICIAL-DATED-PRODUCT,https://www.businessweekly.com.tw/bookshop/book/product?prodNo=PROD000011929,Official publisher/store page identifies a 2020 publication date and normal 定價; current discount is excluded.,Web research,Batch5/6 exact pair research,育 / 書籍,商業周刊,大會計師教你從財報數字看懂產業本質,HO600-WIP
HO600-B56-01515,NEW-EDU-BOOK-FINANCE-PROD000011929,,SHORTFALL-SEARCH-B5B6,CURRENT_2026,2026,420,2026-09-13,A,A,ADMIT-NORMAL-REFERENCE,PUBLISHER-OFFICIAL,https://www.businessweekly.com.tw/bookshop/book/product?prodNo=PROD000011929,Current publisher/store page still lists the same edition and normal 定價; promotional selling price excluded.,Web research,Batch5/6 exact pair research,育 / 書籍,商業周刊,大會計師教你從財報數字看懂產業本質,HO600-WIP
HO600-B56-01516,NEW-EDU-BOOK-NUMBERPHOBIC-PROD000011852,,SHORTFALL-SEARCH-B5B6,BASELINE_2020,2020,360,2020-07-16,A,A,ADMIT-NORMAL-REFERENCE,PUBLISHER-OFFICIAL-DATED-PRODUCT,https://www.businessweekly.com.tw/bookshop/book/product?prodNo=PROD000011852,Official publisher/store page identifies a 2020 publication date and normal 定價; current discount is excluded.,Web research,Batch5/6 exact pair research,育 / 書籍,商業周刊,財務報表，中小企業賺錢神器,HO600-WIP
HO600-B56-01517,NEW-EDU-BOOK-NUMBERPHOBIC-PROD000011852,,SHORTFALL-SEARCH-B5B6,CURRENT_2026,2026,360,2026-09-13,A,A,ADMIT-NORMAL-REFERENCE,PUBLISHER-OFFICIAL,https://www.businessweekly.com.tw/bookshop/book/product?prodNo=PROD000011852,Current publisher/store page still lists the same edition and normal 定價; promotional selling price excluded.,Web research,Batch5/6 exact pair research,育 / 書籍,商業周刊,財務報表，中小企業賺錢神器,HO600-WIP
HO600-B56-01518,NEW-EDU-GEPT-ELEMENTARY-LR,,SHORTFALL-SEARCH-B5B6,BASELINE_2020,2020,530,2020,B,A,ADMIT-NORMAL-REFERENCE,OFFICIAL-DOCUMENT-MIRROR,https://www.tkgsh.tn.edu.tw/uploads/1572568654372Em3R11Ii.pdf,"2020 GEPT schedule document (LTTC copyright, school-hosted mirror) explicitly lists the standard listening/reading registration fee for this level; PDF page image was checked where available.",Web research,Batch5/6 exact pair research,育 / 技能／證照,GEPT 全民英檢,全民英檢 GEPT 初級聽讀一般報名費,HO600-WIP
HO600-B56-01519,NEW-EDU-GEPT-ELEMENTARY-LR,,SHORTFALL-SEARCH-B5B6,CURRENT_2026,2026,600,2026-09-13,A,A,ADMIT-NORMAL-REFERENCE,SERVICE-OFFICIAL,https://www.gept.org.tw/GEPT1/gepttestdate.aspx,Current GEPT official schedule lists the standard listening/reading fee for the same level.,Web research,Batch5/6 exact pair research,育 / 技能／證照,GEPT 全民英檢,全民英檢 GEPT 初級聽讀一般報名費,HO600-WIP
HO600-B56-01520,NEW-EDU-GEPT-INTERMEDIATE-LR,,SHORTFALL-SEARCH-B5B6,BASELINE_2020,2020,750,2020,B,A,ADMIT-NORMAL-REFERENCE,OFFICIAL-DOCUMENT-MIRROR,https://www.tkgsh.tn.edu.tw/uploads/1572568654372Em3R11Ii.pdf,"2020 GEPT schedule document (LTTC copyright, school-hosted mirror) explicitly lists the standard listening/reading registration fee for this level; PDF page image was checked where available.",Web research,Batch5/6 exact pair research,育 / 技能／證照,GEPT 全民英檢,全民英檢 GEPT 中級聽讀一般報名費,HO600-WIP
HO600-B56-01521,NEW-EDU-GEPT-INTERMEDIATE-LR,,SHORTFALL-SEARCH-B5B6,CURRENT_2026,2026,850,2026-09-13,A,A,ADMIT-NORMAL-REFERENCE,SERVICE-OFFICIAL,https://www.gept.org.tw/GEPT1/gepttestdate.aspx?sdnkcvrwe=Intermediate,Current GEPT official schedule lists the standard listening/reading fee for the same level.,Web research,Batch5/6 exact pair research,育 / 技能／證照,GEPT 全民英檢,全民英檢 GEPT 中級聽讀一般報名費,HO600-WIP
HO600-B56-01522,NEW-EDU-GEPT-HIGHINTERMEDIATE-LR,,SHORTFALL-SEARCH-B5B6,BASELINE_2020,2020,920,2020,B,A,ADMIT-NORMAL-REFERENCE,OFFICIAL-DOCUMENT-MIRROR,https://www.tkgsh.tn.edu.tw/uploads/1572568654372Em3R11Ii.pdf,"2020 GEPT schedule document (LTTC copyright, school-hosted mirror) explicitly lists the standard listening/reading registration fee for this level; PDF page image was checked where available.",Web research,Batch5/6 exact pair research,育 / 技能／證照,GEPT 全民英檢,全民英檢 GEPT 中高級聽讀一般報名費,HO600-WIP
HO600-B56-01523,NEW-EDU-GEPT-HIGHINTERMEDIATE-LR,,SHORTFALL-SEARCH-B5B6,CURRENT_2026,2026,1050,2026-09-13,A,A,ADMIT-NORMAL-REFERENCE,SERVICE-OFFICIAL,https://www.gept.org.tw/GEPT1/gepttestdate.aspx?sdnkcvrwe=High-Intermediate,Current GEPT official schedule lists the standard listening/reading fee for the same level.,Web research,Batch5/6 exact pair research,育 / 技能／證照,GEPT 全民英檢,全民英檢 GEPT 中高級聽讀一般報名費,HO600-WIP
HO600-B56-01524,NEW-CLOTH-VANS-OLDSKOOL-VN000D3HY28,,SHORTFALL-SEARCH-B5B6,BASELINE_2020,2020,2380,2020,B,A,ADMIT-NORMAL-REFERENCE,PRIVATE-DATED-MARKETPLACE,https://www.rakuten.com.tw/event/hotsale/,"2020 annual hot-sale page explicitly shows normal price 2,380 and promo 1,580; normal price is used.",Web research,Batch5/6 exact pair research,衣 / 鞋,VANS,Old Skool 黑白經典休閒鞋 VN000D3HY28,HO600-WIP
HO600-B56-01525,NEW-CLOTH-VANS-OLDSKOOL-VN000D3HY28,,SHORTFALL-SEARCH-B5B6,CURRENT_2026,2026,2080,2026-09-13,B,A,ADMIT-NORMAL-REFERENCE,PRIVATE-RETAIL-LIST,https://24h.pchome.com.tw/prod/DXBW1F-A900BKEV4,"Current page identifies exact model VN000D3HY28 and 定價 2,080; current discount price is excluded.",Web research,Batch5/6 exact pair research,衣 / 鞋,VANS,Old Skool 黑白經典休閒鞋 VN000D3HY28,HO600-WIP
HO600-B56-01526,NEW-CLOTH-NIID-R1,,SHORTFALL-SEARCH-B5B6,BASELINE_2020,2020,2880,2020,B,A,ADMIT-NORMAL-REFERENCE,PRIVATE-DATED-MARKETPLACE,https://www.rakuten.com.tw/event/hotsale/,"2020 annual hot-sale page explicitly shows normal price 2,880 and promo 2,080; normal price is used.",Web research,Batch5/6 exact pair research,衣 / 包袋／配件,NIID,R1 極速行動單肩包,HO600-WIP
HO600-B56-01527,NEW-CLOTH-NIID-R1,,SHORTFALL-SEARCH-B5B6,CURRENT_2026,2026,2880,2026-09-13,A,A,ADMIT-NORMAL-REFERENCE,BRAND-OFFICIAL,https://www.niid.com.tw/products/r1,"Current NIID official page shows original/list price NT$2,880 and sale price NT$2,180; original/list price is used.",Web research,Batch5/6 exact pair research,衣 / 包袋／配件,NIID,R1 極速行動單肩包,HO600-WIP
HO600-B56-01528,NEW-HOME-SPRING-TISSUE-110X72,,SHORTFALL-SEARCH-B5B6,BASELINE_2020,2020,1550,2020,B,A,ADMIT-NORMAL-REFERENCE,PRIVATE-DATED-MARKETPLACE,https://www.rakuten.com.tw/event/hotsale/,"2020 annual hot-sale page shows normal price 1,550 and promo 749 for the exact 110抽/72包/箱 specification; normal price is used.",Web research,Batch5/6 exact pair research,住／家用 / 紙品,春風,春風超細柔抽取式衛生紙 110抽×72包/箱,HO600-WIP
HO600-B56-01529,NEW-HOME-SPRING-TISSUE-110X72,,SHORTFALL-SEARCH-B5B6,CURRENT_2026,2026,1199,2026-09-13,B,A,ADMIT-NORMAL-REFERENCE,PRIVATE-RETAIL-LIST,https://www.momoshop.com.tw/product/11273420,"Current momo page explicitly labels 市售價 NT$1,199 and 促銷價 NT$990 for exact 110抽×72包/箱; 市售價 is used.",Web research,Batch5/6 exact pair research,住／家用 / 紙品,春風,春風超細柔抽取式衛生紙 110抽×72包/箱,HO600-WIP
HO600-B56-01530,NEW-HOME-DANDELION-HANDTOWEL-200X20,,SHORTFALL-SEARCH-B5B6,BASELINE_2020,2020,650,2020,B,A,ADMIT-NORMAL-REFERENCE,PRIVATE-DATED-MARKETPLACE,https://www.rakuten.com.tw/event/hotsale/,2020 annual hot-sale page shows normal price 650 and promo 460 for exact 200張/20包/箱; normal price is used.,Web research,Batch5/6 exact pair research,住／家用 / 紙品,蒲公英,蒲公英環保擦手紙 200抽×20包/箱,HO600-WIP
HO600-B56-01531,NEW-HOME-DANDELION-HANDTOWEL-200X20,,SHORTFALL-SEARCH-B5B6,CURRENT_2026,2026,850,2026-09-13,B,A,ADMIT-NORMAL-REFERENCE,PRIVATE-RETAIL-LIST,https://www.momoshop.com.tw/product/15053387,Current momo page explicitly labels 市售價 NT$850 and 促銷價 NT$675 for exact 200抽×20包/箱; 市售價 is used.,Web research,Batch5/6 exact pair research,住／家用 / 紙品,蒲公英,蒲公英環保擦手紙 200抽×20包/箱,HO600-WIP
HO600-B56-01532,NEW-PERSONAL-3M-FLOSS-1000,,SHORTFALL-SEARCH-B5B6,BASELINE_2020,2020,999,2020,B,A,ADMIT-NORMAL-REFERENCE,PRIVATE-DATED-MARKETPLACE,https://www.rakuten.com.tw/event/hotsale/,2020 annual hot-sale page lists exact 1000支 single-pack product at 999; no lower effective promo price is substituted.,Web research,Batch5/6 exact pair research,日常／個人 / 盥洗／衛生用品,3M,3M 細滑牙線棒 單支獨立包裝 1000支,HO600-WIP
HO600-B56-01533,NEW-PERSONAL-3M-FLOSS-1000,,SHORTFALL-SEARCH-B5B6,CURRENT_2026,2026,1699,2026-09-13,A,A,ADMIT-NORMAL-REFERENCE,BRAND-OFFICIAL,https://shop.3m.com.tw/SalePage/Index/8781099,"Current 3M official shop page shows NT$1,699 list/original and NT$1,351 sale; list/original price is used.",Web research,Batch5/6 exact pair research,日常／個人 / 盥洗／衛生用品,3M,3M 細滑牙線棒 單支獨立包裝 1000支,HO600-WIP
HO600-B56-01534,NEW-HOME-SHUTER-FB6432S,,SHORTFALL-SEARCH-B5B6,BASELINE_2020,2020,999,2020,B,A,ADMIT-NORMAL-REFERENCE,PRIVATE-DATED-MARKETPLACE,https://www.rakuten.com.tw/event/hotsale/,2020 annual hot-sale page shows normal price 999 and promo 769 for model 6432S; normal price is used.,Web research,Batch5/6 exact pair research,住／家用 / 家居／收納／小家具,SHUTER,FB-6432S CARGO直接拿貨櫃收納箱,HO600-WIP
HO600-B56-01535,NEW-HOME-SHUTER-FB6432S,,SHORTFALL-SEARCH-B5B6,CURRENT_2026,2026,1180,2026-09-13,A,A,ADMIT-NORMAL-REFERENCE,BRAND-OFFICIAL,https://shuter.com.tw/tw/event/container,"Current SHUTER official page lists FB-6432S at NT$1,180.",Web research,Batch5/6 exact pair research,住／家用 / 家居／收納／小家具,SHUTER,FB-6432S CARGO直接拿貨櫃收納箱,HO600-WIP
HO600-B56-01536,NEW-EDU-IKEA-MALA-70193316,,SHORTFALL-SEARCH-B5B6,BASELINE_2020,2020,99,2020-10-20,A,A,ADMIT-NORMAL-REFERENCE,BRAND-OFFICIAL-DATED-PDF,https://www.ikea.com.tw/dairyfarm/tw/uploader/pdf/1603441021_138.pdf,"IKEA Taiwan official 2020-10-20 press PDF lists MÅLA 12件裝, product no. 701.933.16, at NT$99; page image was checked.",Web research,Batch5/6 exact pair research,育 / 文具,IKEA,MÅLA 彩色筆 12件裝,HO600-WIP
HO600-B56-01537,NEW-EDU-IKEA-MALA-70193316,,SHORTFALL-SEARCH-B5B6,CURRENT_2026,2026,149,2026-09-13,A,A,ADMIT-NORMAL-REFERENCE,BRAND-OFFICIAL,https://www.ikea.com.tw/zh/products/kids-toys/creativity/mala-art-70193316,"Current IKEA Taiwan official page lists the same product no. 701.933.16, 12件裝, at NT$149.",Web research,Batch5/6 exact pair research,育 / 文具,IKEA,MÅLA 彩色筆 12件裝,HO600-WIP
HO600-B7-01538,NEW-LEISURE-NINE-ADULT,,SHORTFALL-SEARCH-B7,BASELINE_2020,2020,850,2020-03-09,A,A,ADMIT-NORMAL-REFERENCE,OPERATOR-OFFICIAL-DATED-PDF,https://www.nine.com.tw/upload/doc/202003091336550.pdf,Nine official 2020 dated PDF ticket table lists personal full/adult ticket at the normal reference; no promotional effective price is used.,Web research,Batch7 exact pair research,樂 / 樂園／休閒,九族文化村,成人票（一般入園）,HO600-WIP
HO600-B7-01539,NEW-LEISURE-NINE-ADULT,,SHORTFALL-SEARCH-B7,CURRENT_2026,2026,1100,2026-09-14,A,A,ADMIT-NORMAL-REFERENCE,OPERATOR-OFFICIAL,https://www.nine.com.tw/page/about/index.aspx?kind=235&lang=TW,Current official ticket page lists the adult admission reference; temporary anniversary special price is excluded.,Web research,Batch7 exact pair research,樂 / 樂園／休閒,九族文化村,成人票（一般入園）,HO600-WIP
HO600-B7-01540,NEW-LEISURE-EDA-ADULT,,SHORTFALL-SEARCH-B7,BASELINE_2020,2020,899,2020-01-25,B,A,ADMIT-NORMAL-REFERENCE,PRIVATE-DATED-PAYMENT-PARTNER,https://event-web.line.me/ectw/v2/article/GWMRaZ,"LINE Pay dated 2020 partner page states the second-person promotion requires one person to buy the on-site full ticket; the on-site normal full-ticket reference is used, not the discounted second ticket.",Web research,Batch7 exact pair research,樂 / 樂園／休閒,義大遊樂世界,成人全票,HO600-WIP
HO600-B7-01541,NEW-LEISURE-EDA-ADULT,,SHORTFALL-SEARCH-B7,CURRENT_2026,2026,1080,2026-09-14,A,A,ADMIT-NORMAL-REFERENCE,OPERATOR-OFFICIAL,https://www.edathemepark.com.tw/Info,Current E-DA official ticket page lists the on-site full ticket for adults 19+; afternoon and preferential tickets are excluded.,Web research,Batch7 exact pair research,樂 / 樂園／休閒,義大遊樂世界,成人全票,HO600-WIP
HO600-B7-01542,NEW-LEISURE-LEOFOO-ADULT,,SHORTFALL-SEARCH-B7,BASELINE_2020,2020,999,2020-06,B,A,ADMIT-NORMAL-REFERENCE,PRIVATE-DATED-OFFER-ARCHIVE,https://goodlife.tw/topics/184344-%E5%85%AD%E7%A6%8F%E6%9D%91-%E5%A4%8F%E5%AD%A3%E6%9C%80%E5%BC%B7%E8%81%AF%E7%A5%A8-6-1~7-14-%E8%B2%B7%E5%8E%9F%E5%83%B9%E7%A5%A8%E9%80%81%E7%BE%A9%E5%A4%A7%E4%B8%96%E7%95%8C%E5%85%A8%E7%A5%A8,Dated 2020 private offer archive explicitly says the adult ticket is purchased at original price; the gifted E-DA ticket is ignored and only the normal Leofoo adult land-park price is recorded.,Web research,Batch7 exact pair research,樂 / 樂園／休閒,六福村主題遊樂園,成人票（主題遊樂園）,HO600-WIP
HO600-B7-01543,NEW-LEISURE-LEOFOO-ADULT,,SHORTFALL-SEARCH-B7,CURRENT_2026,2026,1400,2026-09-14,B,A,ADMIT-NORMAL-REFERENCE,PRIVATE-CURRENT-TRAVEL-REFERENCE,https://travelpark.tw/leofoo_village_theme_park/,Current 2026 travel reference lists the on-site adult price for the theme park including zoo; online platform discounts are excluded.,Web research,Batch7 exact pair research,樂 / 樂園／休閒,六福村主題遊樂園,成人票（主題遊樂園）,HO600-WIP
HO600-B7-01544,NEW-LEISURE-JANFUSUN-ADULT,,SHORTFALL-SEARCH-B7,BASELINE_2020,2020,899,2020-06-23,B,A,ADMIT-NORMAL-REFERENCE,PRIVATE-DATED-MEDIA,https://www.chinatimes.com/amp/realtimenews/20200623002825-260405,Dated 2020 media report explicitly states the normal/original ticket reference while describing temporary ID-number discounts; only the original reference is recorded.,Web research,Batch7 exact pair research,樂 / 樂園／休閒,劍湖山世界,成人全票（水陸一票）,HO600-WIP
HO600-B7-01545,NEW-LEISURE-JANFUSUN-ADULT,,SHORTFALL-SEARCH-B7,CURRENT_2026,2026,1199,2026-09-14,A,A,ADMIT-NORMAL-REFERENCE,OPERATOR-OFFICIAL,https://www.janfusun.com.tw/html/page/index.php?cid=5&unid=2,Current official tariff lists the normal full adult ticket and separately shows a promotional price; the normal full ticket is used. Official notes specify water-and-land admission.,Web research,Batch7 exact pair research,樂 / 樂園／休閒,劍湖山世界,成人全票（水陸一票）,HO600-WIP
HO600-B7-01546,NEW-LEISURE-LIHPAO-DISCOVERY-ADULT,,SHORTFALL-SEARCH-B7,BASELINE_2020,2020,900,2020,B,A,ADMIT-NORMAL-REFERENCE,PRIVATE-DATED-CORPORATE-PARTNER-PDF,https://www.esunfhc.com/zh-tw/-/media/ESUNFHC/Files/Smile-Esun/2020/smile166PDF.pdf,E.Sun 2020 corporate partner publication lists Discovery World/Marla Bay one-park offer with an explicit original full-ticket reference; the original normal price is used and card discount excluded.,Web research,Batch7 exact pair research,樂 / 樂園／休閒,麗寶樂園,探索世界 成人全票,HO600-WIP
HO600-B7-01547,NEW-LEISURE-LIHPAO-DISCOVERY-ADULT,,SHORTFALL-SEARCH-B7,CURRENT_2026,2026,1300,2026-09-14,A,A,ADMIT-NORMAL-REFERENCE,OPERATOR-OFFICIAL,https://www.lihpaoresort.com/LihpaolandApp/ticket/discover,"Current official Discovery World tariff labels both original and offered ticket price; HO600 records the original/normal adult full-ticket reference, not the lower offered price.",Web research,Batch7 exact pair research,樂 / 樂園／休閒,麗寶樂園,探索世界 成人全票,HO600-WIP
HO600-B7-01548,NEW-LEISURE-DINGDONG-ADULT,,SHORTFALL-SEARCH-B7,BASELINE_2020,2020,500,2020,B,A,ADMIT-NORMAL-REFERENCE,PRIVATE-DATED-MEDIA,https://news.housefun.com.tw/news/article/123161250706.html,Dated 2020 media article explicitly distinguishes the promotional adult full ticket from its original price; only the original normal price is recorded.,Web research,Batch7 exact pair research,樂 / 樂園／休閒,小叮噹科學主題樂園,成人全票,HO600-WIP
HO600-B7-01549,NEW-LEISURE-DINGDONG-ADULT,,SHORTFALL-SEARCH-B7,CURRENT_2026,2026,760,2026-09-14,A,A,ADMIT-NORMAL-REFERENCE,OPERATOR-OFFICIAL,https://www.ding-dong.com.tw/dingdonginfo/2,Current official admission table lists individual full ticket separately from group/local/monthly offers; the individual normal full ticket is used.,Web research,Batch7 exact pair research,樂 / 樂園／休閒,小叮噹科學主題樂園,成人全票,HO600-WIP
HO600-B7-01550,NEW-LEISURE-XPARK-ADULT,,SHORTFALL-SEARCH-B7,BASELINE_2020,2020,550,2020,B,A,ADMIT-NORMAL-REFERENCE,PRIVATE-DATED-MEDIA,https://www.tatlerasia.com/lifestyle/travel/%E6%A1%83%E5%9C%92xpark%E6%B0%B4%E6%97%8F%E9%A4%A8,2020 opening-period media coverage lists the standard adult Xpark ticket and age class; no promotion-derived effective price is used.,Web research,Batch7 exact pair research,樂 / 體驗／休閒場館,Xpark,成人票,HO600-WIP
HO600-B7-01551,NEW-LEISURE-XPARK-ADULT,,SHORTFALL-SEARCH-B7,CURRENT_2026,2026,600,2026-09-14,A,A,ADMIT-NORMAL-REFERENCE,OPERATOR-OFFICIAL,https://www.xpark.com.tw/ticket,Current official Xpark ticket page lists on-site adult admission for age 18+; group prices are excluded.,Web research,Batch7 exact pair research,樂 / 體驗／休閒場館,Xpark,成人票,HO600-WIP
HO600-B7-01552,NEW-LEISURE-TAIPEI101-ADULT,,SHORTFALL-SEARCH-B7,BASELINE_2020,2020,600,2020-08-26,B,A,ADMIT-NORMAL-REFERENCE,PRIVATE-DATED-TRAVEL-MEDIA,https://blog.mook.com.tw/article/desc/200000486,Dated 2020 travel media explicitly states the normal Taipei 101 Observatory price while discussing temporary Taiwan-resident discounts; the normal reference is used.,Web research,Batch7 exact pair research,樂 / 體驗／休閒場館,台北101,觀景台一般成人票,HO600-WIP
HO600-B7-01553,NEW-LEISURE-TAIPEI101-ADULT,,SHORTFALL-SEARCH-B7,CURRENT_2026,2026,600,2026-09-14,A,A,ADMIT-NORMAL-REFERENCE,OPERATOR-OFFICIAL,https://www.taipei-101.com.tw/tw/observatory/ticket,Current official page lists standard adult general ticket for 89F and 88F; fast-track and Skyline 460 products are excluded.,Web research,Batch7 exact pair research,樂 / 體驗／休閒場館,台北101,觀景台一般成人票,HO600-WIP
HO600-B7-01554,NEW-LEISURE-LIHPAO-SKYDREAM-ADULT,,SHORTFALL-SEARCH-B7,BASELINE_2020,2020,350,2020,B,A,ADMIT-NORMAL-REFERENCE,PRIVATE-DATED-CORPORATE-PARTNER-PDF,https://www.esunfhc.com/zh-tw/-/media/ESUNFHC/Files/Smile-Esun/2020/smile166PDF.pdf,E.Sun 2020 corporate partner publication lists Sky Dream ride offer and explicitly states its original full-ticket reference; the discounted cardholder price is excluded.,Web research,Batch7 exact pair research,樂 / 體驗／休閒場館,麗寶天空之夢,天空之夢一般車廂全票,HO600-WIP
HO600-B7-01555,NEW-LEISURE-LIHPAO-SKYDREAM-ADULT,,SHORTFALL-SEARCH-B7,CURRENT_2026,2026,350,2026-09-14,A,A,ADMIT-NORMAL-REFERENCE,OPERATOR-OFFICIAL,https://www.lihpaoresort.com/LihpaolandApp/ticket/skydream,"Current official Sky Dream tariff lists the general-cabin full ticket at original/normal price; weekday special, fast-track and themed-cabin products are excluded.",Web research,Batch7 exact pair research,樂 / 體驗／休閒場館,麗寶天空之夢,天空之夢一般車廂全票,HO600-WIP
HO600-B7-01556,NEW-LEISURE-APPLETV-MONTHLY,,SHORTFALL-SEARCH-B7,BASELINE_2020,2020,170,2020-10,A,A,ADMIT-NORMAL-REFERENCE,BRAND-OFFICIAL-DATED-NEWSROOM,https://www.apple.com/tw/newsroom/2020/10/all-new-ipad-air-with-advanced-a14-bionic-chip-available-to-order-starting-today/,Apple Taiwan 2020 newsroom footnote states the monthly Apple TV+ subscription after the free trial; device trial entitlement is excluded.,Web research,Batch7 exact pair research,樂 / 串流影音／音樂,Apple,Apple TV（原 Apple TV+）月訂閱,HO600-WIP
HO600-B7-01557,NEW-LEISURE-APPLETV-MONTHLY,,SHORTFALL-SEARCH-B7,CURRENT_2026,2026,250,2026-09-14,A,A,ADMIT-NORMAL-REFERENCE,BRAND-OFFICIAL,https://www.apple.com/tw/apple-tv/,"Current Apple Taiwan page states the monthly Apple TV subscription after the free trial; this is the same subscription lineage previously branded Apple TV+, while Apple One and student bundled access are excluded.",Web research,Batch7 exact pair research,樂 / 串流影音／音樂,Apple,Apple TV（原 Apple TV+）月訂閱,HO600-WIP
HO600-B7-01558,NEW-LEISURE-APPLE-ARCADE-MONTHLY,,SHORTFALL-SEARCH-B7,BASELINE_2020,2020,170,2020-10,A,A,ADMIT-NORMAL-REFERENCE,BRAND-OFFICIAL-DATED-NEWSROOM,https://www.apple.com/tw/newsroom/2020/10/all-new-ipad-air-with-advanced-a14-bionic-chip-available-to-order-starting-today/,Apple Taiwan 2020 newsroom footnote states the monthly Apple Arcade subscription after the free trial; trial entitlement is excluded.,Web research,Batch7 exact pair research,樂 / 遊戲／數位娛樂,Apple,Apple Arcade 月訂閱,HO600-WIP
HO600-B7-01559,NEW-LEISURE-APPLE-ARCADE-MONTHLY,,SHORTFALL-SEARCH-B7,CURRENT_2026,2026,220,2026-09-14,A,A,ADMIT-NORMAL-REFERENCE,BRAND-OFFICIAL,https://www.apple.com/tw/apple-arcade/,Current Apple Taiwan page states the standard monthly Apple Arcade subscription; annual and Apple One bundle prices are excluded.,Web research,Batch7 exact pair research,樂 / 遊戲／數位娛樂,Apple,Apple Arcade 月訂閱,HO600-WIP
HO600-B8-01560,NEW-HOME-IKEA-PARKLA-10395384,,SHORTFALL-SEARCH-B8,BASELINE_2020,2020,69,2020-04-16,A,A,ADMIT-NORMAL-REFERENCE,BRAND-OFFICIAL-DATED-PDF,https://www.ikea.com.tw/dairyfarm/tw/uploader/pdf/1587452205_618.pdf,"IKEA Taiwan dated 2020-04-16 press release lists PÄRKLA NT$69 and product no. 103.953.84; ordinary product price, not a promotion-derived effective price.",Web research,Batch8 exact pair research,住／家用 / 家居／收納／小家具,IKEA,PÄRKLA 收納盒,HO600-WIP
HO600-B8-01561,NEW-HOME-IKEA-PARKLA-10395384,,SHORTFALL-SEARCH-B8,CURRENT_2026,2026,79,2026-09-14,A,A,ADMIT-NORMAL-REFERENCE,BRAND-OFFICIAL-CURRENT-PRODUCT,https://www.ikea.com.tw/zh/products/clothes-and-shoe-organisers-and-accessories/clothes-and-shoes-organisers/parkla-art-10395384,"Current IKEA Taiwan product page lists NT$79, 55×49×19cm, product no. 103.953.84; exact product-number match to 2020.",Web research,Batch8 exact pair research,住／家用 / 家居／收納／小家具,IKEA,PÄRKLA 收納盒,HO600-WIP
HO600-B8-01562,NEW-HOME-IKEA-VITVAL-60411273,,SHORTFALL-SEARCH-B8,BASELINE_2020,2020,6490,2020-10-20,A,A,ADMIT-NORMAL-REFERENCE,BRAND-OFFICIAL-DATED-PDF,https://www.ikea.com.tw/dairyfarm/tw/uploader/pdf/1603441021_138.pdf,"IKEA Taiwan dated 2020-10-20 press release lists VITVAL bunk-bed frame NT$6,490 and product no. 604.112.73.",Web research,Batch8 exact pair research,住／家用 / 家居／收納／小家具,IKEA,VITVAL 上下舖床框,HO600-WIP
HO600-B8-01563,NEW-HOME-IKEA-VITVAL-60411273,,SHORTFALL-SEARCH-B8,CURRENT_2026,2026,7499,2026-09-14,A,A,ADMIT-NORMAL-REFERENCE,BRAND-OFFICIAL-CURRENT-PRODUCT,https://www.ikea.com.tw/zh/products/kids-bedroom-furniture-and-accessories/childrens-sleep-furniture/vitval-art-60411273,"Current IKEA Taiwan page lists VITVAL 90×200cm at NT$7,499 and product no. 604.112.73; exact product-number match.",Web research,Batch8 exact pair research,住／家用 / 家居／收納／小家具,IKEA,VITVAL 上下舖床框,HO600-WIP
HO600-B8-01564,NEW-MOB-GOSHARE-WHITE-AFTER6-MIN,,SHORTFALL-SEARCH-B8,BASELINE_2020,2020,2.5,2020-06-30,A,A,ADMIT-NORMAL-REFERENCE,OPERATOR-OFFICIAL-DATED-EVENT,https://www.event.ridegoshare.com/go-now-rate,2020 GoShare operator page discounts only the first-six-minute start price and explicitly states that from 6:01 normal charging is NT$2.5/min; promotional effective price is not used.,Web research,Batch8 exact pair research,行 / 共享交通,GoShare,白牌車第 7 分鐘起一般騎乘費率,HO600-WIP
HO600-B8-01565,NEW-MOB-GOSHARE-WHITE-AFTER6-MIN,,SHORTFALL-SEARCH-B8,CURRENT_2026,2026,3,2026-09-14,A,A,ADMIT-NORMAL-REFERENCE,OPERATOR-OFFICIAL-CURRENT,https://www.event.ridegoshare.com/pause-fee,"Current GoShare operator page states white-plate GoShare start price NT$30 for first 6 minutes, then riding-mode rate NT$3/min; pause-mode NT$1/min is explicitly excluded.",Web research,Batch8 exact pair research,行 / 共享交通,GoShare,白牌車第 7 分鐘起一般騎乘費率,HO600-WIP
HO600-B8-01566,NEW-MOB-THSR-BAN-TNN,,SHORTFALL-SEARCH-B8,BASELINE_2020,2020,1320,2020-02-11,B,A,ADMIT-NORMAL-REFERENCE,PRIVATE-DATED-CONSUMER,https://www.ptt.cc/man/HelpBuy/D91/DB35/DA39/D89F/M.1581531282.A.FBB.html,"Dated 2020 post states purchase price follows standard-carriage price and lists Banqiao↔Tainan NT$1,320 plus a separate NT$50 service fee; only the underlying standard fare is recorded.",Web research,Batch8 exact pair research,行 / 民營交通服務,台灣高鐵,板橋→台南 標準車廂對號座全票,HO600-WIP
HO600-B8-01567,NEW-MOB-THSR-BAN-TNN,,SHORTFALL-SEARCH-B8,CURRENT_2026,2026,1320,2026-09-14,A,A,ADMIT-NORMAL-REFERENCE,OPERATOR-OFFICIAL,https://www.thsrc.com.tw/ArticleContent/743c51ac-124d-4b1a-a57b-1fd820848032,"Current THSR official ordinary/full-fare table lists Banqiao→Tainan standard-carriage ordinary full fare NT$1,320; same OD and fare definition as 2020.",Web research,Batch8 exact pair research,行 / 民營交通服務,台灣高鐵,板橋→台南 標準車廂對號座全票,HO600-WIP
